race_date,course_code,race_no,closing_time_jst,first_created_at,last_created_at,last_updated_at,proxy_prediction_at,entry_count,safe_grade,reason
2026-07-01,2,1,10:47:00,2026-08-05T01:56:41.405109+00:00,2026-08-05T01:56:45.027035+00:00,2026-08-05T01:56:45.027035+00:00,,6,UNSAFE,entry_created_after_closing
2026-07-01,2,2,11:16:00,2026-08-05T01:56:41.405109+00:00,2026-08-05T01:56:43.516212+00:00,2026-08-05T01:56:43.516212+00:00,,6,UNSAFE,entry_created_after_closing
2026-07-01,2,3,11:45:00,2026-08-05T01:56:41.405109+00:00,2026-08-05T01:56:43.516212+00:00,2026-08-05T01:56:43.516212+00:00,,6,UNSAFE,entry_created_after_closing
2026-07-01,2,4,12:14:00,2026-08-05T01:56:41.405109+00:00,2026-08-05T01:56:43.516212+00:00,2026-08-05T01:56:43.516212+00:00,,6,UNSAFE,entry_created_after_closing
2026-07-01,2,5,12:44:00,2026-08-05T01:56:41.405109+00:00,2026-08-05T01:56:43.516212+00:00,2026-08-05T01:56:43.516212+00:00,,6,UNSAFE,entry_created_after_closing
2026-07-01,2,6,13:14:00,2026-08-05T01:56:41.405109+00:00,2026-08-05T01:56:43.516212+00:00,2026-08-05T01:56:43.516212+00:00,,6,UNSAFE,entry_created_after_closing
2026-07-01,2,7,13:45:00,2026-08-05T01:56:41.405109+00:00,2026-08-05T01:56:43.516212+00:00,2026-08-05T01:56:43.516212+00:00,,6,UNSAFE,entry_created_after_closing
2026-07-01,2,8,14:16:00,2026-08-05T01:56:41.405109+00:00,2026-08-05T01:56:45.027035+00:00,2026-08-05T01:56:45.027035+00:00,,6,UNSAFE,entry_created_after_closing
2026-07-01,2,9,14:48:00,2026-08-05T01:56:41.405109+00:00,2026-08-05T01:56:45.027035+00:00,2026-08-05T01:56:45.027035+00:00,,6,UNSAFE,entry_created_after_closing
2026-07-01,2,10,15:21:00,2026-08-05T01:56:41.405109+00:00,2026-08-05T01:56:45.027035+00:00,2026-08-05T01:56:45.027035+00:00,,6,UNSAFE,entry_created_after_closing
2026-07-01,2,11,15:55:00,2026-08-05T01:56:42.514848+00:00,2026-08-05T01:56:45.027035+00:00,2026-08-05T01:56:45.027035+00:00,,6,UNSAFE,entry_created_after_closing
2026-07-01,2,12,16:30:00,2026-08-05T01:56:41.405109+00:00,2026-08-05T01:56:45.027035+00:00,2026-08-05T01:56:45.027035+00:00,,6,UNSAFE,entry_created_after_closing
2026-07-01,5,1,11:33:00,2026-08-05T01:56:41.405109+00:00,2026-08-05T01:56:45.027035+00:00,2026-08-05T01:56:45.027035+00:00,,6,UNSAFE,entry_created_after_closing
2026-07-01,5,2,12:02:00,2026-08-05T01:56:41.405109+00:00,2026-08-05T01:56:45.027035+00:00,2026-08-05T01:56:45.027035+00:00,,6,UNSAFE,entry_created_after_closing
2026-07-01,5,3,12:30:00,2026-08-05T01:56:41.405109+00:00,2026-08-05T01:56:43.516212+00:00,2026-08-05T01:56:43.516212+00:00,,6,UNSAFE,entry_created_after_closing
2026-07-01,5,4,13:03:00,2026-08-05T01:56:41.405109+00:00,2026-08-05T01:56:43.516212+00:00,2026-08-05T01:56:43.516212+00:00,,6,UNSAFE,entry_created_after_closing
2026-07-01,5,5,13:33:00,2026-08-05T01:56:41.405109+00:00,2026-08-05T01:56:45.027035+00:00,2026-08-05T01:56:45.027035+00:00,,6,UNSAFE,entry_created_after_closing
2026-07-01,5,6,14:04:00,2026-08-05T01:56:41.405109+00:00,2026-08-05T01:56:43.516212+00:00,2026-08-05T01:56:43.516212+00:00,,6,UNSAFE,entry_created_after_closing
2026-07-01,5,7,14:36:00,2026-08-05T01:56:41.405109+00:00,2026-08-05T01:56:43.516212+00:00,2026-08-05T01:56:43.516212+00:00,,6,UNSAFE,entry_created_after_closing
2026-07-01,5,8,15:09:00,2026-08-05T01:56:41.405109+00:00,2026-08-05T01:56:43.516212+00:00,2026-08-05T01:56:43.516212+00:00,,6,UNSAFE,entry_created_after_closing
2026-07-01,5,9,15:41:00,2026-08-05T01:56:41.405109+00:00,2026-08-05T01:56:43.516212+00:00,2026-08-05T01:56:43.516212+00:00,,6,UNSAFE,entry_created_after_closing
2026-07-01,5,10,16:16:00,2026-08-05T01:56:41.405109+00:00,2026-08-05T01:56:43.516212+00:00,2026-08-05T01:56:43.516212+00:00,,6,UNSAFE,entry_created_after_closing
2026-07-01,5,11,16:46:00,2026-08-05T01:56:41.405109+00:00,2026-08-05T01:56:43.516212+00:00,2026-08-05T01:56:43.516212+00:00,,6,UNSAFE,entry_created_after_closing
2026-07-01,5,12,17:20:00,2026-08-05T01:56:41.405109+00:00,2026-08-05T01:56:45.027035+00:00,2026-08-05T01:56:45.027035+00:00,,6,UNSAFE,entry_created_after_closing
2026-07-01,6,1,11:36:00,2026-08-05T01:56:41.405109+00:00,2026-08-05T01:56:43.516212+00:00,2026-08-05T01:56:43.516212+00:00,,6,UNSAFE,entry_created_after_closing
2026-07-01,6,2,12:08:00,2026-08-05T01:56:41.405109+00:00,2026-08-05T01:56:43.516212+00:00,2026-08-05T01:56:43.516212+00:00,,6,UNSAFE,entry_created_after_closing
2026-07-01,6,3,12:39:00,2026-08-05T01:56:41.405109+00:00,2026-08-05T01:56:45.027035+00:00,2026-08-05T01:56:45.027035+00:00,,6,UNSAFE,entry_created_after_closing
2026-07-01,6,4,13:10:00,2026-08-05T01:56:41.405109+00:00,2026-08-05T01:56:43.516212+00:00,2026-08-05T01:56:43.516212+00:00,,6,UNSAFE,entry_created_after_closing
2026-07-01,6,5,13:36:00,2026-08-05T01:56:41.405109+00:00,2026-08-05T01:56:45.027035+00:00,2026-08-05T01:56:45.027035+00:00,,6,UNSAFE,entry_created_after_closing
2026-07-01,6,6,14:02:00,2026-08-05T01:56:41.405109+00:00,2026-08-05T01:56:43.516212+00:00,2026-08-05T01:56:43.516212+00:00,,6,UNSAFE,entry_created_after_closing
2026-07-01,6,7,14:32:00,2026-08-05T01:56:41.405109+00:00,2026-08-05T01:56:43.516212+00:00,2026-08-05T01:56:43.516212+00:00,,6,UNSAFE,entry_created_after_closing
2026-07-01,6,8,15:03:00,2026-08-05T01:56:41.405109+00:00,2026-08-05T01:56:43.516212+00:00,2026-08-05T01:56:43.516212+00:00,,6,UNSAFE,entry_created_after_closing
2026-07-01,6,9,15:30:00,2026-08-05T01:56:41.405109+00:00,2026-08-05T01:56:43.516212+00:00,2026-08-05T01:56:43.516212+00:00,,6,UNSAFE,entry_created_after_closing
2026-07-01,6,10,15:57:00,2026-08-05T01:56:41.405109+00:00,2026-08-05T01:56:43.516212+00:00,2026-08-05T01:56:43.516212+00:00,,6,UNSAFE,entry_created_after_closing
2026-07-01,6,11,16:25:00,2026-08-05T01:56:41.405109+00:00,2026-08-05T01:56:43.516212+00:00,2026-08-05T01:56:43.516212+00:00,,6,UNSAFE,entry_created_after_closing
2026-07-01,6,12,17:10:00,2026-08-05T01:56:41.405109+00:00,2026-08-05T01:56:43.516212+00:00,2026-08-05T01:56:43.516212+00:00,,6,UNSAFE,entry_created_after_closing
2026-07-01,7,1,15:28:00,2026-08-05T01:56:41.405109+00:00,2026-08-05T01:56:45.027035+00:00,2026-08-05T01:56:45.027035+00:00,,6,UNSAFE,entry_created_after_closing
2026-07-01,7,2,16:05:00,2026-08-05T01:56:41.405109+00:00,2026-08-05T01:56:43.516212+00:00,2026-08-05T01:56:43.516212+00:00,,6,UNSAFE,entry_created_after_closing
2026-07-01,7,3,16:37:00,2026-08-05T01:56:41.405109+00:00,2026-08-05T01:56:43.516212+00:00,2026-08-05T01:56:43.516212+00:00,,6,UNSAFE,entry_created_after_closing
2026-07-01,7,4,17:13:00,2026-08-05T01:56:41.405109+00:00,2026-08-05T01:56:43.516212+00:00,2026-08-05T01:56:43.516212+00:00,,6,UNSAFE,entry_created_after_closing
2026-07-01,7,5,17:37:00,2026-08-05T01:56:41.405109+00:00,2026-08-05T01:56:45.027035+00:00,2026-08-05T01:56:45.027035+00:00,,6,UNSAFE,entry_created_after_closing
2026-07-01,7,6,18:04:00,2026-08-05T01:56:41.405109+00:00,2026-08-05T01:56:43.516212+00:00,2026-08-05T01:56:43.516212+00:00,,6,UNSAFE,entry_created_after_closing
2026-07-01,7,7,18:28:00,2026-08-05T01:56:41.405109+00:00,2026-08-05T01:56:43.516212+00:00,2026-08-05T01:56:43.516212+00:00,,6,UNSAFE,entry_created_after_closing
2026-07-01,7,8,18:54:00,2026-08-05T01:56:41.405109+00:00,2026-08-05T01:56:43.516212+00:00,2026-08-05T01:56:43.516212+00:00,,6,UNSAFE,entry_created_after_closing
2026-07-01,7,9,19:23:00,2026-08-05T01:56:41.405109+00:00,2026-08-05T01:56:43.516212+00:00,2026-08-05T01:56:43.516212+00:00,,6,UNSAFE,entry_created_after_closing
2026-07-01,7,10,19:50:00,2026-08-05T01:56:41.405109+00:00,2026-08-05T01:56:43.516212+00:00,2026-08-05T01:56:43.516212+00:00,,6,UNSAFE,entry_created_after_closing
2026-07-01,7,11,20:16:00,2026-08-05T01:56:41.405109+00:00,2026-08-05T01:56:43.516212+00:00,2026-08-05T01:56:43.516212+00:00,,6,UNSAFE,entry_created_after_closing
2026-07-01,7,12,20:45:00,2026-08-05T01:56:41.405109+00:00,2026-08-05T01:56:45.027035+00:00,2026-08-05T01:56:45.027035+00:00,,6,UNSAFE,entry_created_after_closing
2026-07-01,8,1,10:38:00,2026-08-05T01:56:46.559011+00:00,2026-08-05T01:56:48.034417+00:00,2026-08-05T01:56:48.034417+00:00,,6,UNSAFE,entry_created_after_closing
2026-07-01,8,2,11:05:00,2026-08-05T01:56:46.559011+00:00,2026-08-05T01:56:48.034417+00:00,2026-08-05T01:56:48.034417+00:00,,6,UNSAFE,entry_created_after_closing
2026-07-01,8,3,11:31:00,2026-08-05T01:56:46.559011+00:00,2026-08-05T01:56:48.034417+00:00,2026-08-05T01:56:48.034417+00:00,,6,UNSAFE,entry_created_after_closing
2026-07-01,8,4,12:06:00,2026-08-05T01:56:46.559011+00:00,2026-08-05T01:56:48.737522+00:00,2026-08-05T01:56:48.737522+00:00,,6,UNSAFE,entry_created_after_closing
2026-07-01,8,5,12:35:00,2026-08-05T01:56:46.559011+00:00,2026-08-05T01:56:48.034417+00:00,2026-08-05T01:56:48.034417+00:00,,6,UNSAFE,entry_created_after_closing
2026-07-01,8,6,13:08:00,2026-08-05T01:56:46.559011+00:00,2026-08-05T01:56:48.737522+00:00,2026-08-05T01:56:48.737522+00:00,,6,UNSAFE,entry_created_after_closing
2026-07-01,8,7,13:42:00,2026-08-05T01:56:46.559011+00:00,2026-08-05T01:56:48.034417+00:00,2026-08-05T01:56:48.034417+00:00,,6,UNSAFE,entry_created_after_closing
2026-07-01,8,8,14:11:00,2026-08-05T01:56:46.559011+00:00,2026-08-05T01:56:48.737522+00:00,2026-08-05T01:56:48.737522+00:00,,6,UNSAFE,entry_created_after_closing
2026-07-01,8,9,14:43:00,2026-08-05T01:56:46.559011+00:00,2026-08-05T01:56:48.737522+00:00,2026-08-05T01:56:48.737522+00:00,,6,UNSAFE,entry_created_after_closing
2026-07-01,8,10,15:13:00,2026-08-05T01:56:46.559011+00:00,2026-08-05T01:56:48.034417+00:00,2026-08-05T01:56:48.034417+00:00,,6,UNSAFE,entry_created_after_closing
2026-07-01,8,11,15:39:00,2026-08-05T01:56:46.559011+00:00,2026-08-05T01:56:48.034417+00:00,2026-08-05T01:56:48.034417+00:00,,6,UNSAFE,entry_created_after_closing
2026-07-01,8,12,16:10:00,2026-08-05T01:56:46.559011+00:00,2026-08-05T01:56:48.737522+00:00,2026-08-05T01:56:48.737522+00:00,,6,UNSAFE,entry_created_after_closing
2026-07-01,10,1,08:32:00,2026-08-05T01:56:41.405109+00:00,2026-08-05T01:56:43.516212+00:00,2026-08-05T01:56:43.516212+00:00,,6,UNSAFE,entry_created_after_closing
2026-07-01,10,2,08:58:00,2026-08-05T01:56:41.405109+00:00,2026-08-05T01:56:43.516212+00:00,2026-08-05T01:56:43.516212+00:00,,6,UNSAFE,entry_created_after_closing
2026-07-01,10,3,09:24:00,2026-08-05T01:56:41.405109+00:00,2026-08-05T01:56:43.516212+00:00,2026-08-05T01:56:43.516212+00:00,,6,UNSAFE,entry_created_after_closing
2026-07-01,10,4,09:50:00,2026-08-05T01:56:41.405109+00:00,2026-08-05T01:56:43.516212+00:00,2026-08-05T01:56:43.516212+00:00,,6,UNSAFE,entry_created_after_closing
2026-07-01,10,5,10:18:00,2026-08-05T01:56:41.405109+00:00,2026-08-05T01:56:43.516212+00:00,2026-08-05T01:56:43.516212+00:00,,6,UNSAFE,entry_created_after_closing
2026-07-01,10,6,10:44:00,2026-08-05T01:56:41.405109+00:00,2026-08-05T01:56:43.516212+00:00,2026-08-05T01:56:43.516212+00:00,,6,UNSAFE,entry_created_after_closing
2026-07-01,10,7,11:13:00,2026-08-05T01:56:41.405109+00:00,2026-08-05T01:56:43.516212+00:00,2026-08-05T01:56:43.516212+00:00,,6,UNSAFE,entry_created_after_closing
2026-07-01,10,8,11:43:00,2026-08-05T01:56:41.405109+00:00,2026-08-05T01:56:44.284221+00:00,2026-08-05T01:56:44.284221+00:00,,6,UNSAFE,entry_created_after_closing
2026-07-01,10,9,12:17:00,2026-08-05T01:56:41.405109+00:00,2026-08-05T01:56:43.516212+00:00,2026-08-05T01:56:43.516212+00:00,,6,UNSAFE,entry_created_after_closing
2026-07-01,10,10,12:48:00,2026-08-05T01:56:41.405109+00:00,2026-08-05T01:56:43.516212+00:00,2026-08-05T01:56:43.516212+00:00,,6,UNSAFE,entry_created_after_closing
2026-07-01,10,11,13:23:00,2026-08-05T01:56:41.405109+00:00,2026-08-05T01:56:45.027035+00:00,2026-08-05T01:56:45.027035+00:00,,6,UNSAFE,entry_created_after_closing
2026-07-01,10,12,14:00:00,2026-08-05T01:56:41.405109+00:00,2026-08-05T01:56:45.027035+00:00,2026-08-05T01:56:45.027035+00:00,,6,UNSAFE,entry_created_after_closing
2026-07-01,11,1,10:34:00,2026-08-05T01:56:41.405109+00:00,2026-08-05T01:56:43.516212+00:00,2026-08-05T01:56:43.516212+00:00,,6,UNSAFE,entry_created_after_closing
2026-07-01,11,2,11:01:00,2026-08-05T01:56:41.405109+00:00,2026-08-05T01:56:45.027035+00:00,2026-08-05T01:56:45.027035+00:00,,6,UNSAFE,entry_created_after_closing
2026-07-01,11,3,11:26:00,2026-08-05T01:56:41.405109+00:00,2026-08-05T01:56:43.516212+00:00,2026-08-05T01:56:43.516212+00:00,,6,UNSAFE,entry_created_after_closing
2026-07-01,11,4,11:56:00,2026-08-05T01:56:41.405109+00:00,2026-08-05T01:56:43.516212+00:00,2026-08-05T01:56:43.516212+00:00,,6,UNSAFE,entry_created_after_closing
2026-07-01,11,5,12:25:00,2026-08-05T01:56:41.405109+00:00,2026-08-05T01:56:43.516212+00:00,2026-08-05T01:56:43.516212+00:00,,6,UNSAFE,entry_created_after_closing
2026-07-01,11,6,13:00:00,2026-08-05T01:56:41.405109+00:00,2026-08-05T01:56:43.516212+00:00,2026-08-05T01:56:43.516212+00:00,,6,UNSAFE,entry_created_after_closing
2026-07-01,11,7,13:32:00,2026-08-05T01:56:41.405109+00:00,2026-08-05T01:56:45.027035+00:00,2026-08-05T01:56:45.027035+00:00,,6,UNSAFE,entry_created_after_closing
2026-07-01,11,8,14:08:00,2026-08-05T01:56:41.405109+00:00,2026-08-05T01:56:43.516212+00:00,2026-08-05T01:56:43.516212+00:00,,6,UNSAFE,entry_created_after_closing
2026-07-01,11,9,14:35:00,2026-08-05T01:56:41.405109+00:00,2026-08-05T01:56:43.516212+00:00,2026-08-05T01:56:43.516212+00:00,,6,UNSAFE,entry_created_after_closing
2026-07-01,11,10,15:15:00,2026-08-05T01:56:41.405109+00:00,2026-08-05T01:56:44.284221+00:00,2026-08-05T01:56:44.284221+00:00,,6,UNSAFE,entry_created_after_closing
2026-07-01,11,11,15:48:00,2026-08-05T01:56:41.405109+00:00,2026-08-05T01:56:45.027035+00:00,2026-08-05T01:56:45.027035+00:00,,6,UNSAFE,entry_created_after_closing
2026-07-01,11,12,16:27:00,2026-08-05T01:56:41.405109+00:00,2026-08-05T01:56:43.516212+00:00,2026-08-05T01:56:43.516212+00:00,,6,UNSAFE,entry_created_after_closing
2026-07-01,16,1,10:41:00,2026-08-05T01:56:46.559011+00:00,2026-08-05T01:56:48.737522+00:00,2026-08-05T01:56:48.737522+00:00,,6,UNSAFE,entry_created_after_closing
2026-07-01,16,2,11:10:00,2026-08-05T01:56:46.559011+00:00,2026-08-05T01:56:48.737522+00:00,2026-08-05T01:56:48.737522+00:00,,6,UNSAFE,entry_created_after_closing
2026-07-01,16,3,11:40:00,2026-08-05T01:56:46.559011+00:00,2026-08-05T01:56:48.034417+00:00,2026-08-05T01:56:48.034417+00:00,,6,UNSAFE,entry_created_after_closing
2026-07-01,16,4,12:11:00,2026-08-05T01:56:46.559011+00:00,2026-08-05T01:56:48.034417+00:00,2026-08-05T01:56:48.034417+00:00,,6,UNSAFE,entry_created_after_closing
2026-07-01,16,5,12:42:00,2026-08-05T01:56:46.559011+00:00,2026-08-05T01:56:48.034417+00:00,2026-08-05T01:56:48.034417+00:00,,6,UNSAFE,entry_created_after_closing
2026-07-01,16,6,13:20:00,2026-08-05T01:56:46.559011+00:00,2026-08-05T01:56:48.034417+00:00,2026-08-05T01:56:48.034417+00:00,,6,UNSAFE,entry_created_after_closing
2026-07-01,16,7,13:53:00,2026-08-05T01:56:46.559011+00:00,2026-08-05T01:56:48.034417+00:00,2026-08-05T01:56:48.034417+00:00,,6,UNSAFE,entry_created_after_closing
2026-07-01,16,8,14:25:00,2026-08-05T01:56:46.559011+00:00,2026-08-05T01:56:48.034417+00:00,2026-08-05T01:56:48.034417+00:00,,6,UNSAFE,entry_created_after_closing
2026-07-01,16,9,14:57:00,2026-08-05T01:56:46.559011+00:00,2026-08-05T01:56:48.034417+00:00,2026-08-05T01:56:48.034417+00:00,,6,UNSAFE,entry_created_after_closing
2026-07-01,16,10,15:35:00,2026-08-05T01:56:46.559011+00:00,2026-08-05T01:56:48.737522+00:00,2026-08-05T01:56:48.737522+00:00,,6,UNSAFE,entry_created_after_closing
2026-07-01,16,11,16:13:00,2026-08-05T01:56:46.559011+00:00,2026-08-05T01:56:48.034417+00:00,2026-08-05T01:56:48.034417+00:00,,6,UNSAFE,entry_created_after_closing
2026-07-01,16,12,16:50:00,2026-08-05T01:56:46.559011+00:00,2026-08-05T01:56:48.034417+00:00,2026-08-05T01:56:48.034417+00:00,,6,UNSAFE,entry_created_after_closing
2026-07-01,17,1,10:57:00,2026-08-05T01:56:41.405109+00:00,2026-08-05T01:56:41.405109+00:00,2026-08-05T01:56:41.405109+00:00,,6,UNSAFE,entry_created_after_closing
2026-07-01,17,2,11:23:00,2026-08-05T01:56:41.405109+00:00,2026-08-05T01:56:41.405109+00:00,2026-08-05T01:56:41.405109+00:00,,6,UNSAFE,entry_created_after_closing
2026-07-01,17,3,11:50:00,2026-08-05T01:56:41.405109+00:00,2026-08-05T01:56:42.514848+00:00,2026-08-05T01:56:42.514848+00:00,,6,UNSAFE,entry_created_after_closing
2026-07-01,17,4,12:21:00,2026-08-05T01:56:41.405109+00:00,2026-08-05T01:56:42.514848+00:00,2026-08-05T01:56:42.514848+00:00,,6,UNSAFE,entry_created_after_closing
2026-07-01,17,5,12:52:00,2026-08-05T01:56:41.405109+00:00,2026-08-05T01:56:41.405109+00:00,2026-08-05T01:56:41.405109+00:00,,6,UNSAFE,entry_created_after_closing
2026-07-01,17,6,13:30:00,2026-08-05T01:56:41.405109+00:00,2026-08-05T01:56:42.514848+00:00,2026-08-05T01:56:42.514848+00:00,,6,UNSAFE,entry_created_after_closing
2026-07-01,17,7,13:56:00,2026-08-05T01:56:41.405109+00:00,2026-08-05T01:56:42.514848+00:00,2026-08-05T01:56:42.514848+00:00,,6,UNSAFE,entry_created_after_closing
2026-07-01,17,8,14:22:00,2026-08-05T01:56:41.405109+00:00,2026-08-05T01:56:42.514848+00:00,2026-08-05T01:56:42.514848+00:00,,6,UNSAFE,entry_created_after_closing
2026-07-01,17,9,14:47:00,2026-08-05T01:56:41.405109+00:00,2026-08-05T01:56:41.405109+00:00,2026-08-05T01:56:41.405109+00:00,,6,UNSAFE,entry_created_after_closing
2026-07-01,17,10,15:28:00,2026-08-05T01:56:41.405109+00:00,2026-08-05T01:56:41.405109+00:00,2026-08-05T01:56:41.405109+00:00,,6,UNSAFE,entry_created_after_closing
2026-07-01,17,11,16:03:00,2026-08-05T01:56:41.405109+00:00,2026-08-05T01:56:42.514848+00:00,2026-08-05T01:56:42.514848+00:00,,6,UNSAFE,entry_created_after_closing
2026-07-01,17,12,16:43:00,2026-08-05T01:56:41.405109+00:00,2026-08-05T01:56:42.514848+00:00,2026-08-05T01:56:42.514848+00:00,,6,UNSAFE,entry_created_after_closing
2026-07-01,19,1,15:26:00,2026-08-05T01:56:41.405109+00:00,2026-08-05T01:56:43.516212+00:00,2026-08-05T01:56:43.516212+00:00,,6,UNSAFE,entry_created_after_closing
2026-07-01,19,2,16:00:00,2026-08-05T01:56:41.405109+00:00,2026-08-05T01:56:43.516212+00:00,2026-08-05T01:56:43.516212+00:00,,6,UNSAFE,entry_created_after_closing
2026-07-01,19,3,16:34:00,2026-08-05T01:56:41.405109+00:00,2026-08-05T01:56:45.027035+00:00,2026-08-05T01:56:45.027035+00:00,,6,UNSAFE,entry_created_after_closing
2026-07-01,19,4,17:06:00,2026-08-05T01:56:41.405109+00:00,2026-08-05T01:56:45.027035+00:00,2026-08-05T01:56:45.027035+00:00,,6,UNSAFE,entry_created_after_closing
2026-07-01,19,5,17:30:00,2026-08-05T01:56:41.405109+00:00,2026-08-05T01:56:45.027035+00:00,2026-08-05T01:56:45.027035+00:00,,6,UNSAFE,entry_created_after_closing
2026-07-01,19,6,17:57:00,2026-08-05T01:56:41.405109+00:00,2026-08-05T01:56:43.516212+00:00,2026-08-05T01:56:43.516212+00:00,,6,UNSAFE,entry_created_after_closing
2026-07-01,19,7,18:21:00,2026-08-05T01:56:41.405109+00:00,2026-08-05T01:56:43.516212+00:00,2026-08-05T01:56:43.516212+00:00,,6,UNSAFE,entry_created_after_closing
2026-07-01,19,8,18:47:00,2026-08-05T01:56:41.405109+00:00,2026-08-05T01:56:43.516212+00:00,2026-08-05T01:56:43.516212+00:00,,6,UNSAFE,entry_created_after_closing
2026-07-01,19,9,19:16:00,2026-08-05T01:56:41.405109+00:00,2026-08-05T01:56:43.516212+00:00,2026-08-05T01:56:43.516212+00:00,,6,UNSAFE,entry_created_after_closing
2026-07-01,19,10,19:43:00,2026-08-05T01:56:41.405109+00:00,2026-08-05T01:56:43.516212+00:00,2026-08-05T01:56:43.516212+00:00,,6,UNSAFE,entry_created_after_closing
2026-07-01,19,11,20:09:00,2026-08-05T01:56:41.405109+00:00,2026-08-05T01:56:45.027035+00:00,2026-08-05T01:56:45.027035+00:00,,6,UNSAFE,entry_created_after_closing
2026-07-01,19,12,20:38:00,2026-08-05T01:56:41.405109+00:00,2026-08-05T01:56:44.284221+00:00,2026-08-05T01:56:44.284221+00:00,,6,UNSAFE,entry_created_after_closing
2026-07-01,20,1,17:41:00,2026-08-05T01:56:41.405109+00:00,2026-08-05T01:56:43.516212+00:00,2026-08-05T01:56:43.516212+00:00,,6,UNSAFE,entry_created_after_closing
2026-07-01,20,2,18:08:00,2026-08-05T01:56:41.405109+00:00,2026-08-05T01:56:43.516212+00:00,2026-08-05T01:56:43.516212+00:00,,6,UNSAFE,entry_created_after_closing
2026-07-01,20,3,18:34:00,2026-08-05T01:56:41.405109+00:00,2026-08-05T01:56:43.516212+00:00,2026-08-05T01:56:43.516212+00:00,,6,UNSAFE,entry_created_after_closing
2026-07-01,20,4,19:03:00,2026-08-05T01:56:41.405109+00:00,2026-08-05T01:56:43.516212+00:00,2026-08-05T01:56:43.516212+00:00,,6,UNSAFE,entry_created_after_closing
2026-07-01,20,5,19:30:00,2026-08-05T01:56:41.405109+00:00,2026-08-05T01:56:43.516212+00:00,2026-08-05T01:56:43.516212+00:00,,6,UNSAFE,entry_created_after_closing
2026-07-01,20,6,19:56:00,2026-08-05T01:56:41.405109+00:00,2026-08-05T01:56:45.719871+00:00,2026-08-05T01:56:45.719871+00:00,,6,UNSAFE,entry_created_after_closing
2026-07-01,20,7,20:25:00,2026-08-05T01:56:41.405109+00:00,2026-08-05T01:56:43.516212+00:00,2026-08-05T01:56:43.516212+00:00,,6,UNSAFE,entry_created_after_closing
2026-07-01,20,8,21:00:00,2026-08-05T01:56:41.405109+00:00,2026-08-05T01:56:45.027035+00:00,2026-08-05T01:56:45.027035+00:00,,6,UNSAFE,entry_created_after_closing
2026-07-01,20,9,21:28:00,2026-08-05T01:56:42.514848+00:00,2026-08-05T01:56:45.027035+00:00,2026-08-05T01:56:45.027035+00:00,,6,UNSAFE,entry_created_after_closing
2026-07-01,20,10,21:57:00,2026-08-05T01:56:41.405109+00:00,2026-08-05T01:56:43.516212+00:00,2026-08-05T01:56:43.516212+00:00,,6,UNSAFE,entry_created_after_closing
2026-07-01,20,11,22:27:00,2026-08-05T01:56:41.405109+00:00,2026-08-05T01:56:45.027035+00:00,2026-08-05T01:56:45.027035+00:00,,6,UNSAFE,entry_created_after_closing
2026-07-01,20,12,22:54:00,2026-08-05T01:56:42.514848+00:00,2026-08-05T01:56:45.027035+00:00,2026-08-05T01:56:45.027035+00:00,,6,UNSAFE,entry_created_after_closing
2026-07-01,22,1,12:15:00,2026-08-05T01:56:41.405109+00:00,2026-08-05T01:56:43.516212+00:00,2026-08-05T01:56:43.516212+00:00,,6,UNSAFE,entry_created_after_closing
2026-07-01,22,2,12:46:00,2026-08-05T01:56:41.405109+00:00,2026-08-05T01:56:45.027035+00:00,2026-08-05T01:56:45.027035+00:00,,6,UNSAFE,entry_created_after_closing
2026-07-01,22,3,13:18:00,2026-08-05T01:56:41.405109+00:00,2026-08-05T01:56:43.516212+00:00,2026-08-05T01:56:43.516212+00:00,,6,UNSAFE,entry_created_after_closing
2026-07-01,22,4,13:51:00,2026-08-05T01:56:41.405109+00:00,2026-08-05T01:56:43.516212+00:00,2026-08-05T01:56:43.516212+00:00,,6,UNSAFE,entry_created_after_closing
2026-07-01,22,5,14:20:00,2026-08-05T01:56:41.405109+00:00,2026-08-05T01:56:45.027035+00:00,2026-08-05T01:56:45.027035+00:00,,6,UNSAFE,entry_created_after_closing
2026-07-01,22,6,14:52:00,2026-08-05T01:56:41.405109+00:00,2026-08-05T01:56:45.027035+00:00,2026-08-05T01:56:45.027035+00:00,,6,UNSAFE,entry_created_after_closing
2026-07-01,22,7,15:18:00,2026-08-05T01:56:41.405109+00:00,2026-08-05T01:56:43.516212+00:00,2026-08-05T01:56:43.516212+00:00,,6,UNSAFE,entry_created_after_closing
2026-07-01,22,8,15:45:00,2026-08-05T01:56:41.405109+00:00,2026-08-05T01:56:43.516212+00:00,2026-08-05T01:56:43.516212+00:00,,6,UNSAFE,entry_created_after_closing
2026-07-01,22,9,16:21:00,2026-08-05T01:56:41.405109+00:00,2026-08-05T01:56:45.027035+00:00,2026-08-05T01:56:45.027035+00:00,,6,UNSAFE,entry_created_after_closing
2026-07-01,22,10,16:56:00,2026-08-05T01:56:41.405109+00:00,2026-08-05T01:56:43.516212+00:00,2026-08-05T01:56:43.516212+00:00,,6,UNSAFE,entry_created_after_closing
2026-07-01,22,11,17:28:00,2026-08-05T01:56:41.405109+00:00,2026-08-05T01:56:45.027035+00:00,2026-08-05T01:56:45.027035+00:00,,6,UNSAFE,entry_created_after_closing
2026-07-01,22,12,18:00:00,2026-08-05T01:56:41.405109+00:00,2026-08-05T01:56:45.027035+00:00,2026-08-05T01:56:45.027035+00:00,,6,UNSAFE,entry_created_after_closing
2026-07-01,23,1,08:44:00,2026-08-05T01:56:41.405109+00:00,2026-08-05T01:56:41.405109+00:00,2026-08-05T01:56:41.405109+00:00,,6,UNSAFE,entry_created_after_closing
2026-07-01,23,2,09:10:00,2026-08-05T01:56:41.405109+00:00,2026-08-05T01:56:43.516212+00:00,2026-08-05T01:56:43.516212+00:00,,6,UNSAFE,entry_created_after_closing
2026-07-01,23,3,09:36:00,2026-08-05T01:56:41.405109+00:00,2026-08-05T01:56:42.514848+00:00,2026-08-05T01:56:42.514848+00:00,,6,UNSAFE,entry_created_after_closing
2026-07-01,23,4,10:02:00,2026-08-05T01:56:41.405109+00:00,2026-08-05T01:56:41.405109+00:00,2026-08-05T01:56:41.405109+00:00,,6,UNSAFE,entry_created_after_closing
2026-07-01,23,5,10:30:00,2026-08-05T01:56:41.405109+00:00,2026-08-05T01:56:41.405109+00:00,2026-08-05T01:56:41.405109+00:00,,6,UNSAFE,entry_created_after_closing
2026-07-01,23,6,10:59:00,2026-08-05T01:56:41.405109+00:00,2026-08-05T01:56:42.514848+00:00,2026-08-05T01:56:42.514848+00:00,,6,UNSAFE,entry_created_after_closing
2026-07-01,23,7,11:29:00,2026-08-05T01:56:41.405109+00:00,2026-08-05T01:56:42.514848+00:00,2026-08-05T01:56:42.514848+00:00,,6,UNSAFE,entry_created_after_closing
2026-07-01,23,8,11:59:00,2026-08-05T01:56:41.405109+00:00,2026-08-05T01:56:41.405109+00:00,2026-08-05T01:56:41.405109+00:00,,6,UNSAFE,entry_created_after_closing
2026-07-01,23,9,12:28:00,2026-08-05T01:56:41.405109+00:00,2026-08-05T01:56:42.514848+00:00,2026-08-05T01:56:42.514848+00:00,,6,UNSAFE,entry_created_after_closing
2026-07-01,23,10,13:05:00,2026-08-05T01:56:41.405109+00:00,2026-08-05T01:56:43.516212+00:00,2026-08-05T01:56:43.516212+00:00,,6,UNSAFE,entry_created_after_closing
2026-07-01,23,11,13:39:00,2026-08-05T01:56:41.405109+00:00,2026-08-05T01:56:41.405109+00:00,2026-08-05T01:56:41.405109+00:00,,6,UNSAFE,entry_created_after_closing
2026-07-01,23,12,14:14:00,2026-08-05T01:56:41.405109+00:00,2026-08-05T01:56:41.405109+00:00,2026-08-05T01:56:41.405109+00:00,,6,UNSAFE,entry_created_after_closing
2026-07-01,24,1,15:23:00,2026-08-05T01:56:46.559011+00:00,2026-08-05T01:56:48.034417+00:00,2026-08-05T01:56:48.034417+00:00,,6,UNSAFE,entry_created_after_closing
2026-07-01,24,2,15:49:00,2026-08-05T01:56:41.405109+00:00,2026-08-05T01:56:43.516212+00:00,2026-08-05T01:56:43.516212+00:00,,6,UNSAFE,entry_created_after_closing
2026-07-01,24,3,16:28:00,2026-08-05T01:56:46.559011+00:00,2026-08-05T01:56:48.034417+00:00,2026-08-05T01:56:48.034417+00:00,,6,UNSAFE,entry_created_after_closing
2026-07-01,24,4,17:00:00,2026-08-05T01:56:46.559011+00:00,2026-08-05T01:56:48.034417+00:00,2026-08-05T01:56:48.034417+00:00,,6,UNSAFE,entry_created_after_closing
2026-07-01,24,5,17:24:00,2026-08-05T01:56:41.405109+00:00,2026-08-05T01:56:45.027035+00:00,2026-08-05T01:56:45.027035+00:00,,6,UNSAFE,entry_created_after_closing
2026-07-01,24,6,17:50:00,2026-08-05T01:56:46.559011+00:00,2026-08-05T01:56:48.034417+00:00,2026-08-05T01:56:48.034417+00:00,,6,UNSAFE,entry_created_after_closing
2026-07-01,24,7,18:14:00,2026-08-05T01:56:41.405109+00:00,2026-08-05T01:56:43.516212+00:00,2026-08-05T01:56:43.516212+00:00,,6,UNSAFE,entry_created_after_closing
2026-07-01,24,8,18:40:00,2026-08-05T01:56:41.405109+00:00,2026-08-05T01:56:43.516212+00:00,2026-08-05T01:56:43.516212+00:00,,6,UNSAFE,entry_created_after_closing
2026-07-01,24,9,19:09:00,2026-08-05T01:56:46.559011+00:00,2026-08-05T01:56:48.034417+00:00,2026-08-05T01:56:48.034417+00:00,,6,UNSAFE,entry_created_after_closing
2026-07-01,24,10,19:36:00,2026-08-05T01:56:46.559011+00:00,2026-08-05T01:56:48.034417+00:00,2026-08-05T01:56:48.034417+00:00,,6,UNSAFE,entry_created_after_closing
2026-07-01,24,11,20:02:00,2026-08-05T01:56:46.559011+00:00,2026-08-05T01:56:48.034417+00:00,2026-08-05T01:56:48.034417+00:00,,6,UNSAFE,entry_created_after_closing
2026-07-01,24,12,20:31:00,2026-08-05T01:56:46.559011+00:00,2026-08-05T01:56:48.034417+00:00,2026-08-05T01:56:48.034417+00:00,,6,UNSAFE,entry_created_after_closing
2026-07-02,4,1,11:55:00,2026-08-05T01:57:39.042063+00:00,2026-08-05T01:57:40.191338+00:00,2026-08-05T01:57:40.191338+00:00,,6,UNSAFE,entry_created_after_closing
2026-07-02,4,2,12:24:00,2026-08-05T01:57:39.042063+00:00,2026-08-05T01:57:40.191338+00:00,2026-08-05T01:57:40.191338+00:00,,6,UNSAFE,entry_created_after_closing
2026-07-02,4,3,12:54:00,2026-08-05T01:57:39.042063+00:00,2026-08-05T01:57:40.191338+00:00,2026-08-05T01:57:40.191338+00:00,,6,UNSAFE,entry_created_after_closing
2026-07-02,4,4,13:25:00,2026-08-05T01:57:39.042063+00:00,2026-08-05T01:57:41.26721+00:00,2026-08-05T01:57:41.26721+00:00,,6,UNSAFE,entry_created_after_closing
2026-07-02,4,5,13:55:00,2026-08-05T01:57:39.042063+00:00,2026-08-05T01:57:40.191338+00:00,2026-08-05T01:57:40.191338+00:00,,6,UNSAFE,entry_created_after_closing
2026-07-02,4,6,14:28:00,2026-08-05T01:57:39.042063+00:00,2026-08-05T01:57:40.191338+00:00,2026-08-05T01:57:40.191338+00:00,,6,UNSAFE,entry_created_after_closing
2026-07-02,4,7,15:00:00,2026-08-05T01:57:39.042063+00:00,2026-08-05T01:57:40.191338+00:00,2026-08-05T01:57:40.191338+00:00,,6,UNSAFE,entry_created_after_closing
2026-07-02,4,8,15:32:00,2026-08-05T01:57:39.042063+00:00,2026-08-05T01:57:40.191338+00:00,2026-08-05T01:57:40.191338+00:00,,6,UNSAFE,entry_created_after_closing
2026-07-02,4,9,16:05:00,2026-08-05T01:57:39.042063+00:00,2026-08-05T01:57:42.097296+00:00,2026-08-05T01:57:42.097296+00:00,,6,UNSAFE,entry_created_after_closing
2026-07-02,4,10,16:37:00,2026-08-05T01:57:39.042063+00:00,2026-08-05T01:57:40.191338+00:00,2026-08-05T01:57:40.191338+00:00,,6,UNSAFE,entry_created_after_closing
2026-07-02,4,11,17:08:00,2026-08-05T01:57:39.042063+00:00,2026-08-05T01:57:41.26721+00:00,2026-08-05T01:57:41.26721+00:00,,6,UNSAFE,entry_created_after_closing
2026-07-02,4,12,17:42:00,2026-08-05T01:57:39.042063+00:00,2026-08-05T01:57:41.26721+00:00,2026-08-05T01:57:41.26721+00:00,,6,UNSAFE,entry_created_after_closing
2026-07-02,5,1,11:33:00,2026-08-05T01:57:39.042063+00:00,2026-08-05T01:57:40.191338+00:00,2026-08-05T01:57:40.191338+00:00,,6,UNSAFE,entry_created_after_closing
2026-07-02,5,2,12:02:00,2026-08-05T01:57:39.042063+00:00,2026-08-05T01:57:40.191338+00:00,2026-08-05T01:57:40.191338+00:00,,6,UNSAFE,entry_created_after_closing
2026-07-02,5,3,12:30:00,2026-08-05T01:57:39.042063+00:00,2026-08-05T01:57:40.191338+00:00,2026-08-05T01:57:40.191338+00:00,,6,UNSAFE,entry_created_after_closing
2026-07-02,5,4,13:03:00,2026-08-05T01:57:39.042063+00:00,2026-08-05T01:57:40.191338+00:00,2026-08-05T01:57:40.191338+00:00,,6,UNSAFE,entry_created_after_closing
2026-07-02,5,5,13:33:00,2026-08-05T01:57:39.042063+00:00,2026-08-05T01:57:40.191338+00:00,2026-08-05T01:57:40.191338+00:00,,6,UNSAFE,entry_created_after_closing
2026-07-02,5,6,14:04:00,2026-08-05T01:57:39.042063+00:00,2026-08-05T01:57:42.097296+00:00,2026-08-05T01:57:42.097296+00:00,,6,UNSAFE,entry_created_after_closing
2026-07-02,5,7,14:36:00,2026-08-05T01:57:39.042063+00:00,2026-08-05T01:57:40.191338+00:00,2026-08-05T01:57:40.191338+00:00,,6,UNSAFE,entry_created_after_closing
2026-07-02,5,8,15:09:00,2026-08-05T01:57:39.042063+00:00,2026-08-05T01:57:40.191338+00:00,2026-08-05T01:57:40.191338+00:00,,6,UNSAFE,entry_created_after_closing
2026-07-02,5,9,15:41:00,2026-08-05T01:57:39.042063+00:00,2026-08-05T01:57:41.26721+00:00,2026-08-05T01:57:41.26721+00:00,,6,UNSAFE,entry_created_after_closing
2026-07-02,5,10,16:16:00,2026-08-05T01:57:39.042063+00:00,2026-08-05T01:57:41.26721+00:00,2026-08-05T01:57:41.26721+00:00,,6,UNSAFE,entry_created_after_closing
2026-07-02,5,11,16:46:00,2026-08-05T01:57:39.042063+00:00,2026-08-05T01:57:41.26721+00:00,2026-08-05T01:57:41.26721+00:00,,6,UNSAFE,entry_created_after_closing
2026-07-02,5,12,17:20:00,2026-08-05T01:57:39.042063+00:00,2026-08-05T01:57:42.097296+00:00,2026-08-05T01:57:42.097296+00:00,,6,UNSAFE,entry_created_after_closing
2026-07-02,6,1,11:38:00,2026-08-05T01:57:39.042063+00:00,2026-08-05T01:57:41.26721+00:00,2026-08-05T01:57:41.26721+00:00,,6,UNSAFE,entry_created_after_closing
2026-07-02,6,2,12:08:00,2026-08-05T01:57:39.042063+00:00,2026-08-05T01:57:41.26721+00:00,2026-08-05T01:57:41.26721+00:00,,6,UNSAFE,entry_created_after_closing
2026-07-02,6,3,12:42:00,2026-08-05T01:57:39.042063+00:00,2026-08-05T01:57:42.097296+00:00,2026-08-05T01:57:42.097296+00:00,,6,UNSAFE,entry_created_after_closing
2026-07-02,6,4,13:11:00,2026-08-05T01:57:39.042063+00:00,2026-08-05T01:57:40.191338+00:00,2026-08-05T01:57:40.191338+00:00,,6,UNSAFE,entry_created_after_closing
2026-07-02,6,5,13:37:00,2026-08-05T01:57:39.042063+00:00,2026-08-05T01:57:40.191338+00:00,2026-08-05T01:57:40.191338+00:00,,6,UNSAFE,entry_created_after_closing
2026-07-02,6,6,14:06:00,2026-08-05T01:57:39.042063+00:00,2026-08-05T01:57:40.191338+00:00,2026-08-05T01:57:40.191338+00:00,,6,UNSAFE,entry_created_after_closing
2026-07-02,6,7,14:33:00,2026-08-05T01:57:39.042063+00:00,2026-08-05T01:57:40.191338+00:00,2026-08-05T01:57:40.191338+00:00,,6,UNSAFE,entry_created_after_closing
2026-07-02,6,8,15:05:00,2026-08-05T01:57:39.042063+00:00,2026-08-05T01:57:40.191338+00:00,2026-08-05T01:57:40.191338+00:00,,6,UNSAFE,entry_created_after_closing
2026-07-02,6,9,15:36:00,2026-08-05T01:57:39.042063+00:00,2026-08-05T01:57:40.191338+00:00,2026-08-05T01:57:40.191338+00:00,,6,UNSAFE,entry_created_after_closing
2026-07-02,6,10,16:08:00,2026-08-05T01:57:39.042063+00:00,2026-08-05T01:57:42.097296+00:00,2026-08-05T01:57:42.097296+00:00,,6,UNSAFE,entry_created_after_closing
2026-07-02,6,11,16:42:00,2026-08-05T01:57:39.042063+00:00,2026-08-05T01:57:41.26721+00:00,2026-08-05T01:57:41.26721+00:00,,6,UNSAFE,entry_created_after_closing
2026-07-02,6,12,17:10:00,2026-08-05T01:57:39.042063+00:00,2026-08-05T01:57:40.191338+00:00,2026-08-05T01:57:40.191338+00:00,,6,UNSAFE,entry_created_after_closing
2026-07-02,7,1,15:28:00,2026-08-05T01:57:39.042063+00:00,2026-08-05T01:57:40.191338+00:00,2026-08-05T01:57:40.191338+00:00,,6,UNSAFE,entry_created_after_closing
2026-07-02,7,2,16:02:00,2026-08-05T01:57:39.042063+00:00,2026-08-05T01:57:40.191338+00:00,2026-08-05T01:57:40.191338+00:00,,6,UNSAFE,entry_created_after_closing
2026-07-02,7,3,16:39:00,2026-08-05T01:57:39.042063+00:00,2026-08-05T01:57:41.26721+00:00,2026-08-05T01:57:41.26721+00:00,,6,UNSAFE,entry_created_after_closing
2026-07-02,7,4,17:13:00,2026-08-05T01:57:39.042063+00:00,2026-08-05T01:57:40.191338+00:00,2026-08-05T01:57:40.191338+00:00,,6,UNSAFE,entry_created_after_closing
2026-07-02,7,5,17:37:00,2026-08-05T01:57:39.042063+00:00,2026-08-05T01:57:40.191338+00:00,2026-08-05T01:57:40.191338+00:00,,6,UNSAFE,entry_created_after_closing
2026-07-02,7,6,18:04:00,2026-08-05T01:57:39.042063+00:00,2026-08-05T01:57:40.191338+00:00,2026-08-05T01:57:40.191338+00:00,,6,UNSAFE,entry_created_after_closing
2026-07-02,7,7,18:28:00,2026-08-05T01:57:39.042063+00:00,2026-08-05T01:57:40.191338+00:00,2026-08-05T01:57:40.191338+00:00,,6,UNSAFE,entry_created_after_closing
2026-07-02,7,8,18:54:00,2026-08-05T01:57:39.042063+00:00,2026-08-05T01:57:40.191338+00:00,2026-08-05T01:57:40.191338+00:00,,6,UNSAFE,entry_created_after_closing
2026-07-02,7,9,19:23:00,2026-08-05T01:57:39.042063+00:00,2026-08-05T01:57:42.097296+00:00,2026-08-05T01:57:42.097296+00:00,,6,UNSAFE,entry_created_after_closing
2026-07-02,7,10,19:50:00,2026-08-05T01:57:39.042063+00:00,2026-08-05T01:57:40.191338+00:00,2026-08-05T01:57:40.191338+00:00,,6,UNSAFE,entry_created_after_closing
2026-07-02,7,11,20:16:00,2026-08-05T01:57:39.042063+00:00,2026-08-05T01:57:42.097296+00:00,2026-08-05T01:57:42.097296+00:00,,6,UNSAFE,entry_created_after_closing
2026-07-02,7,12,20:45:00,2026-08-05T01:57:39.042063+00:00,2026-08-05T01:57:41.26721+00:00,2026-08-05T01:57:41.26721+00:00,,6,UNSAFE,entry_created_after_closing
2026-07-02,8,1,10:39:00,2026-08-05T01:57:42.926739+00:00,2026-08-05T01:57:44.435725+00:00,2026-08-05T01:57:44.435725+00:00,,6,UNSAFE,entry_created_after_closing
2026-07-02,8,2,11:08:00,2026-08-05T01:57:42.926739+00:00,2026-08-05T01:57:43.750053+00:00,2026-08-05T01:57:43.750053+00:00,,6,UNSAFE,entry_created_after_closing
2026-07-02,8,3,11:36:00,2026-08-05T01:57:42.926739+00:00,2026-08-05T01:57:43.750053+00:00,2026-08-05T01:57:43.750053+00:00,,6,UNSAFE,entry_created_after_closing
2026-07-02,8,4,12:12:00,2026-08-05T01:57:42.926739+00:00,2026-08-05T01:57:44.435725+00:00,2026-08-05T01:57:44.435725+00:00,,6,UNSAFE,entry_created_after_closing
2026-07-02,8,5,12:40:00,2026-08-05T01:57:42.926739+00:00,2026-08-05T01:57:45.175555+00:00,2026-08-05T01:57:45.175555+00:00,,6,UNSAFE,entry_created_after_closing
2026-07-02,8,6,13:09:00,2026-08-05T01:57:42.926739+00:00,2026-08-05T01:57:43.750053+00:00,2026-08-05T01:57:43.750053+00:00,,6,UNSAFE,entry_created_after_closing
2026-07-02,8,7,13:44:00,2026-08-05T01:57:42.926739+00:00,2026-08-05T01:57:44.435725+00:00,2026-08-05T01:57:44.435725+00:00,,6,UNSAFE,entry_created_after_closing
2026-07-02,8,8,14:13:00,2026-08-05T01:57:42.926739+00:00,2026-08-05T01:57:45.175555+00:00,2026-08-05T01:57:45.175555+00:00,,6,UNSAFE,entry_created_after_closing
2026-07-02,8,9,14:41:00,2026-08-05T01:57:42.926739+00:00,2026-08-05T01:57:44.435725+00:00,2026-08-05T01:57:44.435725+00:00,,6,UNSAFE,entry_created_after_closing
2026-07-02,8,10,15:15:00,2026-08-05T01:57:42.926739+00:00,2026-08-05T01:57:43.750053+00:00,2026-08-05T01:57:43.750053+00:00,,6,UNSAFE,entry_created_after_closing
2026-07-02,8,11,15:46:00,2026-08-05T01:57:42.926739+00:00,2026-08-05T01:57:43.750053+00:00,2026-08-05T01:57:43.750053+00:00,,6,UNSAFE,entry_created_after_closing
2026-07-02,8,12,16:26:00,2026-08-05T01:57:42.926739+00:00,2026-08-05T01:57:43.750053+00:00,2026-08-05T01:57:43.750053+00:00,,6,UNSAFE,entry_created_after_closing
2026-07-02,11,1,10:34:00,2026-08-05T01:57:39.042063+00:00,2026-08-05T01:57:40.191338+00:00,2026-08-05T01:57:40.191338+00:00,,6,UNSAFE,entry_created_after_closing
2026-07-02,11,2,11:03:00,2026-08-05T01:57:39.042063+00:00,2026-08-05T01:57:40.191338+00:00,2026-08-05T01:57:40.191338+00:00,,6,UNSAFE,entry_created_after_closing
2026-07-02,11,3,11:30:00,2026-08-05T01:57:39.042063+00:00,2026-08-05T01:57:40.191338+00:00,2026-08-05T01:57:40.191338+00:00,,6,UNSAFE,entry_created_after_closing
2026-07-02,11,4,11:59:00,2026-08-05T01:57:39.042063+00:00,2026-08-05T01:57:41.26721+00:00,2026-08-05T01:57:41.26721+00:00,,6,UNSAFE,entry_created_after_closing
2026-07-02,11,5,12:27:00,2026-08-05T01:57:39.042063+00:00,2026-08-05T01:57:40.191338+00:00,2026-08-05T01:57:40.191338+00:00,,6,UNSAFE,entry_created_after_closing
2026-07-02,11,6,13:00:00,2026-08-05T01:57:39.042063+00:00,2026-08-05T01:57:41.26721+00:00,2026-08-05T01:57:41.26721+00:00,,6,UNSAFE,entry_created_after_closing
2026-07-02,11,7,13:35:00,2026-08-05T01:57:39.042063+00:00,2026-08-05T01:57:42.097296+00:00,2026-08-05T01:57:42.097296+00:00,,6,UNSAFE,entry_created_after_closing
2026-07-02,11,8,14:10:00,2026-08-05T01:57:39.042063+00:00,2026-08-05T01:57:40.191338+00:00,2026-08-05T01:57:40.191338+00:00,,6,UNSAFE,entry_created_after_closing
2026-07-02,11,9,14:48:00,2026-08-05T01:57:39.042063+00:00,2026-08-05T01:57:42.097296+00:00,2026-08-05T01:57:42.097296+00:00,,6,UNSAFE,entry_created_after_closing
2026-07-02,11,10,15:18:00,2026-08-05T01:57:39.042063+00:00,2026-08-05T01:57:40.191338+00:00,2026-08-05T01:57:40.191338+00:00,,6,UNSAFE,entry_created_after_closing
2026-07-02,11,11,15:48:00,2026-08-05T01:57:39.042063+00:00,2026-08-05T01:57:40.191338+00:00,2026-08-05T01:57:40.191338+00:00,,6,UNSAFE,entry_created_after_closing
2026-07-02,11,12,16:31:00,2026-08-05T01:57:39.042063+00:00,2026-08-05T01:57:40.191338+00:00,2026-08-05T01:57:40.191338+00:00,,6,UNSAFE,entry_created_after_closing
2026-07-02,16,1,10:42:00,2026-08-05T01:57:42.926739+00:00,2026-08-05T01:57:44.435725+00:00,2026-08-05T01:57:44.435725+00:00,,6,UNSAFE,entry_created_after_closing
2026-07-02,16,2,11:12:00,2026-08-05T01:57:42.926739+00:00,2026-08-05T01:57:43.750053+00:00,2026-08-05T01:57:43.750053+00:00,,6,UNSAFE,entry_created_after_closing
2026-07-02,16,3,11:43:00,2026-08-05T01:57:42.926739+00:00,2026-08-05T01:57:43.750053+00:00,2026-08-05T01:57:43.750053+00:00,,6,UNSAFE,entry_created_after_closing
2026-07-02,16,4,12:15:00,2026-08-05T01:57:42.926739+00:00,2026-08-05T01:57:45.175555+00:00,2026-08-05T01:57:45.175555+00:00,,6,UNSAFE,entry_created_after_closing
2026-07-02,16,5,12:51:00,2026-08-05T01:57:42.926739+00:00,2026-08-05T01:57:44.435725+00:00,2026-08-05T01:57:44.435725+00:00,,6,UNSAFE,entry_created_after_closing
2026-07-02,16,6,13:22:00,2026-08-05T01:57:42.926739+00:00,2026-08-05T01:57:45.175555+00:00,2026-08-05T01:57:45.175555+00:00,,6,UNSAFE,entry_created_after_closing
2026-07-02,16,7,13:53:00,2026-08-05T01:57:42.926739+00:00,2026-08-05T01:57:43.750053+00:00,2026-08-05T01:57:43.750053+00:00,,6,UNSAFE,entry_created_after_closing
2026-07-02,16,8,14:24:00,2026-08-05T01:57:42.926739+00:00,2026-08-05T01:57:44.435725+00:00,2026-08-05T01:57:44.435725+00:00,,6,UNSAFE,entry_created_after_closing
2026-07-02,16,9,14:56:00,2026-08-05T01:57:42.926739+00:00,2026-08-05T01:57:45.175555+00:00,2026-08-05T01:57:45.175555+00:00,,6,UNSAFE,entry_created_after_closing
2026-07-02,16,10,15:30:00,2026-08-05T01:57:42.926739+00:00,2026-08-05T01:57:44.435725+00:00,2026-08-05T01:57:44.435725+00:00,,6,UNSAFE,entry_created_after_closing
2026-07-02,16,11,16:11:00,2026-08-05T01:57:42.926739+00:00,2026-08-05T01:57:43.750053+00:00,2026-08-05T01:57:43.750053+00:00,,6,UNSAFE,entry_created_after_closing
2026-07-02,16,12,16:50:00,2026-08-05T01:57:42.926739+00:00,2026-08-05T01:57:43.750053+00:00,2026-08-05T01:57:43.750053+00:00,,6,UNSAFE,entry_created_after_closing
2026-07-02,19,1,15:26:00,2026-08-05T01:57:39.042063+00:00,2026-08-05T01:57:41.26721+00:00,2026-08-05T01:57:41.26721+00:00,,6,UNSAFE,entry_created_after_closing
2026-07-02,19,2,15:58:00,2026-08-05T01:57:39.042063+00:00,2026-08-05T01:57:41.26721+00:00,2026-08-05T01:57:41.26721+00:00,,6,UNSAFE,entry_created_after_closing
2026-07-02,19,3,16:34:00,2026-08-05T01:57:39.042063+00:00,2026-08-05T01:57:41.26721+00:00,2026-08-05T01:57:41.26721+00:00,,6,UNSAFE,entry_created_after_closing
2026-07-02,19,4,17:06:00,2026-08-05T01:57:39.042063+00:00,2026-08-05T01:57:40.191338+00:00,2026-08-05T01:57:40.191338+00:00,,6,UNSAFE,entry_created_after_closing
2026-07-02,19,5,17:30:00,2026-08-05T01:57:39.042063+00:00,2026-08-05T01:57:40.191338+00:00,2026-08-05T01:57:40.191338+00:00,,6,UNSAFE,entry_created_after_closing
2026-07-02,19,6,17:57:00,2026-08-05T01:57:39.042063+00:00,2026-08-05T01:57:40.191338+00:00,2026-08-05T01:57:40.191338+00:00,,6,UNSAFE,entry_created_after_closing
2026-07-02,19,7,18:21:00,2026-08-05T01:57:39.042063+00:00,2026-08-05T01:57:40.191338+00:00,2026-08-05T01:57:40.191338+00:00,,6,UNSAFE,entry_created_after_closing
2026-07-02,19,8,18:47:00,2026-08-05T01:57:39.042063+00:00,2026-08-05T01:57:42.097296+00:00,2026-08-05T01:57:42.097296+00:00,,6,UNSAFE,entry_created_after_closing
2026-07-02,19,9,19:16:00,2026-08-05T01:57:39.042063+00:00,2026-08-05T01:57:42.097296+00:00,2026-08-05T01:57:42.097296+00:00,,6,UNSAFE,entry_created_after_closing
2026-07-02,19,10,19:43:00,2026-08-05T01:57:39.042063+00:00,2026-08-05T01:57:41.26721+00:00,2026-08-05T01:57:41.26721+00:00,,6,UNSAFE,entry_created_after_closing
2026-07-02,19,11,20:09:00,2026-08-05T01:57:39.042063+00:00,2026-08-05T01:57:41.26721+00:00,2026-08-05T01:57:41.26721+00:00,,6,UNSAFE,entry_created_after_closing
2026-07-02,19,12,20:38:00,2026-08-05T01:57:39.042063+00:00,2026-08-05T01:57:41.26721+00:00,2026-08-05T01:57:41.26721+00:00,,6,UNSAFE,entry_created_after_closing
2026-07-02,20,1,17:41:00,2026-08-05T01:57:39.042063+00:00,2026-08-05T01:57:40.191338+00:00,2026-08-05T01:57:40.191338+00:00,,6,UNSAFE,entry_created_after_closing
2026-07-02,20,2,18:08:00,2026-08-05T01:57:39.042063+00:00,2026-08-05T01:57:40.191338+00:00,2026-08-05T01:57:40.191338+00:00,,6,UNSAFE,entry_created_after_closing
2026-07-02,20,3,18:34:00,2026-08-05T01:57:39.042063+00:00,2026-08-05T01:57:42.097296+00:00,2026-08-05T01:57:42.097296+00:00,,6,UNSAFE,entry_created_after_closing
2026-07-02,20,4,19:03:00,2026-08-05T01:57:39.042063+00:00,2026-08-05T01:57:42.097296+00:00,2026-08-05T01:57:42.097296+00:00,,6,UNSAFE,entry_created_after_closing
2026-07-02,20,5,19:30:00,2026-08-05T01:57:39.042063+00:00,2026-08-05T01:57:42.097296+00:00,2026-08-05T01:57:42.097296+00:00,,6,UNSAFE,entry_created_after_closing
2026-07-02,20,6,19:56:00,2026-08-05T01:57:39.042063+00:00,2026-08-05T01:57:40.191338+00:00,2026-08-05T01:57:40.191338+00:00,,6,UNSAFE,entry_created_after_closing
2026-07-02,20,7,20:25:00,2026-08-05T01:57:39.042063+00:00,2026-08-05T01:57:40.191338+00:00,2026-08-05T01:57:40.191338+00:00,,6,UNSAFE,entry_created_after_closing
2026-07-02,20,8,21:00:00,2026-08-05T01:57:39.042063+00:00,2026-08-05T01:57:42.097296+00:00,2026-08-05T01:57:42.097296+00:00,,6,UNSAFE,entry_created_after_closing
2026-07-02,20,9,21:28:00,2026-08-05T01:57:39.042063+00:00,2026-08-05T01:57:42.097296+00:00,2026-08-05T01:57:42.097296+00:00,,6,UNSAFE,entry_created_after_closing
2026-07-02,20,10,21:57:00,2026-08-05T01:57:39.042063+00:00,2026-08-05T01:57:41.26721+00:00,2026-08-05T01:57:41.26721+00:00,,6,UNSAFE,entry_created_after_closing
2026-07-02,20,11,22:27:00,2026-08-05T01:57:39.042063+00:00,2026-08-05T01:57:40.191338+00:00,2026-08-05T01:57:40.191338+00:00,,6,UNSAFE,entry_created_after_closing
2026-07-02,20,12,22:54:00,2026-08-05T01:57:39.042063+00:00,2026-08-05T01:57:41.26721+00:00,2026-08-05T01:57:41.26721+00:00,,6,UNSAFE,entry_created_after_closing
2026-07-02,21,1,08:32:00,2026-08-05T01:57:39.042063+00:00,2026-08-05T01:57:40.191338+00:00,2026-08-05T01:57:40.191338+00:00,,6,UNSAFE,entry_created_after_closing
2026-07-02,21,2,08:58:00,2026-08-05T01:57:39.042063+00:00,2026-08-05T01:57:40.191338+00:00,2026-08-05T01:57:40.191338+00:00,,6,UNSAFE,entry_created_after_closing
2026-07-02,21,3,09:24:00,2026-08-05T01:57:39.042063+00:00,2026-08-05T01:57:42.097296+00:00,2026-08-05T01:57:42.097296+00:00,,6,UNSAFE,entry_created_after_closing
2026-07-02,21,4,09:50:00,2026-08-05T01:57:39.042063+00:00,2026-08-05T01:57:41.26721+00:00,2026-08-05T01:57:41.26721+00:00,,6,UNSAFE,entry_created_after_closing
2026-07-02,21,5,10:18:00,2026-08-05T01:57:39.042063+00:00,2026-08-05T01:57:41.26721+00:00,2026-08-05T01:57:41.26721+00:00,,6,UNSAFE,entry_created_after_closing
2026-07-02,21,6,10:48:00,2026-08-05T01:57:39.042063+00:00,2026-08-05T01:57:40.191338+00:00,2026-08-05T01:57:40.191338+00:00,,6,UNSAFE,entry_created_after_closing
2026-07-02,21,7,11:18:00,2026-08-05T01:57:39.042063+00:00,2026-08-05T01:57:40.191338+00:00,2026-08-05T01:57:40.191338+00:00,,6,UNSAFE,entry_created_after_closing
2026-07-02,21,8,11:49:00,2026-08-05T01:57:39.042063+00:00,2026-08-05T01:57:42.097296+00:00,2026-08-05T01:57:42.097296+00:00,,6,UNSAFE,entry_created_after_closing
2026-07-02,21,9,12:22:00,2026-08-05T01:57:39.042063+00:00,2026-08-05T01:57:42.097296+00:00,2026-08-05T01:57:42.097296+00:00,,6,UNSAFE,entry_created_after_closing
2026-07-02,21,10,12:56:00,2026-08-05T01:57:39.042063+00:00,2026-08-05T01:57:41.26721+00:00,2026-08-05T01:57:41.26721+00:00,,6,UNSAFE,entry_created_after_closing
2026-07-02,21,11,13:28:00,2026-08-05T01:57:39.042063+00:00,2026-08-05T01:57:41.26721+00:00,2026-08-05T01:57:41.26721+00:00,,6,UNSAFE,entry_created_after_closing
2026-07-02,21,12,14:02:00,2026-08-05T01:57:39.042063+00:00,2026-08-05T01:57:42.097296+00:00,2026-08-05T01:57:42.097296+00:00,,6,UNSAFE,entry_created_after_closing
2026-07-02,22,1,12:20:00,2026-08-05T01:57:39.042063+00:00,2026-08-05T01:57:42.097296+00:00,2026-08-05T01:57:42.097296+00:00,,6,UNSAFE,entry_created_after_closing
2026-07-02,22,2,12:47:00,2026-08-05T01:57:39.042063+00:00,2026-08-05T01:57:42.097296+00:00,2026-08-05T01:57:42.097296+00:00,,6,UNSAFE,entry_created_after_closing
2026-07-02,22,3,13:17:00,2026-08-05T01:57:39.042063+00:00,2026-08-05T01:57:40.191338+00:00,2026-08-05T01:57:40.191338+00:00,,6,UNSAFE,entry_created_after_closing
2026-07-02,22,4,13:47:00,2026-08-05T01:57:39.042063+00:00,2026-08-05T01:57:42.097296+00:00,2026-08-05T01:57:42.097296+00:00,,6,UNSAFE,entry_created_after_closing
2026-07-02,22,5,14:21:00,2026-08-05T01:57:39.042063+00:00,2026-08-05T01:57:42.097296+00:00,2026-08-05T01:57:42.097296+00:00,,6,UNSAFE,entry_created_after_closing
2026-07-02,22,6,14:51:00,2026-08-05T01:57:39.042063+00:00,2026-08-05T01:57:40.191338+00:00,2026-08-05T01:57:40.191338+00:00,,6,UNSAFE,entry_created_after_closing
2026-07-02,22,7,15:21:00,2026-08-05T01:57:39.042063+00:00,2026-08-05T01:57:42.097296+00:00,2026-08-05T01:57:42.097296+00:00,,6,UNSAFE,entry_created_after_closing
2026-07-02,22,8,15:56:00,2026-08-05T01:57:39.042063+00:00,2026-08-05T01:57:40.191338+00:00,2026-08-05T01:57:40.191338+00:00,,6,UNSAFE,entry_created_after_closing
2026-07-02,22,9,16:24:00,2026-08-05T01:57:39.042063+00:00,2026-08-05T01:57:40.191338+00:00,2026-08-05T01:57:40.191338+00:00,,6,UNSAFE,entry_created_after_closing
2026-07-02,22,10,16:56:00,2026-08-05T01:57:39.042063+00:00,2026-08-05T01:57:41.26721+00:00,2026-08-05T01:57:41.26721+00:00,,6,UNSAFE,entry_created_after_closing
2026-07-02,22,11,17:28:00,2026-08-05T01:57:39.042063+00:00,2026-08-05T01:57:41.26721+00:00,2026-08-05T01:57:41.26721+00:00,,6,UNSAFE,entry_created_after_closing
2026-07-02,22,12,18:00:00,2026-08-05T01:57:39.042063+00:00,2026-08-05T01:57:41.26721+00:00,2026-08-05T01:57:41.26721+00:00,,6,UNSAFE,entry_created_after_closing
2026-07-02,23,1,08:44:00,2026-08-05T01:57:39.042063+00:00,2026-08-05T01:57:41.26721+00:00,2026-08-05T01:57:41.26721+00:00,,6,UNSAFE,entry_created_after_closing
2026-07-02,23,2,09:10:00,2026-08-05T01:57:39.042063+00:00,2026-08-05T01:57:41.26721+00:00,2026-08-05T01:57:41.26721+00:00,,6,UNSAFE,entry_created_after_closing
2026-07-02,23,3,09:36:00,2026-08-05T01:57:39.042063+00:00,2026-08-05T01:57:39.042063+00:00,2026-08-05T01:57:39.042063+00:00,,6,UNSAFE,entry_created_after_closing
2026-07-02,23,4,10:02:00,2026-08-05T01:57:39.042063+00:00,2026-08-05T01:57:41.26721+00:00,2026-08-05T01:57:41.26721+00:00,,6,UNSAFE,entry_created_after_closing
2026-07-02,23,5,10:30:00,2026-08-05T01:57:39.042063+00:00,2026-08-05T01:57:39.042063+00:00,2026-08-05T01:57:39.042063+00:00,,6,UNSAFE,entry_created_after_closing
2026-07-02,23,6,10:59:00,2026-08-05T01:57:39.042063+00:00,2026-08-05T01:57:42.097296+00:00,2026-08-05T01:57:42.097296+00:00,,6,UNSAFE,entry_created_after_closing
2026-07-02,23,7,11:28:00,2026-08-05T01:57:39.042063+00:00,2026-08-05T01:57:41.26721+00:00,2026-08-05T01:57:41.26721+00:00,,6,UNSAFE,entry_created_after_closing
2026-07-02,23,8,12:04:00,2026-08-05T01:57:39.042063+00:00,2026-08-05T01:57:39.042063+00:00,2026-08-05T01:57:39.042063+00:00,,6,UNSAFE,entry_created_after_closing
2026-07-02,23,9,12:36:00,2026-08-05T01:57:39.042063+00:00,2026-08-05T01:57:39.042063+00:00,2026-08-05T01:57:39.042063+00:00,,6,UNSAFE,entry_created_after_closing
2026-07-02,23,10,13:07:00,2026-08-05T01:57:39.042063+00:00,2026-08-05T01:57:41.26721+00:00,2026-08-05T01:57:41.26721+00:00,,6,UNSAFE,entry_created_after_closing
2026-07-02,23,11,13:39:00,2026-08-05T01:57:39.042063+00:00,2026-08-05T01:57:39.042063+00:00,2026-08-05T01:57:39.042063+00:00,,6,UNSAFE,entry_created_after_closing
2026-07-02,23,12,14:15:00,2026-08-05T01:57:39.042063+00:00,2026-08-05T01:57:41.26721+00:00,2026-08-05T01:57:41.26721+00:00,,6,UNSAFE,entry_created_after_closing
2026-07-02,24,1,15:23:00,2026-08-05T01:57:39.042063+00:00,2026-08-05T01:57:40.191338+00:00,2026-08-05T01:57:40.191338+00:00,,6,UNSAFE,entry_created_after_closing
2026-07-02,24,2,15:49:00,2026-08-05T01:57:39.042063+00:00,2026-08-05T01:57:42.097296+00:00,2026-08-05T01:57:42.097296+00:00,,6,UNSAFE,entry_created_after_closing
2026-07-02,24,3,16:28:00,2026-08-05T01:57:39.042063+00:00,2026-08-05T01:57:42.097296+00:00,2026-08-05T01:57:42.097296+00:00,,6,UNSAFE,entry_created_after_closing
2026-07-02,24,4,17:00:00,2026-08-05T01:57:39.042063+00:00,2026-08-05T01:57:42.097296+00:00,2026-08-05T01:57:42.097296+00:00,,6,UNSAFE,entry_created_after_closing
2026-07-02,24,5,17:24:00,2026-08-05T01:57:39.042063+00:00,2026-08-05T01:57:42.097296+00:00,2026-08-05T01:57:42.097296+00:00,,6,UNSAFE,entry_created_after_closing
2026-07-02,24,6,17:50:00,2026-08-05T01:57:39.042063+00:00,2026-08-05T01:57:42.097296+00:00,2026-08-05T01:57:42.097296+00:00,,6,UNSAFE,entry_created_after_closing
2026-07-02,24,7,18:14:00,2026-08-05T01:57:39.042063+00:00,2026-08-05T01:57:40.191338+00:00,2026-08-05T01:57:40.191338+00:00,,6,UNSAFE,entry_created_after_closing
2026-07-02,24,8,18:40:00,2026-08-05T01:57:39.042063+00:00,2026-08-05T01:57:40.191338+00:00,2026-08-05T01:57:40.191338+00:00,,6,UNSAFE,entry_created_after_closing
2026-07-02,24,9,19:09:00,2026-08-05T01:57:39.042063+00:00,2026-08-05T01:57:40.191338+00:00,2026-08-05T01:57:40.191338+00:00,,6,UNSAFE,entry_created_after_closing
2026-07-02,24,10,19:36:00,2026-08-05T01:57:39.042063+00:00,2026-08-05T01:57:42.097296+00:00,2026-08-05T01:57:42.097296+00:00,,6,UNSAFE,entry_created_after_closing
2026-07-02,24,11,20:02:00,2026-08-05T01:57:39.042063+00:00,2026-08-05T01:57:40.191338+00:00,2026-08-05T01:57:40.191338+00:00,,6,UNSAFE,entry_created_after_closing
2026-07-02,24,12,20:31:00,2026-08-05T01:57:39.042063+00:00,2026-08-05T01:57:41.26721+00:00,2026-08-05T01:57:41.26721+00:00,,6,UNSAFE,entry_created_after_closing
2026-07-03,4,1,11:55:00,2026-08-05T01:58:34.540921+00:00,2026-08-05T01:58:35.625197+00:00,2026-08-05T01:58:35.625197+00:00,,6,UNSAFE,entry_created_after_closing
2026-07-03,4,2,12:24:00,2026-08-05T01:58:34.540921+00:00,2026-08-05T01:58:36.466506+00:00,2026-08-05T01:58:36.466506+00:00,,6,UNSAFE,entry_created_after_closing
2026-07-03,4,3,12:54:00,2026-08-05T01:58:34.540921+00:00,2026-08-05T01:58:37.163932+00:00,2026-08-05T01:58:37.163932+00:00,,6,UNSAFE,entry_created_after_closing
2026-07-03,4,4,13:25:00,2026-08-05T01:58:34.540921+00:00,2026-08-05T01:58:35.625197+00:00,2026-08-05T01:58:35.625197+00:00,,6,UNSAFE,entry_created_after_closing
2026-07-03,4,5,13:55:00,2026-08-05T01:58:36.466506+00:00,2026-08-05T01:58:37.163932+00:00,2026-08-05T01:58:37.163932+00:00,,6,UNSAFE,entry_created_after_closing
2026-07-03,4,6,14:28:00,2026-08-05T01:58:34.540921+00:00,2026-08-05T01:58:35.625197+00:00,2026-08-05T01:58:35.625197+00:00,,6,UNSAFE,entry_created_after_closing
2026-07-03,4,7,15:00:00,2026-08-05T01:58:34.540921+00:00,2026-08-05T01:58:36.466506+00:00,2026-08-05T01:58:36.466506+00:00,,6,UNSAFE,entry_created_after_closing
2026-07-03,4,8,15:32:00,2026-08-05T01:58:35.625197+00:00,2026-08-05T01:58:36.466506+00:00,2026-08-05T01:58:36.466506+00:00,,6,UNSAFE,entry_created_after_closing
2026-07-03,4,9,16:05:00,2026-08-05T01:58:34.540921+00:00,2026-08-05T01:58:36.466506+00:00,2026-08-05T01:58:36.466506+00:00,,6,UNSAFE,entry_created_after_closing
2026-07-03,4,10,16:37:00,2026-08-05T01:58:34.540921+00:00,2026-08-05T01:58:35.625197+00:00,2026-08-05T01:58:35.625197+00:00,,6,UNSAFE,entry_created_after_closing
2026-07-03,4,11,17:08:00,2026-08-05T01:58:34.540921+00:00,2026-08-05T01:58:37.163932+00:00,2026-08-05T01:58:37.163932+00:00,,6,UNSAFE,entry_created_after_closing
2026-07-03,4,12,17:42:00,2026-08-05T01:58:34.540921+00:00,2026-08-05T01:58:35.625197+00:00,2026-08-05T01:58:35.625197+00:00,,6,UNSAFE,entry_created_after_closing
2026-07-03,6,1,11:33:00,2026-08-05T01:58:34.540921+00:00,2026-08-05T01:58:36.466506+00:00,2026-08-05T01:58:36.466506+00:00,,6,UNSAFE,entry_created_after_closing
2026-07-03,6,2,11:58:00,2026-08-05T01:58:34.540921+00:00,2026-08-05T01:58:37.163932+00:00,2026-08-05T01:58:37.163932+00:00,,6,UNSAFE,entry_created_after_closing
2026-07-03,6,3,12:32:00,2026-08-05T01:58:34.540921+00:00,2026-08-05T01:58:35.625197+00:00,2026-08-05T01:58:35.625197+00:00,,6,UNSAFE,entry_created_after_closing
2026-07-03,6,4,13:03:00,2026-08-05T01:58:34.540921+00:00,2026-08-05T01:58:37.163932+00:00,2026-08-05T01:58:37.163932+00:00,,6,UNSAFE,entry_created_after_closing
2026-07-03,6,5,13:29:00,2026-08-05T01:58:34.540921+00:00,2026-08-05T01:58:37.163932+00:00,2026-08-05T01:58:37.163932+00:00,,6,UNSAFE,entry_created_after_closing
2026-07-03,6,6,14:00:00,2026-08-05T01:58:36.466506+00:00,2026-08-05T01:58:37.163932+00:00,2026-08-05T01:58:37.163932+00:00,,6,UNSAFE,entry_created_after_closing
2026-07-03,6,7,14:31:00,2026-08-05T01:58:34.540921+00:00,2026-08-05T01:58:35.625197+00:00,2026-08-05T01:58:35.625197+00:00,,6,UNSAFE,entry_created_after_closing
2026-07-03,6,8,14:58:00,2026-08-05T01:58:34.540921+00:00,2026-08-05T01:58:37.163932+00:00,2026-08-05T01:58:37.163932+00:00,,6,UNSAFE,entry_created_after_closing
2026-07-03,6,9,15:36:00,2026-08-05T01:58:34.540921+00:00,2026-08-05T01:58:35.625197+00:00,2026-08-05T01:58:35.625197+00:00,,6,UNSAFE,entry_created_after_closing
2026-07-03,6,10,16:08:00,2026-08-05T01:58:34.540921+00:00,2026-08-05T01:58:37.163932+00:00,2026-08-05T01:58:37.163932+00:00,,6,UNSAFE,entry_created_after_closing
2026-07-03,6,11,16:43:00,2026-08-05T01:58:34.540921+00:00,2026-08-05T01:58:35.625197+00:00,2026-08-05T01:58:35.625197+00:00,,6,UNSAFE,entry_created_after_closing
2026-07-03,6,12,17:10:00,2026-08-05T01:58:34.540921+00:00,2026-08-05T01:58:37.813886+00:00,2026-08-05T01:58:37.813886+00:00,,6,UNSAFE,entry_created_after_closing
2026-07-03,7,1,15:28:00,2026-08-05T01:58:34.540921+00:00,2026-08-05T01:58:37.163932+00:00,2026-08-05T01:58:37.163932+00:00,,6,UNSAFE,entry_created_after_closing
2026-07-03,7,2,16:02:00,2026-08-05T01:58:34.540921+00:00,2026-08-05T01:58:36.466506+00:00,2026-08-05T01:58:36.466506+00:00,,6,UNSAFE,entry_created_after_closing
2026-07-03,7,3,16:39:00,2026-08-05T01:58:36.466506+00:00,2026-08-05T01:58:37.163932+00:00,2026-08-05T01:58:37.163932+00:00,,6,UNSAFE,entry_created_after_closing
2026-07-03,7,4,17:13:00,2026-08-05T01:58:34.540921+00:00,2026-08-05T01:58:36.466506+00:00,2026-08-05T01:58:36.466506+00:00,,6,UNSAFE,entry_created_after_closing
2026-07-03,7,5,17:37:00,2026-08-05T01:58:34.540921+00:00,2026-08-05T01:58:35.625197+00:00,2026-08-05T01:58:35.625197+00:00,,6,UNSAFE,entry_created_after_closing
2026-07-03,7,6,18:04:00,2026-08-05T01:58:34.540921+00:00,2026-08-05T01:58:36.466506+00:00,2026-08-05T01:58:36.466506+00:00,,6,UNSAFE,entry_created_after_closing
2026-07-03,7,7,18:28:00,2026-08-05T01:58:34.540921+00:00,2026-08-05T01:58:36.466506+00:00,2026-08-05T01:58:36.466506+00:00,,6,UNSAFE,entry_created_after_closing
2026-07-03,7,8,18:54:00,2026-08-05T01:58:34.540921+00:00,2026-08-05T01:58:35.625197+00:00,2026-08-05T01:58:35.625197+00:00,,6,UNSAFE,entry_created_after_closing
2026-07-03,7,9,19:23:00,2026-08-05T01:58:34.540921+00:00,2026-08-05T01:58:36.466506+00:00,2026-08-05T01:58:36.466506+00:00,,6,UNSAFE,entry_created_after_closing
2026-07-03,7,10,19:50:00,2026-08-05T01:58:34.540921+00:00,2026-08-05T01:58:37.163932+00:00,2026-08-05T01:58:37.163932+00:00,,6,UNSAFE,entry_created_after_closing
2026-07-03,7,11,20:16:00,2026-08-05T01:58:34.540921+00:00,2026-08-05T01:58:35.625197+00:00,2026-08-05T01:58:35.625197+00:00,,6,UNSAFE,entry_created_after_closing
2026-07-03,7,12,20:45:00,2026-08-05T01:58:34.540921+00:00,2026-08-05T01:58:37.163932+00:00,2026-08-05T01:58:37.163932+00:00,,6,UNSAFE,entry_created_after_closing
2026-07-03,8,1,10:46:00,2026-08-05T01:58:39.232342+00:00,2026-08-05T01:58:40.045984+00:00,2026-08-05T01:58:40.045984+00:00,,6,UNSAFE,entry_created_after_closing
2026-07-03,8,2,11:15:00,2026-08-05T01:58:39.232342+00:00,2026-08-05T01:58:40.045984+00:00,2026-08-05T01:58:40.045984+00:00,,6,UNSAFE,entry_created_after_closing
2026-07-03,8,3,11:41:00,2026-08-05T01:58:39.232342+00:00,2026-08-05T01:58:41.438851+00:00,2026-08-05T01:58:41.438851+00:00,,6,UNSAFE,entry_created_after_closing
2026-07-03,8,4,12:12:00,2026-08-05T01:58:39.232342+00:00,2026-08-05T01:58:41.438851+00:00,2026-08-05T01:58:41.438851+00:00,,6,UNSAFE,entry_created_after_closing
2026-07-03,8,5,12:43:00,2026-08-05T01:58:39.232342+00:00,2026-08-05T01:58:40.045984+00:00,2026-08-05T01:58:40.045984+00:00,,6,UNSAFE,entry_created_after_closing
2026-07-03,8,6,13:14:00,2026-08-05T01:58:39.232342+00:00,2026-08-05T01:58:40.045984+00:00,2026-08-05T01:58:40.045984+00:00,,6,UNSAFE,entry_created_after_closing
2026-07-03,8,7,13:43:00,2026-08-05T01:58:39.232342+00:00,2026-08-05T01:58:40.773572+00:00,2026-08-05T01:58:40.773572+00:00,,6,UNSAFE,entry_created_after_closing
2026-07-03,8,8,14:12:00,2026-08-05T01:58:39.232342+00:00,2026-08-05T01:58:41.438851+00:00,2026-08-05T01:58:41.438851+00:00,,6,UNSAFE,entry_created_after_closing
2026-07-03,8,9,14:38:00,2026-08-05T01:58:39.232342+00:00,2026-08-05T01:58:41.438851+00:00,2026-08-05T01:58:41.438851+00:00,,6,UNSAFE,entry_created_after_closing
2026-07-03,8,10,15:04:00,2026-08-05T01:58:40.045984+00:00,2026-08-05T01:58:41.438851+00:00,2026-08-05T01:58:41.438851+00:00,,6,UNSAFE,entry_created_after_closing
2026-07-03,8,11,15:39:00,2026-08-05T01:58:39.232342+00:00,2026-08-05T01:58:40.045984+00:00,2026-08-05T01:58:40.045984+00:00,,6,UNSAFE,entry_created_after_closing
2026-07-03,8,12,16:16:00,2026-08-05T01:58:39.232342+00:00,2026-08-05T01:58:41.438851+00:00,2026-08-05T01:58:41.438851+00:00,,6,UNSAFE,entry_created_after_closing
2026-07-03,9,1,10:38:00,2026-08-05T01:58:34.540921+00:00,2026-08-05T01:58:35.625197+00:00,2026-08-05T01:58:35.625197+00:00,,6,UNSAFE,entry_created_after_closing
2026-07-03,9,2,11:07:00,2026-08-05T01:58:34.540921+00:00,2026-08-05T01:58:35.625197+00:00,2026-08-05T01:58:35.625197+00:00,,6,UNSAFE,entry_created_after_closing
2026-07-03,9,3,11:37:00,2026-08-05T01:58:34.540921+00:00,2026-08-05T01:58:36.466506+00:00,2026-08-05T01:58:36.466506+00:00,,6,UNSAFE,entry_created_after_closing
2026-07-03,9,4,12:09:00,2026-08-05T01:58:34.540921+00:00,2026-08-05T01:58:37.163932+00:00,2026-08-05T01:58:37.163932+00:00,,6,UNSAFE,entry_created_after_closing
2026-07-03,9,5,12:38:00,2026-08-05T01:58:34.540921+00:00,2026-08-05T01:58:37.163932+00:00,2026-08-05T01:58:37.163932+00:00,,6,UNSAFE,entry_created_after_closing
2026-07-03,9,6,13:08:00,2026-08-05T01:58:34.540921+00:00,2026-08-05T01:58:35.625197+00:00,2026-08-05T01:58:35.625197+00:00,,6,UNSAFE,entry_created_after_closing
2026-07-03,9,7,13:38:00,2026-08-05T01:58:34.540921+00:00,2026-08-05T01:58:37.163932+00:00,2026-08-05T01:58:37.163932+00:00,,6,UNSAFE,entry_created_after_closing
2026-07-03,9,8,14:11:00,2026-08-05T01:58:34.540921+00:00,2026-08-05T01:58:35.625197+00:00,2026-08-05T01:58:35.625197+00:00,,6,UNSAFE,entry_created_after_closing
2026-07-03,9,9,14:43:00,2026-08-05T01:58:34.540921+00:00,2026-08-05T01:58:37.163932+00:00,2026-08-05T01:58:37.163932+00:00,,6,UNSAFE,entry_created_after_closing
2026-07-03,9,10,15:16:00,2026-08-05T01:58:34.540921+00:00,2026-08-05T01:58:35.625197+00:00,2026-08-05T01:58:35.625197+00:00,,6,UNSAFE,entry_created_after_closing
2026-07-03,9,11,15:49:00,2026-08-05T01:58:34.540921+00:00,2026-08-05T01:58:35.625197+00:00,2026-08-05T01:58:35.625197+00:00,,6,UNSAFE,entry_created_after_closing
2026-07-03,9,12,16:25:00,2026-08-05T01:58:34.540921+00:00,2026-08-05T01:58:36.466506+00:00,2026-08-05T01:58:36.466506+00:00,,6,UNSAFE,entry_created_after_closing
2026-07-03,11,1,10:33:00,2026-08-05T01:58:34.540921+00:00,2026-08-05T01:58:36.466506+00:00,2026-08-05T01:58:36.466506+00:00,,6,UNSAFE,entry_created_after_closing
2026-07-03,11,2,10:58:00,2026-08-05T01:58:34.540921+00:00,2026-08-05T01:58:35.625197+00:00,2026-08-05T01:58:35.625197+00:00,,6,UNSAFE,entry_created_after_closing
2026-07-03,11,3,11:29:00,2026-08-05T01:58:34.540921+00:00,2026-08-05T01:58:36.466506+00:00,2026-08-05T01:58:36.466506+00:00,,6,UNSAFE,entry_created_after_closing
2026-07-03,11,4,12:01:00,2026-08-05T01:58:34.540921+00:00,2026-08-05T01:58:36.466506+00:00,2026-08-05T01:58:36.466506+00:00,,6,UNSAFE,entry_created_after_closing
2026-07-03,11,5,12:28:00,2026-08-05T01:58:34.540921+00:00,2026-08-05T01:58:36.466506+00:00,2026-08-05T01:58:36.466506+00:00,,6,UNSAFE,entry_created_after_closing
2026-07-03,11,6,13:00:00,2026-08-05T01:58:34.540921+00:00,2026-08-05T01:58:37.163932+00:00,2026-08-05T01:58:37.163932+00:00,,6,UNSAFE,entry_created_after_closing
2026-07-03,11,7,13:34:00,2026-08-05T01:58:34.540921+00:00,2026-08-05T01:58:35.625197+00:00,2026-08-05T01:58:35.625197+00:00,,6,UNSAFE,entry_created_after_closing
2026-07-03,11,8,14:08:00,2026-08-05T01:58:34.540921+00:00,2026-08-05T01:58:35.625197+00:00,2026-08-05T01:58:35.625197+00:00,,6,UNSAFE,entry_created_after_closing
2026-07-03,11,9,14:40:00,2026-08-05T01:58:34.540921+00:00,2026-08-05T01:58:37.163932+00:00,2026-08-05T01:58:37.163932+00:00,,6,UNSAFE,entry_created_after_closing
2026-07-03,11,10,15:13:00,2026-08-05T01:58:34.540921+00:00,2026-08-05T01:58:35.625197+00:00,2026-08-05T01:58:35.625197+00:00,,6,UNSAFE,entry_created_after_closing
2026-07-03,11,11,15:46:00,2026-08-05T01:58:34.540921+00:00,2026-08-05T01:58:37.163932+00:00,2026-08-05T01:58:37.163932+00:00,,6,UNSAFE,entry_created_after_closing
2026-07-03,11,12,16:19:00,2026-08-05T01:58:34.540921+00:00,2026-08-05T01:58:36.466506+00:00,2026-08-05T01:58:36.466506+00:00,,6,UNSAFE,entry_created_after_closing
2026-07-03,12,1,15:24:00,2026-08-05T01:58:40.045984+00:00,2026-08-05T01:58:41.438851+00:00,2026-08-05T01:58:41.438851+00:00,,6,UNSAFE,entry_created_after_closing
2026-07-03,12,2,15:56:00,2026-08-05T01:58:40.045984+00:00,2026-08-05T01:58:40.045984+00:00,2026-08-05T01:58:40.045984+00:00,,6,UNSAFE,entry_created_after_closing
2026-07-03,12,3,16:32:00,2026-08-05T01:58:40.045984+00:00,2026-08-05T01:58:41.438851+00:00,2026-08-05T01:58:41.438851+00:00,,6,UNSAFE,entry_created_after_closing
2026-07-03,12,4,17:00:00,2026-08-05T01:58:40.045984+00:00,2026-08-05T01:58:40.045984+00:00,2026-08-05T01:58:40.045984+00:00,,6,UNSAFE,entry_created_after_closing
2026-07-03,12,5,17:25:00,2026-08-05T01:58:40.045984+00:00,2026-08-05T01:58:40.045984+00:00,2026-08-05T01:58:40.045984+00:00,,6,UNSAFE,entry_created_after_closing
2026-07-03,12,6,17:50:00,2026-08-05T01:58:40.045984+00:00,2026-08-05T01:58:40.045984+00:00,2026-08-05T01:58:40.045984+00:00,,6,UNSAFE,entry_created_after_closing
2026-07-03,12,7,18:14:00,2026-08-05T01:58:40.045984+00:00,2026-08-05T01:58:41.438851+00:00,2026-08-05T01:58:41.438851+00:00,,6,UNSAFE,entry_created_after_closing
2026-07-03,12,8,18:40:00,2026-08-05T01:58:40.045984+00:00,2026-08-05T01:58:41.438851+00:00,2026-08-05T01:58:41.438851+00:00,,6,UNSAFE,entry_created_after_closing
2026-07-03,12,9,19:09:00,2026-08-05T01:58:40.045984+00:00,2026-08-05T01:58:40.045984+00:00,2026-08-05T01:58:40.045984+00:00,,6,UNSAFE,entry_created_after_closing
2026-07-03,12,10,19:36:00,2026-08-05T01:58:40.045984+00:00,2026-08-05T01:58:40.045984+00:00,2026-08-05T01:58:40.045984+00:00,,6,UNSAFE,entry_created_after_closing
2026-07-03,12,11,20:02:00,2026-08-05T01:58:40.045984+00:00,2026-08-05T01:58:40.045984+00:00,2026-08-05T01:58:40.045984+00:00,,6,UNSAFE,entry_created_after_closing
2026-07-03,12,12,20:31:00,2026-08-05T01:58:40.045984+00:00,2026-08-05T01:58:41.438851+00:00,2026-08-05T01:58:41.438851+00:00,,6,UNSAFE,entry_created_after_closing
2026-07-03,13,1,10:36:00,2026-08-05T01:58:33.137059+00:00,2026-08-05T01:58:38.493133+00:00,2026-08-05T01:58:38.493133+00:00,,6,UNSAFE,entry_created_after_closing
2026-07-03,13,2,11:04:00,2026-08-05T01:58:33.137059+00:00,2026-08-05T01:58:38.493133+00:00,2026-08-05T01:58:38.493133+00:00,,6,UNSAFE,entry_created_after_closing
2026-07-03,13,3,11:27:00,2026-08-05T01:58:33.137059+00:00,2026-08-05T01:58:38.493133+00:00,2026-08-05T01:58:38.493133+00:00,,6,UNSAFE,entry_created_after_closing
2026-07-03,13,4,11:53:00,2026-08-05T01:58:33.137059+00:00,2026-08-05T01:58:33.137059+00:00,2026-08-05T01:58:33.137059+00:00,,6,UNSAFE,entry_created_after_closing
2026-07-03,13,5,12:20:00,2026-08-05T01:58:33.137059+00:00,2026-08-05T01:58:38.493133+00:00,2026-08-05T01:58:38.493133+00:00,,6,UNSAFE,entry_created_after_closing
2026-07-03,13,6,12:48:00,2026-08-05T01:58:33.137059+00:00,2026-08-05T01:58:38.493133+00:00,2026-08-05T01:58:38.493133+00:00,,6,UNSAFE,entry_created_after_closing
2026-07-03,13,7,13:18:00,2026-08-05T01:58:33.137059+00:00,2026-08-05T01:58:33.137059+00:00,2026-08-05T01:58:33.137059+00:00,,6,UNSAFE,entry_created_after_closing
2026-07-03,13,8,13:58:00,2026-08-05T01:58:33.137059+00:00,2026-08-05T01:58:33.137059+00:00,2026-08-05T01:58:33.137059+00:00,,6,UNSAFE,entry_created_after_closing
2026-07-03,13,9,14:35:00,2026-08-05T01:58:33.137059+00:00,2026-08-05T01:58:38.493133+00:00,2026-08-05T01:58:38.493133+00:00,,6,UNSAFE,entry_created_after_closing
2026-07-03,13,10,15:10:00,2026-08-05T01:58:33.137059+00:00,2026-08-05T01:58:33.137059+00:00,2026-08-05T01:58:33.137059+00:00,,6,UNSAFE,entry_created_after_closing
2026-07-03,13,11,15:43:00,2026-08-05T01:58:33.137059+00:00,2026-08-05T01:58:33.137059+00:00,2026-08-05T01:58:33.137059+00:00,,6,UNSAFE,entry_created_after_closing
2026-07-03,13,12,16:23:00,2026-08-05T01:58:33.137059+00:00,2026-08-05T01:58:33.137059+00:00,2026-08-05T01:58:33.137059+00:00,,6,UNSAFE,entry_created_after_closing
2026-07-03,16,1,10:42:00,2026-08-05T01:58:39.232342+00:00,2026-08-05T01:58:40.045984+00:00,2026-08-05T01:58:40.045984+00:00,,6,UNSAFE,entry_created_after_closing
2026-07-03,16,2,11:12:00,2026-08-05T01:58:40.045984+00:00,2026-08-05T01:58:41.438851+00:00,2026-08-05T01:58:41.438851+00:00,,6,UNSAFE,entry_created_after_closing
2026-07-03,16,3,11:43:00,2026-08-05T01:58:40.045984+00:00,2026-08-05T01:58:41.438851+00:00,2026-08-05T01:58:41.438851+00:00,,6,UNSAFE,entry_created_after_closing
2026-07-03,16,4,12:15:00,2026-08-05T01:58:39.232342+00:00,2026-08-05T01:58:41.438851+00:00,2026-08-05T01:58:41.438851+00:00,,6,UNSAFE,entry_created_after_closing
2026-07-03,16,5,12:51:00,2026-08-05T01:58:39.232342+00:00,2026-08-05T01:58:40.045984+00:00,2026-08-05T01:58:40.045984+00:00,,6,UNSAFE,entry_created_after_closing
2026-07-03,16,6,13:22:00,2026-08-05T01:58:39.232342+00:00,2026-08-05T01:58:41.438851+00:00,2026-08-05T01:58:41.438851+00:00,,6,UNSAFE,entry_created_after_closing
2026-07-03,16,7,13:52:00,2026-08-05T01:58:39.232342+00:00,2026-08-05T01:58:41.438851+00:00,2026-08-05T01:58:41.438851+00:00,,6,UNSAFE,entry_created_after_closing
2026-07-03,16,8,14:23:00,2026-08-05T01:58:39.232342+00:00,2026-08-05T01:58:40.045984+00:00,2026-08-05T01:58:40.045984+00:00,,6,UNSAFE,entry_created_after_closing
2026-07-03,16,9,14:56:00,2026-08-05T01:58:39.232342+00:00,2026-08-05T01:58:40.045984+00:00,2026-08-05T01:58:40.045984+00:00,,6,UNSAFE,entry_created_after_closing
2026-07-03,16,10,15:30:00,2026-08-05T01:58:39.232342+00:00,2026-08-05T01:58:40.045984+00:00,2026-08-05T01:58:40.045984+00:00,,6,UNSAFE,entry_created_after_closing
2026-07-03,16,11,16:11:00,2026-08-05T01:58:39.232342+00:00,2026-08-05T01:58:41.438851+00:00,2026-08-05T01:58:41.438851+00:00,,6,UNSAFE,entry_created_after_closing
2026-07-03,16,12,16:50:00,2026-08-05T01:58:39.232342+00:00,2026-08-05T01:58:40.045984+00:00,2026-08-05T01:58:40.045984+00:00,,6,UNSAFE,entry_created_after_closing
2026-07-03,19,1,15:26:00,2026-08-05T01:58:34.540921+00:00,2026-08-05T01:58:35.625197+00:00,2026-08-05T01:58:35.625197+00:00,,6,UNSAFE,entry_created_after_closing
2026-07-03,19,2,15:59:00,2026-08-05T01:58:34.540921+00:00,2026-08-05T01:58:35.625197+00:00,2026-08-05T01:58:35.625197+00:00,,6,UNSAFE,entry_created_after_closing
2026-07-03,19,3,16:35:00,2026-08-05T01:58:34.540921+00:00,2026-08-05T01:58:36.466506+00:00,2026-08-05T01:58:36.466506+00:00,,6,UNSAFE,entry_created_after_closing
2026-07-03,19,4,17:06:00,2026-08-05T01:58:34.540921+00:00,2026-08-05T01:58:35.625197+00:00,2026-08-05T01:58:35.625197+00:00,,6,UNSAFE,entry_created_after_closing
2026-07-03,19,5,17:30:00,2026-08-05T01:58:34.540921+00:00,2026-08-05T01:58:36.466506+00:00,2026-08-05T01:58:36.466506+00:00,,6,UNSAFE,entry_created_after_closing
2026-07-03,19,6,17:57:00,2026-08-05T01:58:34.540921+00:00,2026-08-05T01:58:35.625197+00:00,2026-08-05T01:58:35.625197+00:00,,6,UNSAFE,entry_created_after_closing
2026-07-03,19,7,18:21:00,2026-08-05T01:58:34.540921+00:00,2026-08-05T01:58:35.625197+00:00,2026-08-05T01:58:35.625197+00:00,,6,UNSAFE,entry_created_after_closing
2026-07-03,19,8,18:47:00,2026-08-05T01:58:34.540921+00:00,2026-08-05T01:58:35.625197+00:00,2026-08-05T01:58:35.625197+00:00,,6,UNSAFE,entry_created_after_closing
2026-07-03,19,9,19:16:00,2026-08-05T01:58:34.540921+00:00,2026-08-05T01:58:35.625197+00:00,2026-08-05T01:58:35.625197+00:00,,6,UNSAFE,entry_created_after_closing
2026-07-03,19,10,19:43:00,2026-08-05T01:58:34.540921+00:00,2026-08-05T01:58:35.625197+00:00,2026-08-05T01:58:35.625197+00:00,,6,UNSAFE,entry_created_after_closing
2026-07-03,19,11,20:09:00,2026-08-05T01:58:34.540921+00:00,2026-08-05T01:58:36.466506+00:00,2026-08-05T01:58:36.466506+00:00,,6,UNSAFE,entry_created_after_closing
2026-07-03,19,12,20:38:00,2026-08-05T01:58:34.540921+00:00,2026-08-05T01:58:36.466506+00:00,2026-08-05T01:58:36.466506+00:00,,6,UNSAFE,entry_created_after_closing
2026-07-03,20,1,17:41:00,2026-08-05T01:58:34.540921+00:00,2026-08-05T01:58:37.163932+00:00,2026-08-05T01:58:37.163932+00:00,,6,UNSAFE,entry_created_after_closing
2026-07-03,20,2,18:08:00,2026-08-05T01:58:34.540921+00:00,2026-08-05T01:58:36.466506+00:00,2026-08-05T01:58:36.466506+00:00,,6,UNSAFE,entry_created_after_closing
2026-07-03,20,3,18:34:00,2026-08-05T01:58:34.540921+00:00,2026-08-05T01:58:35.625197+00:00,2026-08-05T01:58:35.625197+00:00,,6,UNSAFE,entry_created_after_closing
2026-07-03,20,4,19:03:00,2026-08-05T01:58:34.540921+00:00,2026-08-05T01:58:35.625197+00:00,2026-08-05T01:58:35.625197+00:00,,6,UNSAFE,entry_created_after_closing
2026-07-03,20,5,19:30:00,2026-08-05T01:58:34.540921+00:00,2026-08-05T01:58:36.466506+00:00,2026-08-05T01:58:36.466506+00:00,,6,UNSAFE,entry_created_after_closing
2026-07-03,20,6,19:56:00,2026-08-05T01:58:34.540921+00:00,2026-08-05T01:58:35.625197+00:00,2026-08-05T01:58:35.625197+00:00,,6,UNSAFE,entry_created_after_closing
2026-07-03,20,7,20:25:00,2026-08-05T01:58:34.540921+00:00,2026-08-05T01:58:36.466506+00:00,2026-08-05T01:58:36.466506+00:00,,6,UNSAFE,entry_created_after_closing
2026-07-03,20,8,21:00:00,2026-08-05T01:58:34.540921+00:00,2026-08-05T01:58:36.466506+00:00,2026-08-05T01:58:36.466506+00:00,,6,UNSAFE,entry_created_after_closing
2026-07-03,20,9,21:28:00,2026-08-05T01:58:34.540921+00:00,2026-08-05T01:58:35.625197+00:00,2026-08-05T01:58:35.625197+00:00,,6,UNSAFE,entry_created_after_closing
2026-07-03,20,10,21:57:00,2026-08-05T01:58:34.540921+00:00,2026-08-05T01:58:36.466506+00:00,2026-08-05T01:58:36.466506+00:00,,6,UNSAFE,entry_created_after_closing
2026-07-03,20,11,22:27:00,2026-08-05T01:58:34.540921+00:00,2026-08-05T01:58:35.625197+00:00,2026-08-05T01:58:35.625197+00:00,,6,UNSAFE,entry_created_after_closing
2026-07-03,20,12,22:54:00,2026-08-05T01:58:34.540921+00:00,2026-08-05T01:58:36.466506+00:00,2026-08-05T01:58:36.466506+00:00,,6,UNSAFE,entry_created_after_closing
2026-07-03,21,1,08:32:00,2026-08-05T01:58:34.540921+00:00,2026-08-05T01:58:35.625197+00:00,2026-08-05T01:58:35.625197+00:00,,6,UNSAFE,entry_created_after_closing
2026-07-03,21,2,08:58:00,2026-08-05T01:58:34.540921+00:00,2026-08-05T01:58:35.625197+00:00,2026-08-05T01:58:35.625197+00:00,,6,UNSAFE,entry_created_after_closing
2026-07-03,21,3,09:24:00,2026-08-05T01:58:34.540921+00:00,2026-08-05T01:58:36.466506+00:00,2026-08-05T01:58:36.466506+00:00,,6,UNSAFE,entry_created_after_closing
2026-07-03,21,4,09:50:00,2026-08-05T01:58:34.540921+00:00,2026-08-05T01:58:35.625197+00:00,2026-08-05T01:58:35.625197+00:00,,6,UNSAFE,entry_created_after_closing
2026-07-03,21,5,10:18:00,2026-08-05T01:58:34.540921+00:00,2026-08-05T01:58:37.163932+00:00,2026-08-05T01:58:37.163932+00:00,,6,UNSAFE,entry_created_after_closing
2026-07-03,21,6,10:48:00,2026-08-05T01:58:34.540921+00:00,2026-08-05T01:58:36.466506+00:00,2026-08-05T01:58:36.466506+00:00,,6,UNSAFE,entry_created_after_closing
2026-07-03,21,7,11:18:00,2026-08-05T01:58:34.540921+00:00,2026-08-05T01:58:37.163932+00:00,2026-08-05T01:58:37.163932+00:00,,6,UNSAFE,entry_created_after_closing
2026-07-03,21,8,11:49:00,2026-08-05T01:58:34.540921+00:00,2026-08-05T01:58:36.466506+00:00,2026-08-05T01:58:36.466506+00:00,,6,UNSAFE,entry_created_after_closing
2026-07-03,21,9,12:22:00,2026-08-05T01:58:34.540921+00:00,2026-08-05T01:58:36.466506+00:00,2026-08-05T01:58:36.466506+00:00,,6,UNSAFE,entry_created_after_closing
2026-07-03,21,10,12:56:00,2026-08-05T01:58:34.540921+00:00,2026-08-05T01:58:36.466506+00:00,2026-08-05T01:58:36.466506+00:00,,6,UNSAFE,entry_created_after_closing
2026-07-03,21,11,13:31:00,2026-08-05T01:58:34.540921+00:00,2026-08-05T01:58:35.625197+00:00,2026-08-05T01:58:35.625197+00:00,,6,UNSAFE,entry_created_after_closing
2026-07-03,21,12,14:05:00,2026-08-05T01:58:34.540921+00:00,2026-08-05T01:58:35.625197+00:00,2026-08-05T01:58:35.625197+00:00,,6,UNSAFE,entry_created_after_closing
2026-07-03,22,1,12:18:00,2026-08-05T01:58:34.540921+00:00,2026-08-05T01:58:36.466506+00:00,2026-08-05T01:58:36.466506+00:00,,6,UNSAFE,entry_created_after_closing
2026-07-03,22,2,12:45:00,2026-08-05T01:58:34.540921+00:00,2026-08-05T01:58:36.466506+00:00,2026-08-05T01:58:36.466506+00:00,,6,UNSAFE,entry_created_after_closing
2026-07-03,22,3,13:12:00,2026-08-05T01:58:34.540921+00:00,2026-08-05T01:58:36.466506+00:00,2026-08-05T01:58:36.466506+00:00,,6,UNSAFE,entry_created_after_closing
2026-07-03,22,4,13:48:00,2026-08-05T01:58:34.540921+00:00,2026-08-05T01:58:35.625197+00:00,2026-08-05T01:58:35.625197+00:00,,6,UNSAFE,entry_created_after_closing
2026-07-03,22,5,14:17:00,2026-08-05T01:58:34.540921+00:00,2026-08-05T01:58:36.466506+00:00,2026-08-05T01:58:36.466506+00:00,,6,UNSAFE,entry_created_after_closing
2026-07-03,22,6,14:52:00,2026-08-05T01:58:34.540921+00:00,2026-08-05T01:58:35.625197+00:00,2026-08-05T01:58:35.625197+00:00,,6,UNSAFE,entry_created_after_closing
2026-07-03,22,7,15:21:00,2026-08-05T01:58:34.540921+00:00,2026-08-05T01:58:37.163932+00:00,2026-08-05T01:58:37.163932+00:00,,6,UNSAFE,entry_created_after_closing
2026-07-03,22,8,15:51:00,2026-08-05T01:58:34.540921+00:00,2026-08-05T01:58:36.466506+00:00,2026-08-05T01:58:36.466506+00:00,,6,UNSAFE,entry_created_after_closing
2026-07-03,22,9,16:21:00,2026-08-05T01:58:34.540921+00:00,2026-08-05T01:58:35.625197+00:00,2026-08-05T01:58:35.625197+00:00,,6,UNSAFE,entry_created_after_closing
2026-07-03,22,10,16:48:00,2026-08-05T01:58:34.540921+00:00,2026-08-05T01:58:35.625197+00:00,2026-08-05T01:58:35.625197+00:00,,6,UNSAFE,entry_created_after_closing
2026-07-03,22,11,17:20:00,2026-08-05T01:58:34.540921+00:00,2026-08-05T01:58:35.625197+00:00,2026-08-05T01:58:35.625197+00:00,,6,UNSAFE,entry_created_after_closing
2026-07-03,22,12,18:00:00,2026-08-05T01:58:34.540921+00:00,2026-08-05T01:58:37.163932+00:00,2026-08-05T01:58:37.163932+00:00,,6,UNSAFE,entry_created_after_closing
2026-07-03,23,1,08:44:00,2026-08-05T01:58:34.540921+00:00,2026-08-05T01:58:34.540921+00:00,2026-08-05T01:58:34.540921+00:00,,6,UNSAFE,entry_created_after_closing
2026-07-03,23,2,09:10:00,2026-08-05T01:58:34.540921+00:00,2026-08-05T01:58:36.466506+00:00,2026-08-05T01:58:36.466506+00:00,,6,UNSAFE,entry_created_after_closing
2026-07-03,23,3,09:36:00,2026-08-05T01:58:34.540921+00:00,2026-08-05T01:58:34.540921+00:00,2026-08-05T01:58:34.540921+00:00,,6,UNSAFE,entry_created_after_closing
2026-07-03,23,4,10:02:00,2026-08-05T01:58:34.540921+00:00,2026-08-05T01:58:36.466506+00:00,2026-08-05T01:58:36.466506+00:00,,6,UNSAFE,entry_created_after_closing
2026-07-03,23,5,10:30:00,2026-08-05T01:58:34.540921+00:00,2026-08-05T01:58:36.466506+00:00,2026-08-05T01:58:36.466506+00:00,,6,UNSAFE,entry_created_after_closing
2026-07-03,23,6,11:00:00,2026-08-05T01:58:34.540921+00:00,2026-08-05T01:58:34.540921+00:00,2026-08-05T01:58:34.540921+00:00,,6,UNSAFE,entry_created_after_closing
2026-07-03,23,7,11:31:00,2026-08-05T01:58:34.540921+00:00,2026-08-05T01:58:36.466506+00:00,2026-08-05T01:58:36.466506+00:00,,6,UNSAFE,entry_created_after_closing
2026-07-03,23,8,12:04:00,2026-08-05T01:58:34.540921+00:00,2026-08-05T01:58:36.466506+00:00,2026-08-05T01:58:36.466506+00:00,,6,UNSAFE,entry_created_after_closing
2026-07-03,23,9,12:36:00,2026-08-05T01:58:34.540921+00:00,2026-08-05T01:58:35.625197+00:00,2026-08-05T01:58:35.625197+00:00,,6,UNSAFE,entry_created_after_closing
2026-07-03,23,10,13:06:00,2026-08-05T01:58:34.540921+00:00,2026-08-05T01:58:37.813886+00:00,2026-08-05T01:58:37.813886+00:00,,6,UNSAFE,entry_created_after_closing
2026-07-03,23,11,13:36:00,2026-08-05T01:58:34.540921+00:00,2026-08-05T01:58:36.466506+00:00,2026-08-05T01:58:36.466506+00:00,,6,UNSAFE,entry_created_after_closing
2026-07-03,23,12,14:15:00,2026-08-05T01:58:34.540921+00:00,2026-08-05T01:58:34.540921+00:00,2026-08-05T01:58:34.540921+00:00,,6,UNSAFE,entry_created_after_closing
2026-07-04,1,1,15:28:00,2026-08-05T01:59:24.995282+00:00,2026-08-05T01:59:25.709451+00:00,2026-08-05T01:59:25.709451+00:00,,6,UNSAFE,entry_created_after_closing
2026-07-04,1,2,16:03:00,2026-08-05T01:59:24.995282+00:00,2026-08-05T01:59:24.995282+00:00,2026-08-05T01:59:24.995282+00:00,,6,UNSAFE,entry_created_after_closing
2026-07-04,1,3,16:35:00,2026-08-05T01:59:24.995282+00:00,2026-08-05T01:59:24.995282+00:00,2026-08-05T01:59:24.995282+00:00,,6,UNSAFE,entry_created_after_closing
2026-07-04,1,4,17:12:00,2026-08-05T01:59:24.995282+00:00,2026-08-05T01:59:24.995282+00:00,2026-08-05T01:59:24.995282+00:00,,6,UNSAFE,entry_created_after_closing
2026-07-04,1,5,17:37:00,2026-08-05T01:59:24.995282+00:00,2026-08-05T01:59:25.709451+00:00,2026-08-05T01:59:25.709451+00:00,,6,UNSAFE,entry_created_after_closing
2026-07-04,1,6,18:02:00,2026-08-05T01:59:24.995282+00:00,2026-08-05T01:59:24.995282+00:00,2026-08-05T01:59:24.995282+00:00,,6,UNSAFE,entry_created_after_closing
2026-07-04,1,7,18:27:00,2026-08-05T01:59:24.995282+00:00,2026-08-05T01:59:25.709451+00:00,2026-08-05T01:59:25.709451+00:00,,6,UNSAFE,entry_created_after_closing
2026-07-04,1,8,18:52:00,2026-08-05T01:59:24.995282+00:00,2026-08-05T01:59:24.995282+00:00,2026-08-05T01:59:24.995282+00:00,,6,UNSAFE,entry_created_after_closing
2026-07-04,1,9,19:18:00,2026-08-05T01:59:24.995282+00:00,2026-08-05T01:59:25.709451+00:00,2026-08-05T01:59:25.709451+00:00,,6,UNSAFE,entry_created_after_closing
2026-07-04,1,10,19:44:00,2026-08-05T01:59:24.995282+00:00,2026-08-05T01:59:25.709451+00:00,2026-08-05T01:59:25.709451+00:00,,6,UNSAFE,entry_created_after_closing
2026-07-04,1,11,20:11:00,2026-08-05T01:59:24.995282+00:00,2026-08-05T01:59:25.709451+00:00,2026-08-05T01:59:25.709451+00:00,,6,UNSAFE,entry_created_after_closing
2026-07-04,1,12,20:41:00,2026-08-05T01:59:24.995282+00:00,2026-08-05T01:59:25.709451+00:00,2026-08-05T01:59:25.709451+00:00,,6,UNSAFE,entry_created_after_closing
2026-07-04,4,1,11:55:00,2026-08-05T01:59:26.479305+00:00,2026-08-05T01:59:29.200874+00:00,2026-08-05T01:59:29.200874+00:00,,6,UNSAFE,entry_created_after_closing
2026-07-04,4,2,12:24:00,2026-08-05T01:59:26.479305+00:00,2026-08-05T01:59:27.620903+00:00,2026-08-05T01:59:27.620903+00:00,,6,UNSAFE,entry_created_after_closing
2026-07-04,4,3,12:54:00,2026-08-05T01:59:27.620903+00:00,2026-08-05T01:59:29.200874+00:00,2026-08-05T01:59:29.200874+00:00,,6,UNSAFE,entry_created_after_closing
2026-07-04,4,4,13:25:00,2026-08-05T01:59:26.479305+00:00,2026-08-05T01:59:29.200874+00:00,2026-08-05T01:59:29.200874+00:00,,6,UNSAFE,entry_created_after_closing
2026-07-04,4,5,13:55:00,2026-08-05T01:59:26.479305+00:00,2026-08-05T01:59:27.620903+00:00,2026-08-05T01:59:27.620903+00:00,,6,UNSAFE,entry_created_after_closing
2026-07-04,4,6,14:28:00,2026-08-05T01:59:26.479305+00:00,2026-08-05T01:59:29.200874+00:00,2026-08-05T01:59:29.200874+00:00,,6,UNSAFE,entry_created_after_closing
2026-07-04,4,7,15:00:00,2026-08-05T01:59:26.479305+00:00,2026-08-05T01:59:29.200874+00:00,2026-08-05T01:59:29.200874+00:00,,6,UNSAFE,entry_created_after_closing
2026-07-04,4,8,15:32:00,2026-08-05T01:59:27.620903+00:00,2026-08-05T01:59:29.200874+00:00,2026-08-05T01:59:29.200874+00:00,,6,UNSAFE,entry_created_after_closing
2026-07-04,4,9,16:05:00,2026-08-05T01:59:26.479305+00:00,2026-08-05T01:59:29.200874+00:00,2026-08-05T01:59:29.200874+00:00,,6,UNSAFE,entry_created_after_closing
2026-07-04,4,10,16:37:00,2026-08-05T01:59:26.479305+00:00,2026-08-05T01:59:29.200874+00:00,2026-08-05T01:59:29.200874+00:00,,6,UNSAFE,entry_created_after_closing
2026-07-04,4,11,17:08:00,2026-08-05T01:59:26.479305+00:00,2026-08-05T01:59:29.200874+00:00,2026-08-05T01:59:29.200874+00:00,,6,UNSAFE,entry_created_after_closing
2026-07-04,4,12,17:42:00,2026-08-05T01:59:26.479305+00:00,2026-08-05T01:59:27.620903+00:00,2026-08-05T01:59:27.620903+00:00,,6,UNSAFE,entry_created_after_closing
2026-07-04,6,1,11:34:00,2026-08-05T01:59:26.479305+00:00,2026-08-05T01:59:27.620903+00:00,2026-08-05T01:59:27.620903+00:00,,6,UNSAFE,entry_created_after_closing
2026-07-04,6,2,12:00:00,2026-08-05T01:59:26.479305+00:00,2026-08-05T01:59:27.620903+00:00,2026-08-05T01:59:27.620903+00:00,,6,UNSAFE,entry_created_after_closing
2026-07-04,6,3,12:26:00,2026-08-05T01:59:26.479305+00:00,2026-08-05T01:59:27.620903+00:00,2026-08-05T01:59:27.620903+00:00,,6,UNSAFE,entry_created_after_closing
2026-07-04,6,4,12:52:00,2026-08-05T01:59:26.479305+00:00,2026-08-05T01:59:27.620903+00:00,2026-08-05T01:59:27.620903+00:00,,6,UNSAFE,entry_created_after_closing
2026-07-04,6,5,13:18:00,2026-08-05T01:59:26.479305+00:00,2026-08-05T01:59:27.620903+00:00,2026-08-05T01:59:27.620903+00:00,,6,UNSAFE,entry_created_after_closing
2026-07-04,6,6,13:49:00,2026-08-05T01:59:26.479305+00:00,2026-08-05T01:59:29.200874+00:00,2026-08-05T01:59:29.200874+00:00,,6,UNSAFE,entry_created_after_closing
2026-07-04,6,7,14:20:00,2026-08-05T01:59:26.479305+00:00,2026-08-05T01:59:29.200874+00:00,2026-08-05T01:59:29.200874+00:00,,6,UNSAFE,entry_created_after_closing
2026-07-04,6,8,14:52:00,2026-08-05T01:59:26.479305+00:00,2026-08-05T01:59:29.200874+00:00,2026-08-05T01:59:29.200874+00:00,,6,UNSAFE,entry_created_after_closing
2026-07-04,6,9,15:19:00,2026-08-05T01:59:26.479305+00:00,2026-08-05T01:59:27.620903+00:00,2026-08-05T01:59:27.620903+00:00,,6,UNSAFE,entry_created_after_closing
2026-07-04,6,10,15:55:00,2026-08-05T01:59:26.479305+00:00,2026-08-05T01:59:29.200874+00:00,2026-08-05T01:59:29.200874+00:00,,6,UNSAFE,entry_created_after_closing
2026-07-04,6,11,16:30:00,2026-08-05T01:59:26.479305+00:00,2026-08-05T01:59:29.200874+00:00,2026-08-05T01:59:29.200874+00:00,,6,UNSAFE,entry_created_after_closing
2026-07-04,6,12,17:04:00,2026-08-05T01:59:26.479305+00:00,2026-08-05T01:59:29.200874+00:00,2026-08-05T01:59:29.200874+00:00,,6,UNSAFE,entry_created_after_closing
2026-07-04,7,1,15:30:00,2026-08-05T01:59:26.479305+00:00,2026-08-05T01:59:28.452792+00:00,2026-08-05T01:59:28.452792+00:00,,6,UNSAFE,entry_created_after_closing
2026-07-04,7,2,16:07:00,2026-08-05T01:59:26.479305+00:00,2026-08-05T01:59:29.200874+00:00,2026-08-05T01:59:29.200874+00:00,,6,UNSAFE,entry_created_after_closing
2026-07-04,7,3,16:42:00,2026-08-05T01:59:26.479305+00:00,2026-08-05T01:59:29.200874+00:00,2026-08-05T01:59:29.200874+00:00,,6,UNSAFE,entry_created_after_closing
2026-07-04,7,4,17:18:00,2026-08-05T01:59:26.479305+00:00,2026-08-05T01:59:27.620903+00:00,2026-08-05T01:59:27.620903+00:00,,6,UNSAFE,entry_created_after_closing
2026-07-04,7,5,17:43:00,2026-08-05T01:59:26.479305+00:00,2026-08-05T01:59:27.620903+00:00,2026-08-05T01:59:27.620903+00:00,,6,UNSAFE,entry_created_after_closing
2026-07-04,7,6,18:08:00,2026-08-05T01:59:26.479305+00:00,2026-08-05T01:59:27.620903+00:00,2026-08-05T01:59:27.620903+00:00,,6,UNSAFE,entry_created_after_closing
2026-07-04,7,7,18:33:00,2026-08-05T01:59:26.479305+00:00,2026-08-05T01:59:27.620903+00:00,2026-08-05T01:59:27.620903+00:00,,6,UNSAFE,entry_created_after_closing
2026-07-04,7,8,18:58:00,2026-08-05T01:59:26.479305+00:00,2026-08-05T01:59:29.200874+00:00,2026-08-05T01:59:29.200874+00:00,,6,UNSAFE,entry_created_after_closing
2026-07-04,7,9,19:24:00,2026-08-05T01:59:26.479305+00:00,2026-08-05T01:59:29.200874+00:00,2026-08-05T01:59:29.200874+00:00,,6,UNSAFE,entry_created_after_closing
2026-07-04,7,10,19:50:00,2026-08-05T01:59:26.479305+00:00,2026-08-05T01:59:27.620903+00:00,2026-08-05T01:59:27.620903+00:00,,6,UNSAFE,entry_created_after_closing
2026-07-04,7,11,20:17:00,2026-08-05T01:59:26.479305+00:00,2026-08-05T01:59:29.200874+00:00,2026-08-05T01:59:29.200874+00:00,,6,UNSAFE,entry_created_after_closing
2026-07-04,7,12,20:45:00,2026-08-05T01:59:26.479305+00:00,2026-08-05T01:59:27.620903+00:00,2026-08-05T01:59:27.620903+00:00,,6,UNSAFE,entry_created_after_closing
2026-07-04,8,1,10:45:00,2026-08-05T01:59:34.101348+00:00,2026-08-05T01:59:35.510328+00:00,2026-08-05T01:59:35.510328+00:00,,6,UNSAFE,entry_created_after_closing
2026-07-04,8,2,11:15:00,2026-08-05T01:59:34.101348+00:00,2026-08-05T01:59:36.158578+00:00,2026-08-05T01:59:36.158578+00:00,,6,UNSAFE,entry_created_after_closing
2026-07-04,8,3,11:41:00,2026-08-05T01:59:34.101348+00:00,2026-08-05T01:59:36.158578+00:00,2026-08-05T01:59:36.158578+00:00,,6,UNSAFE,entry_created_after_closing
2026-07-04,8,4,12:12:00,2026-08-05T01:59:34.101348+00:00,2026-08-05T01:59:36.158578+00:00,2026-08-05T01:59:36.158578+00:00,,6,UNSAFE,entry_created_after_closing
2026-07-04,8,5,12:43:00,2026-08-05T01:59:34.101348+00:00,2026-08-05T01:59:36.158578+00:00,2026-08-05T01:59:36.158578+00:00,,6,UNSAFE,entry_created_after_closing
2026-07-04,8,6,13:12:00,2026-08-05T01:59:34.101348+00:00,2026-08-05T01:59:36.158578+00:00,2026-08-05T01:59:36.158578+00:00,,6,UNSAFE,entry_created_after_closing
2026-07-04,8,7,13:41:00,2026-08-05T01:59:34.101348+00:00,2026-08-05T01:59:35.510328+00:00,2026-08-05T01:59:35.510328+00:00,,6,UNSAFE,entry_created_after_closing
2026-07-04,8,8,14:17:00,2026-08-05T01:59:34.101348+00:00,2026-08-05T01:59:35.510328+00:00,2026-08-05T01:59:35.510328+00:00,,6,UNSAFE,entry_created_after_closing
2026-07-04,8,9,14:46:00,2026-08-05T01:59:34.101348+00:00,2026-08-05T01:59:36.158578+00:00,2026-08-05T01:59:36.158578+00:00,,6,UNSAFE,entry_created_after_closing
2026-07-04,8,10,15:14:00,2026-08-05T01:59:34.101348+00:00,2026-08-05T01:59:35.510328+00:00,2026-08-05T01:59:35.510328+00:00,,6,UNSAFE,entry_created_after_closing
2026-07-04,8,11,15:42:00,2026-08-05T01:59:34.101348+00:00,2026-08-05T01:59:36.158578+00:00,2026-08-05T01:59:36.158578+00:00,,6,UNSAFE,entry_created_after_closing
2026-07-04,8,12,16:17:00,2026-08-05T01:59:34.824193+00:00,2026-08-05T01:59:35.510328+00:00,2026-08-05T01:59:35.510328+00:00,,6,UNSAFE,entry_created_after_closing
2026-07-04,9,1,10:38:00,2026-08-05T01:59:26.479305+00:00,2026-08-05T01:59:29.200874+00:00,2026-08-05T01:59:29.200874+00:00,,6,UNSAFE,entry_created_after_closing
2026-07-04,9,2,11:07:00,2026-08-05T01:59:26.479305+00:00,2026-08-05T01:59:29.200874+00:00,2026-08-05T01:59:29.200874+00:00,,6,UNSAFE,entry_created_after_closing
2026-07-04,9,3,11:37:00,2026-08-05T01:59:26.479305+00:00,2026-08-05T01:59:29.200874+00:00,2026-08-05T01:59:29.200874+00:00,,6,UNSAFE,entry_created_after_closing
2026-07-04,9,4,12:09:00,2026-08-05T01:59:26.479305+00:00,2026-08-05T01:59:29.200874+00:00,2026-08-05T01:59:29.200874+00:00,,6,UNSAFE,entry_created_after_closing
2026-07-04,9,5,12:38:00,2026-08-05T01:59:26.479305+00:00,2026-08-05T01:59:28.452792+00:00,2026-08-05T01:59:28.452792+00:00,,6,UNSAFE,entry_created_after_closing
2026-07-04,9,6,13:08:00,2026-08-05T01:59:26.479305+00:00,2026-08-05T01:59:29.200874+00:00,2026-08-05T01:59:29.200874+00:00,,6,UNSAFE,entry_created_after_closing
2026-07-04,9,7,13:38:00,2026-08-05T01:59:26.479305+00:00,2026-08-05T01:59:27.620903+00:00,2026-08-05T01:59:27.620903+00:00,,6,UNSAFE,entry_created_after_closing
2026-07-04,9,8,14:11:00,2026-08-05T01:59:26.479305+00:00,2026-08-05T01:59:29.200874+00:00,2026-08-05T01:59:29.200874+00:00,,6,UNSAFE,entry_created_after_closing
2026-07-04,9,9,14:43:00,2026-08-05T01:59:26.479305+00:00,2026-08-05T01:59:29.200874+00:00,2026-08-05T01:59:29.200874+00:00,,6,UNSAFE,entry_created_after_closing
2026-07-04,9,10,15:16:00,2026-08-05T01:59:26.479305+00:00,2026-08-05T01:59:27.620903+00:00,2026-08-05T01:59:27.620903+00:00,,6,UNSAFE,entry_created_after_closing
2026-07-04,9,11,15:49:00,2026-08-05T01:59:26.479305+00:00,2026-08-05T01:59:27.620903+00:00,2026-08-05T01:59:27.620903+00:00,,6,UNSAFE,entry_created_after_closing
2026-07-04,9,12,16:25:00,2026-08-05T01:59:26.479305+00:00,2026-08-05T01:59:29.200874+00:00,2026-08-05T01:59:29.200874+00:00,,6,UNSAFE,entry_created_after_closing
2026-07-04,12,1,15:25:00,2026-08-05T01:59:34.101348+00:00,2026-08-05T01:59:34.824193+00:00,2026-08-05T01:59:34.824193+00:00,,6,UNSAFE,entry_created_after_closing
2026-07-04,12,2,15:47:00,2026-08-05T01:59:34.101348+00:00,2026-08-05T01:59:36.158578+00:00,2026-08-05T01:59:36.158578+00:00,,6,UNSAFE,entry_created_after_closing
2026-07-04,12,3,16:23:00,2026-08-05T01:59:34.101348+00:00,2026-08-05T01:59:34.824193+00:00,2026-08-05T01:59:34.824193+00:00,,6,UNSAFE,entry_created_after_closing
2026-07-04,12,4,17:00:00,2026-08-05T01:59:33.31481+00:00,2026-08-05T01:59:34.101348+00:00,2026-08-05T01:59:34.101348+00:00,,6,UNSAFE,entry_created_after_closing
2026-07-04,12,5,17:24:00,2026-08-05T01:59:34.101348+00:00,2026-08-05T01:59:34.101348+00:00,2026-08-05T01:59:34.101348+00:00,,6,UNSAFE,entry_created_after_closing
2026-07-04,12,6,17:49:00,2026-08-05T01:59:34.101348+00:00,2026-08-05T01:59:34.824193+00:00,2026-08-05T01:59:34.824193+00:00,,6,UNSAFE,entry_created_after_closing
2026-07-04,12,7,18:14:00,2026-08-05T01:59:34.101348+00:00,2026-08-05T01:59:34.101348+00:00,2026-08-05T01:59:34.101348+00:00,,6,UNSAFE,entry_created_after_closing
2026-07-04,12,8,18:39:00,2026-08-05T01:59:34.101348+00:00,2026-08-05T01:59:34.824193+00:00,2026-08-05T01:59:34.824193+00:00,,6,UNSAFE,entry_created_after_closing
2026-07-04,12,9,19:05:00,2026-08-05T01:59:34.101348+00:00,2026-08-05T01:59:34.824193+00:00,2026-08-05T01:59:34.824193+00:00,,6,UNSAFE,entry_created_after_closing
2026-07-04,12,10,19:31:00,2026-08-05T01:59:34.101348+00:00,2026-08-05T01:59:34.101348+00:00,2026-08-05T01:59:34.101348+00:00,,6,UNSAFE,entry_created_after_closing
2026-07-04,12,11,19:59:00,2026-08-05T01:59:34.101348+00:00,2026-08-05T01:59:34.824193+00:00,2026-08-05T01:59:34.824193+00:00,,6,UNSAFE,entry_created_after_closing
2026-07-04,12,12,20:30:00,2026-08-05T01:59:33.31481+00:00,2026-08-05T01:59:34.101348+00:00,2026-08-05T01:59:34.101348+00:00,,6,UNSAFE,entry_created_after_closing
2026-07-04,13,1,10:35:00,2026-08-05T01:59:29.967858+00:00,2026-08-05T01:59:30.693537+00:00,2026-08-05T01:59:30.693537+00:00,,6,UNSAFE,entry_created_after_closing
2026-07-04,13,2,11:05:00,2026-08-05T01:59:29.967858+00:00,2026-08-05T01:59:29.967858+00:00,2026-08-05T01:59:29.967858+00:00,,6,UNSAFE,entry_created_after_closing
2026-07-04,13,3,11:29:00,2026-08-05T01:59:29.967858+00:00,2026-08-05T01:59:31.352486+00:00,2026-08-05T01:59:31.352486+00:00,,6,UNSAFE,entry_created_after_closing
2026-07-04,13,4,11:58:00,2026-08-05T01:59:29.967858+00:00,2026-08-05T01:59:29.967858+00:00,2026-08-05T01:59:29.967858+00:00,,6,UNSAFE,entry_created_after_closing
2026-07-04,13,5,12:31:00,2026-08-05T01:59:29.967858+00:00,2026-08-05T01:59:30.693537+00:00,2026-08-05T01:59:30.693537+00:00,,6,UNSAFE,entry_created_after_closing
2026-07-04,13,6,13:03:00,2026-08-05T01:59:29.967858+00:00,2026-08-05T01:59:29.967858+00:00,2026-08-05T01:59:29.967858+00:00,,6,UNSAFE,entry_created_after_closing
2026-07-04,13,7,13:30:00,2026-08-05T01:59:29.967858+00:00,2026-08-05T01:59:30.693537+00:00,2026-08-05T01:59:30.693537+00:00,,6,UNSAFE,entry_created_after_closing
2026-07-04,13,8,14:06:00,2026-08-05T01:59:29.967858+00:00,2026-08-05T01:59:29.967858+00:00,2026-08-05T01:59:29.967858+00:00,,6,UNSAFE,entry_created_after_closing
2026-07-04,13,9,14:40:00,2026-08-05T01:59:29.967858+00:00,2026-08-05T01:59:29.967858+00:00,2026-08-05T01:59:29.967858+00:00,,6,UNSAFE,entry_created_after_closing
2026-07-04,13,10,15:11:00,2026-08-05T01:59:29.967858+00:00,2026-08-05T01:59:30.693537+00:00,2026-08-05T01:59:30.693537+00:00,,6,UNSAFE,entry_created_after_closing
2026-07-04,13,11,15:45:00,2026-08-05T01:59:29.967858+00:00,2026-08-05T01:59:30.693537+00:00,2026-08-05T01:59:30.693537+00:00,,6,UNSAFE,entry_created_after_closing
2026-07-04,13,12,16:21:00,2026-08-05T01:59:29.967858+00:00,2026-08-05T01:59:30.693537+00:00,2026-08-05T01:59:30.693537+00:00,,6,UNSAFE,entry_created_after_closing
2026-07-04,16,1,10:42:00,2026-08-05T01:59:34.101348+00:00,2026-08-05T01:59:36.158578+00:00,2026-08-05T01:59:36.158578+00:00,,6,UNSAFE,entry_created_after_closing
2026-07-04,16,2,11:12:00,2026-08-05T01:59:34.101348+00:00,2026-08-05T01:59:35.510328+00:00,2026-08-05T01:59:35.510328+00:00,,6,UNSAFE,entry_created_after_closing
2026-07-04,16,3,11:43:00,2026-08-05T01:59:34.824193+00:00,2026-08-05T01:59:36.158578+00:00,2026-08-05T01:59:36.158578+00:00,,6,UNSAFE,entry_created_after_closing
2026-07-04,16,4,12:15:00,2026-08-05T01:59:34.101348+00:00,2026-08-05T01:59:36.158578+00:00,2026-08-05T01:59:36.158578+00:00,,6,UNSAFE,entry_created_after_closing
2026-07-04,16,5,12:51:00,2026-08-05T01:59:34.101348+00:00,2026-08-05T01:59:35.510328+00:00,2026-08-05T01:59:35.510328+00:00,,6,UNSAFE,entry_created_after_closing
2026-07-04,16,6,13:22:00,2026-08-05T01:59:34.101348+00:00,2026-08-05T01:59:36.158578+00:00,2026-08-05T01:59:36.158578+00:00,,6,UNSAFE,entry_created_after_closing
2026-07-04,16,7,13:53:00,2026-08-05T01:59:34.101348+00:00,2026-08-05T01:59:36.158578+00:00,2026-08-05T01:59:36.158578+00:00,,6,UNSAFE,entry_created_after_closing
2026-07-04,16,8,14:24:00,2026-08-05T01:59:34.101348+00:00,2026-08-05T01:59:35.510328+00:00,2026-08-05T01:59:35.510328+00:00,,6,UNSAFE,entry_created_after_closing
2026-07-04,16,9,14:57:00,2026-08-05T01:59:34.101348+00:00,2026-08-05T01:59:35.510328+00:00,2026-08-05T01:59:35.510328+00:00,,6,UNSAFE,entry_created_after_closing
2026-07-04,16,10,15:30:00,2026-08-05T01:59:34.101348+00:00,2026-08-05T01:59:35.510328+00:00,2026-08-05T01:59:35.510328+00:00,,6,UNSAFE,entry_created_after_closing
2026-07-04,16,11,16:11:00,2026-08-05T01:59:34.101348+00:00,2026-08-05T01:59:35.510328+00:00,2026-08-05T01:59:35.510328+00:00,,6,UNSAFE,entry_created_after_closing
2026-07-04,16,12,16:50:00,2026-08-05T01:59:34.101348+00:00,2026-08-05T01:59:36.158578+00:00,2026-08-05T01:59:36.158578+00:00,,6,UNSAFE,entry_created_after_closing
2026-07-04,18,1,08:46:00,2026-08-05T01:59:29.967858+00:00,2026-08-05T01:59:31.999678+00:00,2026-08-05T01:59:31.999678+00:00,,6,UNSAFE,entry_created_after_closing
2026-07-04,18,2,09:12:00,2026-08-05T01:59:29.967858+00:00,2026-08-05T01:59:31.352486+00:00,2026-08-05T01:59:31.352486+00:00,,6,UNSAFE,entry_created_after_closing
2026-07-04,18,3,09:38:00,2026-08-05T01:59:29.967858+00:00,2026-08-05T01:59:31.999678+00:00,2026-08-05T01:59:31.999678+00:00,,6,UNSAFE,entry_created_after_closing
2026-07-04,18,4,10:04:00,2026-08-05T01:59:29.967858+00:00,2026-08-05T01:59:31.352486+00:00,2026-08-05T01:59:31.352486+00:00,,6,UNSAFE,entry_created_after_closing
2026-07-04,18,5,10:30:00,2026-08-05T01:59:29.967858+00:00,2026-08-05T01:59:31.352486+00:00,2026-08-05T01:59:31.352486+00:00,,6,UNSAFE,entry_created_after_closing
2026-07-04,18,6,11:00:00,2026-08-05T01:59:29.967858+00:00,2026-08-05T01:59:31.352486+00:00,2026-08-05T01:59:31.352486+00:00,,6,UNSAFE,entry_created_after_closing
2026-07-04,18,7,11:32:00,2026-08-05T01:59:29.967858+00:00,2026-08-05T01:59:31.352486+00:00,2026-08-05T01:59:31.352486+00:00,,6,UNSAFE,entry_created_after_closing
2026-07-04,18,8,12:03:00,2026-08-05T01:59:29.967858+00:00,2026-08-05T01:59:31.352486+00:00,2026-08-05T01:59:31.352486+00:00,,6,UNSAFE,entry_created_after_closing
2026-07-04,18,9,12:34:00,2026-08-05T01:59:29.967858+00:00,2026-08-05T01:59:31.352486+00:00,2026-08-05T01:59:31.352486+00:00,,6,UNSAFE,entry_created_after_closing
2026-07-04,18,10,13:06:00,2026-08-05T01:59:29.967858+00:00,2026-08-05T01:59:31.352486+00:00,2026-08-05T01:59:31.352486+00:00,,6,UNSAFE,entry_created_after_closing
2026-07-04,18,11,13:38:00,2026-08-05T01:59:29.967858+00:00,2026-08-05T01:59:31.999678+00:00,2026-08-05T01:59:31.999678+00:00,,6,UNSAFE,entry_created_after_closing
2026-07-04,18,12,14:15:00,2026-08-05T01:59:29.967858+00:00,2026-08-05T01:59:31.352486+00:00,2026-08-05T01:59:31.352486+00:00,,6,UNSAFE,entry_created_after_closing
2026-07-04,19,1,15:22:00,2026-08-05T01:59:26.479305+00:00,2026-08-05T01:59:29.200874+00:00,2026-08-05T01:59:29.200874+00:00,,6,UNSAFE,entry_created_after_closing
2026-07-04,19,2,15:57:00,2026-08-05T01:59:26.479305+00:00,2026-08-05T01:59:27.620903+00:00,2026-08-05T01:59:27.620903+00:00,,6,UNSAFE,entry_created_after_closing
2026-07-04,19,3,16:32:00,2026-08-05T01:59:26.479305+00:00,2026-08-05T01:59:29.200874+00:00,2026-08-05T01:59:29.200874+00:00,,6,UNSAFE,entry_created_after_closing
2026-07-04,19,4,17:06:00,2026-08-05T01:59:26.479305+00:00,2026-08-05T01:59:27.620903+00:00,2026-08-05T01:59:27.620903+00:00,,6,UNSAFE,entry_created_after_closing
2026-07-04,19,5,17:31:00,2026-08-05T01:59:26.479305+00:00,2026-08-05T01:59:27.620903+00:00,2026-08-05T01:59:27.620903+00:00,,6,UNSAFE,entry_created_after_closing
2026-07-04,19,6,17:56:00,2026-08-05T01:59:27.620903+00:00,2026-08-05T01:59:29.200874+00:00,2026-08-05T01:59:29.200874+00:00,,6,UNSAFE,entry_created_after_closing
2026-07-04,19,7,18:21:00,2026-08-05T01:59:26.479305+00:00,2026-08-05T01:59:27.620903+00:00,2026-08-05T01:59:27.620903+00:00,,6,UNSAFE,entry_created_after_closing
2026-07-04,19,8,18:46:00,2026-08-05T01:59:26.479305+00:00,2026-08-05T01:59:32.644885+00:00,2026-08-05T01:59:32.644885+00:00,,6,UNSAFE,entry_created_after_closing
2026-07-04,19,9,19:12:00,2026-08-05T01:59:26.479305+00:00,2026-08-05T01:59:29.200874+00:00,2026-08-05T01:59:29.200874+00:00,,6,UNSAFE,entry_created_after_closing
2026-07-04,19,10,19:38:00,2026-08-05T01:59:26.479305+00:00,2026-08-05T01:59:27.620903+00:00,2026-08-05T01:59:27.620903+00:00,,6,UNSAFE,entry_created_after_closing
2026-07-04,19,11,20:06:00,2026-08-05T01:59:26.479305+00:00,2026-08-05T01:59:29.200874+00:00,2026-08-05T01:59:29.200874+00:00,,6,UNSAFE,entry_created_after_closing
2026-07-04,19,12,20:37:00,2026-08-05T01:59:26.479305+00:00,2026-08-05T01:59:29.200874+00:00,2026-08-05T01:59:29.200874+00:00,,6,UNSAFE,entry_created_after_closing
2026-07-04,21,1,08:32:00,2026-08-05T01:59:26.479305+00:00,2026-08-05T01:59:27.620903+00:00,2026-08-05T01:59:27.620903+00:00,,6,UNSAFE,entry_created_after_closing
2026-07-04,21,2,08:58:00,2026-08-05T01:59:26.479305+00:00,2026-08-05T01:59:29.200874+00:00,2026-08-05T01:59:29.200874+00:00,,6,UNSAFE,entry_created_after_closing
2026-07-04,21,3,09:24:00,2026-08-05T01:59:26.479305+00:00,2026-08-05T01:59:27.620903+00:00,2026-08-05T01:59:27.620903+00:00,,6,UNSAFE,entry_created_after_closing
2026-07-04,21,4,09:50:00,2026-08-05T01:59:26.479305+00:00,2026-08-05T01:59:27.620903+00:00,2026-08-05T01:59:27.620903+00:00,,6,UNSAFE,entry_created_after_closing
2026-07-04,21,5,10:16:00,2026-08-05T01:59:26.479305+00:00,2026-08-05T01:59:27.620903+00:00,2026-08-05T01:59:27.620903+00:00,,6,UNSAFE,entry_created_after_closing
2026-07-04,21,6,10:47:00,2026-08-05T01:59:26.479305+00:00,2026-08-05T01:59:27.620903+00:00,2026-08-05T01:59:27.620903+00:00,,6,UNSAFE,entry_created_after_closing
2026-07-04,21,7,11:18:00,2026-08-05T01:59:26.479305+00:00,2026-08-05T01:59:29.200874+00:00,2026-08-05T01:59:29.200874+00:00,,6,UNSAFE,entry_created_after_closing
2026-07-04,21,8,11:49:00,2026-08-05T01:59:26.479305+00:00,2026-08-05T01:59:29.200874+00:00,2026-08-05T01:59:29.200874+00:00,,6,UNSAFE,entry_created_after_closing
2026-07-04,21,9,12:19:00,2026-08-05T01:59:26.479305+00:00,2026-08-05T01:59:27.620903+00:00,2026-08-05T01:59:27.620903+00:00,,6,UNSAFE,entry_created_after_closing
2026-07-04,21,10,12:49:00,2026-08-05T01:59:26.479305+00:00,2026-08-05T01:59:27.620903+00:00,2026-08-05T01:59:27.620903+00:00,,6,UNSAFE,entry_created_after_closing
2026-07-04,21,11,13:20:00,2026-08-05T01:59:26.479305+00:00,2026-08-05T01:59:29.200874+00:00,2026-08-05T01:59:29.200874+00:00,,6,UNSAFE,entry_created_after_closing
2026-07-04,21,12,14:00:00,2026-08-05T01:59:26.479305+00:00,2026-08-05T01:59:27.620903+00:00,2026-08-05T01:59:27.620903+00:00,,6,UNSAFE,entry_created_after_closing
2026-07-04,22,1,12:13:00,2026-08-05T01:59:26.479305+00:00,2026-08-05T01:59:29.200874+00:00,2026-08-05T01:59:29.200874+00:00,,6,UNSAFE,entry_created_after_closing
2026-07-04,22,2,12:40:00,2026-08-05T01:59:26.479305+00:00,2026-08-05T01:59:28.452792+00:00,2026-08-05T01:59:28.452792+00:00,,6,UNSAFE,entry_created_after_closing
2026-07-04,22,3,13:10:00,2026-08-05T01:59:26.479305+00:00,2026-08-05T01:59:29.200874+00:00,2026-08-05T01:59:29.200874+00:00,,6,UNSAFE,entry_created_after_closing
2026-07-04,22,4,13:36:00,2026-08-05T01:59:26.479305+00:00,2026-08-05T01:59:29.200874+00:00,2026-08-05T01:59:29.200874+00:00,,6,UNSAFE,entry_created_after_closing
2026-07-04,22,5,14:04:00,2026-08-05T01:59:26.479305+00:00,2026-08-05T01:59:29.200874+00:00,2026-08-05T01:59:29.200874+00:00,,6,UNSAFE,entry_created_after_closing
2026-07-04,22,6,14:34:00,2026-08-05T01:59:26.479305+00:00,2026-08-05T01:59:27.620903+00:00,2026-08-05T01:59:27.620903+00:00,,6,UNSAFE,entry_created_after_closing
2026-07-04,22,7,15:06:00,2026-08-05T01:59:26.479305+00:00,2026-08-05T01:59:29.200874+00:00,2026-08-05T01:59:29.200874+00:00,,6,UNSAFE,entry_created_after_closing
2026-07-04,22,8,15:38:00,2026-08-05T01:59:26.479305+00:00,2026-08-05T01:59:27.620903+00:00,2026-08-05T01:59:27.620903+00:00,,6,UNSAFE,entry_created_after_closing
2026-07-04,22,9,16:14:00,2026-08-05T01:59:26.479305+00:00,2026-08-05T01:59:27.620903+00:00,2026-08-05T01:59:27.620903+00:00,,6,UNSAFE,entry_created_after_closing
2026-07-04,22,10,16:56:00,2026-08-05T01:59:26.479305+00:00,2026-08-05T01:59:27.620903+00:00,2026-08-05T01:59:27.620903+00:00,,6,UNSAFE,entry_created_after_closing
2026-07-04,22,11,17:28:00,2026-08-05T01:59:26.479305+00:00,2026-08-05T01:59:29.200874+00:00,2026-08-05T01:59:29.200874+00:00,,6,UNSAFE,entry_created_after_closing
2026-07-04,22,12,18:00:00,2026-08-05T01:59:26.479305+00:00,2026-08-05T01:59:27.620903+00:00,2026-08-05T01:59:27.620903+00:00,,6,UNSAFE,entry_created_after_closing
2026-07-04,23,1,08:39:00,2026-08-05T01:59:26.479305+00:00,2026-08-05T01:59:27.620903+00:00,2026-08-05T01:59:27.620903+00:00,,6,UNSAFE,entry_created_after_closing
2026-07-04,23,2,09:05:00,2026-08-05T01:59:27.620903+00:00,2026-08-05T01:59:27.620903+00:00,2026-08-05T01:59:27.620903+00:00,,6,UNSAFE,entry_created_after_closing
2026-07-04,23,3,09:31:00,2026-08-05T01:59:27.620903+00:00,2026-08-05T01:59:27.620903+00:00,2026-08-05T01:59:27.620903+00:00,,6,UNSAFE,entry_created_after_closing
2026-07-04,23,4,09:57:00,2026-08-05T01:59:27.620903+00:00,2026-08-05T01:59:27.620903+00:00,2026-08-05T01:59:27.620903+00:00,,6,UNSAFE,entry_created_after_closing
2026-07-04,23,5,10:23:00,2026-08-05T01:59:27.620903+00:00,2026-08-05T01:59:29.200874+00:00,2026-08-05T01:59:29.200874+00:00,,6,UNSAFE,entry_created_after_closing
2026-07-04,23,6,10:52:00,2026-08-05T01:59:27.620903+00:00,2026-08-05T01:59:27.620903+00:00,2026-08-05T01:59:27.620903+00:00,,6,UNSAFE,entry_created_after_closing
2026-07-04,23,7,11:22:00,2026-08-05T01:59:27.620903+00:00,2026-08-05T01:59:29.200874+00:00,2026-08-05T01:59:29.200874+00:00,,6,UNSAFE,entry_created_after_closing
2026-07-04,23,8,11:52:00,2026-08-05T01:59:27.620903+00:00,2026-08-05T01:59:29.200874+00:00,2026-08-05T01:59:29.200874+00:00,,6,UNSAFE,entry_created_after_closing
2026-07-04,23,9,12:22:00,2026-08-05T01:59:27.620903+00:00,2026-08-05T01:59:29.200874+00:00,2026-08-05T01:59:29.200874+00:00,,6,UNSAFE,entry_created_after_closing
2026-07-04,23,10,12:56:00,2026-08-05T01:59:27.620903+00:00,2026-08-05T01:59:29.200874+00:00,2026-08-05T01:59:29.200874+00:00,,6,UNSAFE,entry_created_after_closing
2026-07-04,23,11,13:32:00,2026-08-05T01:59:27.620903+00:00,2026-08-05T01:59:29.200874+00:00,2026-08-05T01:59:29.200874+00:00,,6,UNSAFE,entry_created_after_closing
2026-07-04,23,12,14:08:00,2026-08-05T01:59:27.620903+00:00,2026-08-05T01:59:27.620903+00:00,2026-08-05T01:59:27.620903+00:00,,6,UNSAFE,entry_created_after_closing
2026-07-05,1,1,15:25:00,2026-08-05T02:00:25.004055+00:00,2026-08-05T02:00:25.684867+00:00,2026-08-05T02:00:25.684867+00:00,,6,UNSAFE,entry_created_after_closing
2026-07-05,1,2,15:59:00,2026-08-05T02:00:25.004055+00:00,2026-08-05T02:00:25.684867+00:00,2026-08-05T02:00:25.684867+00:00,,6,UNSAFE,entry_created_after_closing
2026-07-05,1,3,16:30:00,2026-08-05T02:00:25.004055+00:00,2026-08-05T02:00:26.974649+00:00,2026-08-05T02:00:26.974649+00:00,,6,UNSAFE,entry_created_after_closing
2026-07-05,1,4,17:06:00,2026-08-05T02:00:25.004055+00:00,2026-08-05T02:00:25.684867+00:00,2026-08-05T02:00:25.684867+00:00,,6,UNSAFE,entry_created_after_closing
2026-07-05,1,5,17:30:00,2026-08-05T02:00:25.004055+00:00,2026-08-05T02:00:26.974649+00:00,2026-08-05T02:00:26.974649+00:00,,6,UNSAFE,entry_created_after_closing
2026-07-05,1,6,17:57:00,2026-08-05T02:00:25.004055+00:00,2026-08-05T02:00:25.004055+00:00,2026-08-05T02:00:25.004055+00:00,,6,UNSAFE,entry_created_after_closing
2026-07-05,1,7,18:21:00,2026-08-05T02:00:25.004055+00:00,2026-08-05T02:00:25.684867+00:00,2026-08-05T02:00:25.684867+00:00,,6,UNSAFE,entry_created_after_closing
2026-07-05,1,8,18:47:00,2026-08-05T02:00:25.004055+00:00,2026-08-05T02:00:25.004055+00:00,2026-08-05T02:00:25.004055+00:00,,6,UNSAFE,entry_created_after_closing
2026-07-05,1,9,19:16:00,2026-08-05T02:00:25.004055+00:00,2026-08-05T02:00:25.004055+00:00,2026-08-05T02:00:25.004055+00:00,,6,UNSAFE,entry_created_after_closing
2026-07-05,1,10,19:43:00,2026-08-05T02:00:25.004055+00:00,2026-08-05T02:00:25.684867+00:00,2026-08-05T02:00:25.684867+00:00,,6,UNSAFE,entry_created_after_closing
2026-07-05,1,11,20:09:00,2026-08-05T02:00:25.004055+00:00,2026-08-05T02:00:25.004055+00:00,2026-08-05T02:00:25.004055+00:00,,6,UNSAFE,entry_created_after_closing
2026-07-05,1,12,20:38:00,2026-08-05T02:00:25.004055+00:00,2026-08-05T02:00:25.684867+00:00,2026-08-05T02:00:25.684867+00:00,,6,UNSAFE,entry_created_after_closing
2026-07-05,4,1,11:55:00,2026-08-05T02:00:21.59925+00:00,2026-08-05T02:00:24.25523+00:00,2026-08-05T02:00:24.25523+00:00,,6,UNSAFE,entry_created_after_closing
2026-07-05,4,2,12:24:00,2026-08-05T02:00:21.59925+00:00,2026-08-05T02:00:24.25523+00:00,2026-08-05T02:00:24.25523+00:00,,6,UNSAFE,entry_created_after_closing
2026-07-05,4,3,12:54:00,2026-08-05T02:00:21.59925+00:00,2026-08-05T02:00:23.559177+00:00,2026-08-05T02:00:23.559177+00:00,,6,UNSAFE,entry_created_after_closing
2026-07-05,4,4,13:25:00,2026-08-05T02:00:21.59925+00:00,2026-08-05T02:00:22.662408+00:00,2026-08-05T02:00:22.662408+00:00,,6,UNSAFE,entry_created_after_closing
2026-07-05,4,5,13:55:00,2026-08-05T02:00:21.59925+00:00,2026-08-05T02:00:23.559177+00:00,2026-08-05T02:00:23.559177+00:00,,6,UNSAFE,entry_created_after_closing
2026-07-05,4,6,14:28:00,2026-08-05T02:00:21.59925+00:00,2026-08-05T02:00:24.25523+00:00,2026-08-05T02:00:24.25523+00:00,,6,UNSAFE,entry_created_after_closing
2026-07-05,4,7,15:00:00,2026-08-05T02:00:22.662408+00:00,2026-08-05T02:00:23.559177+00:00,2026-08-05T02:00:23.559177+00:00,,6,UNSAFE,entry_created_after_closing
2026-07-05,4,8,15:32:00,2026-08-05T02:00:21.59925+00:00,2026-08-05T02:00:23.559177+00:00,2026-08-05T02:00:23.559177+00:00,,6,UNSAFE,entry_created_after_closing
2026-07-05,4,9,16:05:00,2026-08-05T02:00:21.59925+00:00,2026-08-05T02:00:23.559177+00:00,2026-08-05T02:00:23.559177+00:00,,6,UNSAFE,entry_created_after_closing
2026-07-05,4,10,16:37:00,2026-08-05T02:00:21.59925+00:00,2026-08-05T02:00:24.25523+00:00,2026-08-05T02:00:24.25523+00:00,,6,UNSAFE,entry_created_after_closing
2026-07-05,4,11,17:08:00,2026-08-05T02:00:21.59925+00:00,2026-08-05T02:00:23.559177+00:00,2026-08-05T02:00:23.559177+00:00,,6,UNSAFE,entry_created_after_closing
2026-07-05,4,12,17:42:00,2026-08-05T02:00:21.59925+00:00,2026-08-05T02:00:24.25523+00:00,2026-08-05T02:00:24.25523+00:00,,6,UNSAFE,entry_created_after_closing
2026-07-05,5,1,11:33:00,2026-08-05T02:00:21.59925+00:00,2026-08-05T02:00:22.662408+00:00,2026-08-05T02:00:22.662408+00:00,,6,UNSAFE,entry_created_after_closing
2026-07-05,5,2,12:04:00,2026-08-05T02:00:21.59925+00:00,2026-08-05T02:00:22.662408+00:00,2026-08-05T02:00:22.662408+00:00,,6,UNSAFE,entry_created_after_closing
2026-07-05,5,3,12:33:00,2026-08-05T02:00:21.59925+00:00,2026-08-05T02:00:22.662408+00:00,2026-08-05T02:00:22.662408+00:00,,6,UNSAFE,entry_created_after_closing
2026-07-05,5,4,13:03:00,2026-08-05T02:00:21.59925+00:00,2026-08-05T02:00:22.662408+00:00,2026-08-05T02:00:22.662408+00:00,,6,UNSAFE,entry_created_after_closing
2026-07-05,5,5,13:33:00,2026-08-05T02:00:21.59925+00:00,2026-08-05T02:00:22.662408+00:00,2026-08-05T02:00:22.662408+00:00,,6,UNSAFE,entry_created_after_closing
2026-07-05,5,6,14:09:00,2026-08-05T02:00:21.59925+00:00,2026-08-05T02:00:22.662408+00:00,2026-08-05T02:00:22.662408+00:00,,6,UNSAFE,entry_created_after_closing
2026-07-05,5,7,14:35:00,2026-08-05T02:00:21.59925+00:00,2026-08-05T02:00:22.662408+00:00,2026-08-05T02:00:22.662408+00:00,,6,UNSAFE,entry_created_after_closing
2026-07-05,5,8,15:06:00,2026-08-05T02:00:21.59925+00:00,2026-08-05T02:00:24.25523+00:00,2026-08-05T02:00:24.25523+00:00,,6,UNSAFE,entry_created_after_closing
2026-07-05,5,9,15:40:00,2026-08-05T02:00:21.59925+00:00,2026-08-05T02:00:23.559177+00:00,2026-08-05T02:00:23.559177+00:00,,6,UNSAFE,entry_created_after_closing
2026-07-05,5,10,16:15:00,2026-08-05T02:00:21.59925+00:00,2026-08-05T02:00:23.559177+00:00,2026-08-05T02:00:23.559177+00:00,,6,UNSAFE,entry_created_after_closing
2026-07-05,5,11,16:47:00,2026-08-05T02:00:21.59925+00:00,2026-08-05T02:00:22.662408+00:00,2026-08-05T02:00:22.662408+00:00,,6,UNSAFE,entry_created_after_closing
2026-07-05,5,12,17:20:00,2026-08-05T02:00:21.59925+00:00,2026-08-05T02:00:22.662408+00:00,2026-08-05T02:00:22.662408+00:00,,6,UNSAFE,entry_created_after_closing
2026-07-05,6,1,11:35:00,2026-08-05T02:00:21.59925+00:00,2026-08-05T02:00:24.25523+00:00,2026-08-05T02:00:24.25523+00:00,,6,UNSAFE,entry_created_after_closing
2026-07-05,6,2,12:00:00,2026-08-05T02:00:21.59925+00:00,2026-08-05T02:00:24.25523+00:00,2026-08-05T02:00:24.25523+00:00,,6,UNSAFE,entry_created_after_closing
2026-07-05,6,3,12:30:00,2026-08-05T02:00:21.59925+00:00,2026-08-05T02:00:24.25523+00:00,2026-08-05T02:00:24.25523+00:00,,6,UNSAFE,entry_created_after_closing
2026-07-05,6,4,13:00:00,2026-08-05T02:00:21.59925+00:00,2026-08-05T02:00:22.662408+00:00,2026-08-05T02:00:22.662408+00:00,,6,UNSAFE,entry_created_after_closing
2026-07-05,6,5,13:30:00,2026-08-05T02:00:21.59925+00:00,2026-08-05T02:00:22.662408+00:00,2026-08-05T02:00:22.662408+00:00,,6,UNSAFE,entry_created_after_closing
2026-07-05,6,6,13:58:00,2026-08-05T02:00:21.59925+00:00,2026-08-05T02:00:23.559177+00:00,2026-08-05T02:00:23.559177+00:00,,6,UNSAFE,entry_created_after_closing
2026-07-05,6,7,14:26:00,2026-08-05T02:00:21.59925+00:00,2026-08-05T02:00:23.559177+00:00,2026-08-05T02:00:23.559177+00:00,,6,UNSAFE,entry_created_after_closing
2026-07-05,6,8,14:53:00,2026-08-05T02:00:21.59925+00:00,2026-08-05T02:00:22.662408+00:00,2026-08-05T02:00:22.662408+00:00,,6,UNSAFE,entry_created_after_closing
2026-07-05,6,9,15:23:00,2026-08-05T02:00:21.59925+00:00,2026-08-05T02:00:24.25523+00:00,2026-08-05T02:00:24.25523+00:00,,6,UNSAFE,entry_created_after_closing
2026-07-05,6,10,15:51:00,2026-08-05T02:00:21.59925+00:00,2026-08-05T02:00:24.25523+00:00,2026-08-05T02:00:24.25523+00:00,,6,UNSAFE,entry_created_after_closing
2026-07-05,6,11,16:32:00,2026-08-05T02:00:21.59925+00:00,2026-08-05T02:00:23.559177+00:00,2026-08-05T02:00:23.559177+00:00,,6,UNSAFE,entry_created_after_closing
2026-07-05,6,12,17:10:00,2026-08-05T02:00:21.59925+00:00,2026-08-05T02:00:22.662408+00:00,2026-08-05T02:00:22.662408+00:00,,6,UNSAFE,entry_created_after_closing
2026-07-05,7,1,15:28:00,2026-08-05T02:00:21.59925+00:00,2026-08-05T02:00:24.25523+00:00,2026-08-05T02:00:24.25523+00:00,,6,UNSAFE,entry_created_after_closing
2026-07-05,7,2,16:02:00,2026-08-05T02:00:21.59925+00:00,2026-08-05T02:00:23.559177+00:00,2026-08-05T02:00:23.559177+00:00,,6,UNSAFE,entry_created_after_closing
2026-07-05,7,3,16:39:00,2026-08-05T02:00:21.59925+00:00,2026-08-05T02:00:22.662408+00:00,2026-08-05T02:00:22.662408+00:00,,6,UNSAFE,entry_created_after_closing
2026-07-05,7,4,17:13:00,2026-08-05T02:00:21.59925+00:00,2026-08-05T02:00:24.25523+00:00,2026-08-05T02:00:24.25523+00:00,,6,UNSAFE,entry_created_after_closing
2026-07-05,7,5,17:37:00,2026-08-05T02:00:21.59925+00:00,2026-08-05T02:00:22.662408+00:00,2026-08-05T02:00:22.662408+00:00,,6,UNSAFE,entry_created_after_closing
2026-07-05,7,6,18:04:00,2026-08-05T02:00:21.59925+00:00,2026-08-05T02:00:24.25523+00:00,2026-08-05T02:00:24.25523+00:00,,6,UNSAFE,entry_created_after_closing
2026-07-05,7,7,18:28:00,2026-08-05T02:00:21.59925+00:00,2026-08-05T02:00:22.662408+00:00,2026-08-05T02:00:22.662408+00:00,,6,UNSAFE,entry_created_after_closing
2026-07-05,7,8,18:54:00,2026-08-05T02:00:21.59925+00:00,2026-08-05T02:00:22.662408+00:00,2026-08-05T02:00:22.662408+00:00,,6,UNSAFE,entry_created_after_closing
2026-07-05,7,9,19:23:00,2026-08-05T02:00:21.59925+00:00,2026-08-05T02:00:24.25523+00:00,2026-08-05T02:00:24.25523+00:00,,6,UNSAFE,entry_created_after_closing
2026-07-05,7,10,19:50:00,2026-08-05T02:00:21.59925+00:00,2026-08-05T02:00:24.25523+00:00,2026-08-05T02:00:24.25523+00:00,,6,UNSAFE,entry_created_after_closing
2026-07-05,7,11,20:16:00,2026-08-05T02:00:21.59925+00:00,2026-08-05T02:00:23.559177+00:00,2026-08-05T02:00:23.559177+00:00,,6,UNSAFE,entry_created_after_closing
2026-07-05,7,12,20:45:00,2026-08-05T02:00:21.59925+00:00,2026-08-05T02:00:22.662408+00:00,2026-08-05T02:00:22.662408+00:00,,6,UNSAFE,entry_created_after_closing
2026-07-05,9,1,10:38:00,2026-08-05T02:00:21.59925+00:00,2026-08-05T02:00:22.662408+00:00,2026-08-05T02:00:22.662408+00:00,,6,UNSAFE,entry_created_after_closing
2026-07-05,9,2,11:07:00,2026-08-05T02:00:21.59925+00:00,2026-08-05T02:00:22.662408+00:00,2026-08-05T02:00:22.662408+00:00,,6,UNSAFE,entry_created_after_closing
2026-07-05,9,3,11:37:00,2026-08-05T02:00:21.59925+00:00,2026-08-05T02:00:24.25523+00:00,2026-08-05T02:00:24.25523+00:00,,6,UNSAFE,entry_created_after_closing
2026-07-05,9,4,12:09:00,2026-08-05T02:00:21.59925+00:00,2026-08-05T02:00:23.559177+00:00,2026-08-05T02:00:23.559177+00:00,,6,UNSAFE,entry_created_after_closing
2026-07-05,9,5,12:38:00,2026-08-05T02:00:21.59925+00:00,2026-08-05T02:00:24.25523+00:00,2026-08-05T02:00:24.25523+00:00,,6,UNSAFE,entry_created_after_closing
2026-07-05,9,6,13:08:00,2026-08-05T02:00:21.59925+00:00,2026-08-05T02:00:22.662408+00:00,2026-08-05T02:00:22.662408+00:00,,6,UNSAFE,entry_created_after_closing
2026-07-05,9,7,13:41:00,2026-08-05T02:00:21.59925+00:00,2026-08-05T02:00:23.559177+00:00,2026-08-05T02:00:23.559177+00:00,,6,UNSAFE,entry_created_after_closing
2026-07-05,9,8,14:10:00,2026-08-05T02:00:21.59925+00:00,2026-08-05T02:00:23.559177+00:00,2026-08-05T02:00:23.559177+00:00,,6,UNSAFE,entry_created_after_closing
2026-07-05,9,9,14:40:00,2026-08-05T02:00:21.59925+00:00,2026-08-05T02:00:23.559177+00:00,2026-08-05T02:00:23.559177+00:00,,6,UNSAFE,entry_created_after_closing
2026-07-05,9,10,15:13:00,2026-08-05T02:00:21.59925+00:00,2026-08-05T02:00:23.559177+00:00,2026-08-05T02:00:23.559177+00:00,,6,UNSAFE,entry_created_after_closing
2026-07-05,9,11,15:47:00,2026-08-05T02:00:21.59925+00:00,2026-08-05T02:00:24.25523+00:00,2026-08-05T02:00:24.25523+00:00,,6,UNSAFE,entry_created_after_closing
2026-07-05,9,12,16:25:00,2026-08-05T02:00:21.59925+00:00,2026-08-05T02:00:23.559177+00:00,2026-08-05T02:00:23.559177+00:00,,6,UNSAFE,entry_created_after_closing
2026-07-05,12,1,15:21:00,2026-08-05T02:00:27.702112+00:00,2026-08-05T02:00:30.384367+00:00,2026-08-05T02:00:30.384367+00:00,,6,UNSAFE,entry_created_after_closing
2026-07-05,12,2,15:57:00,2026-08-05T02:00:27.702112+00:00,2026-08-05T02:00:30.384367+00:00,2026-08-05T02:00:30.384367+00:00,,6,UNSAFE,entry_created_after_closing
2026-07-05,12,3,16:35:00,2026-08-05T02:00:27.702112+00:00,2026-08-05T02:00:30.384367+00:00,2026-08-05T02:00:30.384367+00:00,,6,UNSAFE,entry_created_after_closing
2026-07-05,12,4,17:00:00,2026-08-05T02:00:27.702112+00:00,2026-08-05T02:00:30.384367+00:00,2026-08-05T02:00:30.384367+00:00,,6,UNSAFE,entry_created_after_closing
2026-07-05,12,5,17:26:00,2026-08-05T02:00:27.702112+00:00,2026-08-05T02:00:27.702112+00:00,2026-08-05T02:00:27.702112+00:00,,6,UNSAFE,entry_created_after_closing
2026-07-05,12,6,17:50:00,2026-08-05T02:00:27.702112+00:00,2026-08-05T02:00:30.384367+00:00,2026-08-05T02:00:30.384367+00:00,,6,UNSAFE,entry_created_after_closing
2026-07-05,12,7,18:14:00,2026-08-05T02:00:27.702112+00:00,2026-08-05T02:00:30.384367+00:00,2026-08-05T02:00:30.384367+00:00,,6,UNSAFE,entry_created_after_closing
2026-07-05,12,8,18:40:00,2026-08-05T02:00:27.702112+00:00,2026-08-05T02:00:30.384367+00:00,2026-08-05T02:00:30.384367+00:00,,6,UNSAFE,entry_created_after_closing
2026-07-05,12,9,19:09:00,2026-08-05T02:00:27.702112+00:00,2026-08-05T02:00:30.384367+00:00,2026-08-05T02:00:30.384367+00:00,,6,UNSAFE,entry_created_after_closing
2026-07-05,12,10,19:36:00,2026-08-05T02:00:27.702112+00:00,2026-08-05T02:00:30.384367+00:00,2026-08-05T02:00:30.384367+00:00,,6,UNSAFE,entry_created_after_closing
2026-07-05,12,11,20:02:00,2026-08-05T02:00:27.702112+00:00,2026-08-05T02:00:30.384367+00:00,2026-08-05T02:00:30.384367+00:00,,6,UNSAFE,entry_created_after_closing
2026-07-05,12,12,20:31:00,2026-08-05T02:00:27.702112+00:00,2026-08-05T02:00:30.384367+00:00,2026-08-05T02:00:30.384367+00:00,,6,UNSAFE,entry_created_after_closing
2026-07-05,13,1,10:35:00,2026-08-05T02:00:19.790837+00:00,2026-08-05T02:00:19.790837+00:00,2026-08-05T02:00:19.790837+00:00,,6,UNSAFE,entry_created_after_closing
2026-07-05,13,2,11:05:00,2026-08-05T02:00:19.790837+00:00,2026-08-05T02:00:28.395727+00:00,2026-08-05T02:00:28.395727+00:00,,6,UNSAFE,entry_created_after_closing
2026-07-05,13,3,11:29:00,2026-08-05T02:00:19.790837+00:00,2026-08-05T02:00:19.790837+00:00,2026-08-05T02:00:19.790837+00:00,,6,UNSAFE,entry_created_after_closing
2026-07-05,13,4,11:58:00,2026-08-05T02:00:19.790837+00:00,2026-08-05T02:00:19.790837+00:00,2026-08-05T02:00:19.790837+00:00,,6,UNSAFE,entry_created_after_closing
2026-07-05,13,5,12:36:00,2026-08-05T02:00:19.790837+00:00,2026-08-05T02:00:28.395727+00:00,2026-08-05T02:00:28.395727+00:00,,6,UNSAFE,entry_created_after_closing
2026-07-05,13,6,13:17:00,2026-08-05T02:00:19.790837+00:00,2026-08-05T02:00:28.395727+00:00,2026-08-05T02:00:28.395727+00:00,,6,UNSAFE,entry_created_after_closing
2026-07-05,13,7,13:49:00,2026-08-05T02:00:19.790837+00:00,2026-08-05T02:00:19.790837+00:00,2026-08-05T02:00:19.790837+00:00,,6,UNSAFE,entry_created_after_closing
2026-07-05,13,8,14:21:00,2026-08-05T02:00:19.790837+00:00,2026-08-05T02:00:19.790837+00:00,2026-08-05T02:00:19.790837+00:00,,6,UNSAFE,entry_created_after_closing
2026-07-05,13,9,14:50:00,2026-08-05T02:00:19.790837+00:00,2026-08-05T02:00:19.790837+00:00,2026-08-05T02:00:19.790837+00:00,,6,UNSAFE,entry_created_after_closing
2026-07-05,13,10,15:17:00,2026-08-05T02:00:19.790837+00:00,2026-08-05T02:00:19.790837+00:00,2026-08-05T02:00:19.790837+00:00,,6,UNSAFE,entry_created_after_closing
2026-07-05,13,11,15:45:00,2026-08-05T02:00:19.790837+00:00,2026-08-05T02:00:19.790837+00:00,2026-08-05T02:00:19.790837+00:00,,6,UNSAFE,entry_created_after_closing
2026-07-05,13,12,16:23:00,2026-08-05T02:00:19.790837+00:00,2026-08-05T02:00:28.395727+00:00,2026-08-05T02:00:28.395727+00:00,,6,UNSAFE,entry_created_after_closing
2026-07-05,16,1,10:43:00,2026-08-05T02:00:27.702112+00:00,2026-08-05T02:00:31.029073+00:00,2026-08-05T02:00:31.029073+00:00,,6,UNSAFE,entry_created_after_closing
2026-07-05,16,2,11:13:00,2026-08-05T02:00:27.702112+00:00,2026-08-05T02:00:29.698368+00:00,2026-08-05T02:00:29.698368+00:00,,6,UNSAFE,entry_created_after_closing
2026-07-05,16,3,11:44:00,2026-08-05T02:00:27.702112+00:00,2026-08-05T02:00:29.698368+00:00,2026-08-05T02:00:29.698368+00:00,,6,UNSAFE,entry_created_after_closing
2026-07-05,16,4,12:17:00,2026-08-05T02:00:27.702112+00:00,2026-08-05T02:00:29.698368+00:00,2026-08-05T02:00:29.698368+00:00,,6,UNSAFE,entry_created_after_closing
2026-07-05,16,5,12:50:00,2026-08-05T02:00:27.702112+00:00,2026-08-05T02:00:31.029073+00:00,2026-08-05T02:00:31.029073+00:00,,6,UNSAFE,entry_created_after_closing
2026-07-05,16,6,13:21:00,2026-08-05T02:00:27.702112+00:00,2026-08-05T02:00:30.384367+00:00,2026-08-05T02:00:30.384367+00:00,,6,UNSAFE,entry_created_after_closing
2026-07-05,16,7,13:52:00,2026-08-05T02:00:27.702112+00:00,2026-08-05T02:00:29.698368+00:00,2026-08-05T02:00:29.698368+00:00,,6,UNSAFE,entry_created_after_closing
2026-07-05,16,8,14:24:00,2026-08-05T02:00:27.702112+00:00,2026-08-05T02:00:29.698368+00:00,2026-08-05T02:00:29.698368+00:00,,6,UNSAFE,entry_created_after_closing
2026-07-05,16,9,14:57:00,2026-08-05T02:00:27.702112+00:00,2026-08-05T02:00:29.698368+00:00,2026-08-05T02:00:29.698368+00:00,,6,UNSAFE,entry_created_after_closing
2026-07-05,16,10,15:31:00,2026-08-05T02:00:27.702112+00:00,2026-08-05T02:00:31.029073+00:00,2026-08-05T02:00:31.029073+00:00,,6,UNSAFE,entry_created_after_closing
2026-07-05,16,11,16:11:00,2026-08-05T02:00:27.702112+00:00,2026-08-05T02:00:31.029073+00:00,2026-08-05T02:00:31.029073+00:00,,6,UNSAFE,entry_created_after_closing
2026-07-05,16,12,16:50:00,2026-08-05T02:00:27.702112+00:00,2026-08-05T02:00:31.029073+00:00,2026-08-05T02:00:31.029073+00:00,,6,UNSAFE,entry_created_after_closing
2026-07-05,18,1,08:46:00,2026-08-05T02:00:19.790837+00:00,2026-08-05T02:00:20.524869+00:00,2026-08-05T02:00:20.524869+00:00,,6,UNSAFE,entry_created_after_closing
2026-07-05,18,2,09:12:00,2026-08-05T02:00:19.790837+00:00,2026-08-05T02:00:20.524869+00:00,2026-08-05T02:00:20.524869+00:00,,6,UNSAFE,entry_created_after_closing
2026-07-05,18,3,09:38:00,2026-08-05T02:00:19.790837+00:00,2026-08-05T02:00:28.395727+00:00,2026-08-05T02:00:28.395727+00:00,,6,UNSAFE,entry_created_after_closing
2026-07-05,18,4,10:04:00,2026-08-05T02:00:19.790837+00:00,2026-08-05T02:00:29.037668+00:00,2026-08-05T02:00:29.037668+00:00,,6,UNSAFE,entry_created_after_closing
2026-07-05,18,5,10:30:00,2026-08-05T02:00:19.790837+00:00,2026-08-05T02:00:20.524869+00:00,2026-08-05T02:00:20.524869+00:00,,6,UNSAFE,entry_created_after_closing
2026-07-05,18,6,11:00:00,2026-08-05T02:00:19.790837+00:00,2026-08-05T02:00:20.524869+00:00,2026-08-05T02:00:20.524869+00:00,,6,UNSAFE,entry_created_after_closing
2026-07-05,18,7,11:31:00,2026-08-05T02:00:19.790837+00:00,2026-08-05T02:00:28.395727+00:00,2026-08-05T02:00:28.395727+00:00,,6,UNSAFE,entry_created_after_closing
2026-07-05,18,8,12:07:00,2026-08-05T02:00:19.790837+00:00,2026-08-05T02:00:20.524869+00:00,2026-08-05T02:00:20.524869+00:00,,6,UNSAFE,entry_created_after_closing
2026-07-05,18,9,12:40:00,2026-08-05T02:00:19.790837+00:00,2026-08-05T02:00:28.395727+00:00,2026-08-05T02:00:28.395727+00:00,,6,UNSAFE,entry_created_after_closing
2026-07-05,18,10,13:10:00,2026-08-05T02:00:19.790837+00:00,2026-08-05T02:00:20.524869+00:00,2026-08-05T02:00:20.524869+00:00,,6,UNSAFE,entry_created_after_closing
2026-07-05,18,11,13:43:00,2026-08-05T02:00:19.790837+00:00,2026-08-05T02:00:20.524869+00:00,2026-08-05T02:00:20.524869+00:00,,6,UNSAFE,entry_created_after_closing
2026-07-05,18,12,14:15:00,2026-08-05T02:00:19.790837+00:00,2026-08-05T02:00:20.524869+00:00,2026-08-05T02:00:20.524869+00:00,,6,UNSAFE,entry_created_after_closing
2026-07-05,21,1,08:32:00,2026-08-05T02:00:21.59925+00:00,2026-08-05T02:00:22.662408+00:00,2026-08-05T02:00:22.662408+00:00,,6,UNSAFE,entry_created_after_closing
2026-07-05,21,2,08:58:00,2026-08-05T02:00:21.59925+00:00,2026-08-05T02:00:22.662408+00:00,2026-08-05T02:00:22.662408+00:00,,6,UNSAFE,entry_created_after_closing
2026-07-05,21,3,09:24:00,2026-08-05T02:00:21.59925+00:00,2026-08-05T02:00:23.559177+00:00,2026-08-05T02:00:23.559177+00:00,,6,UNSAFE,entry_created_after_closing
2026-07-05,21,4,09:50:00,2026-08-05T02:00:21.59925+00:00,2026-08-05T02:00:22.662408+00:00,2026-08-05T02:00:22.662408+00:00,,6,UNSAFE,entry_created_after_closing
2026-07-05,21,5,10:16:00,2026-08-05T02:00:21.59925+00:00,2026-08-05T02:00:24.25523+00:00,2026-08-05T02:00:24.25523+00:00,,6,UNSAFE,entry_created_after_closing
2026-07-05,21,6,10:47:00,2026-08-05T02:00:21.59925+00:00,2026-08-05T02:00:24.25523+00:00,2026-08-05T02:00:24.25523+00:00,,6,UNSAFE,entry_created_after_closing
2026-07-05,21,7,11:18:00,2026-08-05T02:00:21.59925+00:00,2026-08-05T02:00:23.559177+00:00,2026-08-05T02:00:23.559177+00:00,,6,UNSAFE,entry_created_after_closing
2026-07-05,21,8,11:49:00,2026-08-05T02:00:21.59925+00:00,2026-08-05T02:00:24.25523+00:00,2026-08-05T02:00:24.25523+00:00,,6,UNSAFE,entry_created_after_closing
2026-07-05,21,9,12:21:00,2026-08-05T02:00:21.59925+00:00,2026-08-05T02:00:22.662408+00:00,2026-08-05T02:00:22.662408+00:00,,6,UNSAFE,entry_created_after_closing
2026-07-05,21,10,12:53:00,2026-08-05T02:00:21.59925+00:00,2026-08-05T02:00:24.25523+00:00,2026-08-05T02:00:24.25523+00:00,,6,UNSAFE,entry_created_after_closing
2026-07-05,21,11,13:27:00,2026-08-05T02:00:21.59925+00:00,2026-08-05T02:00:24.25523+00:00,2026-08-05T02:00:24.25523+00:00,,6,UNSAFE,entry_created_after_closing
2026-07-05,21,12,14:00:00,2026-08-05T02:00:21.59925+00:00,2026-08-05T02:00:24.25523+00:00,2026-08-05T02:00:24.25523+00:00,,6,UNSAFE,entry_created_after_closing
2026-07-05,22,1,12:13:00,2026-08-05T02:00:21.59925+00:00,2026-08-05T02:00:22.662408+00:00,2026-08-05T02:00:22.662408+00:00,,6,UNSAFE,entry_created_after_closing
2026-07-05,22,2,12:44:00,2026-08-05T02:00:21.59925+00:00,2026-08-05T02:00:22.662408+00:00,2026-08-05T02:00:22.662408+00:00,,6,UNSAFE,entry_created_after_closing
2026-07-05,22,3,13:12:00,2026-08-05T02:00:21.59925+00:00,2026-08-05T02:00:23.559177+00:00,2026-08-05T02:00:23.559177+00:00,,6,UNSAFE,entry_created_after_closing
2026-07-05,22,4,13:45:00,2026-08-05T02:00:21.59925+00:00,2026-08-05T02:00:22.662408+00:00,2026-08-05T02:00:22.662408+00:00,,6,UNSAFE,entry_created_after_closing
2026-07-05,22,5,14:17:00,2026-08-05T02:00:21.59925+00:00,2026-08-05T02:00:24.25523+00:00,2026-08-05T02:00:24.25523+00:00,,6,UNSAFE,entry_created_after_closing
2026-07-05,22,6,14:44:00,2026-08-05T02:00:21.59925+00:00,2026-08-05T02:00:22.662408+00:00,2026-08-05T02:00:22.662408+00:00,,6,UNSAFE,entry_created_after_closing
2026-07-05,22,7,15:10:00,2026-08-05T02:00:21.59925+00:00,2026-08-05T02:00:22.662408+00:00,2026-08-05T02:00:22.662408+00:00,,6,UNSAFE,entry_created_after_closing
2026-07-05,22,8,15:37:00,2026-08-05T02:00:21.59925+00:00,2026-08-05T02:00:22.662408+00:00,2026-08-05T02:00:22.662408+00:00,,6,UNSAFE,entry_created_after_closing
2026-07-05,22,9,16:08:00,2026-08-05T02:00:21.59925+00:00,2026-08-05T02:00:22.662408+00:00,2026-08-05T02:00:22.662408+00:00,,6,UNSAFE,entry_created_after_closing
2026-07-05,22,10,16:45:00,2026-08-05T02:00:21.59925+00:00,2026-08-05T02:00:22.662408+00:00,2026-08-05T02:00:22.662408+00:00,,6,UNSAFE,entry_created_after_closing
2026-07-05,22,11,17:18:00,2026-08-05T02:00:21.59925+00:00,2026-08-05T02:00:23.559177+00:00,2026-08-05T02:00:23.559177+00:00,,6,UNSAFE,entry_created_after_closing
2026-07-05,22,12,18:00:00,2026-08-05T02:00:21.59925+00:00,2026-08-05T02:00:23.559177+00:00,2026-08-05T02:00:23.559177+00:00,,6,UNSAFE,entry_created_after_closing
2026-07-05,23,1,08:39:00,2026-08-05T02:00:21.59925+00:00,2026-08-05T02:00:21.59925+00:00,2026-08-05T02:00:21.59925+00:00,,6,UNSAFE,entry_created_after_closing
2026-07-05,23,2,09:05:00,2026-08-05T02:00:21.59925+00:00,2026-08-05T02:00:23.559177+00:00,2026-08-05T02:00:23.559177+00:00,,6,UNSAFE,entry_created_after_closing
2026-07-05,23,3,09:31:00,2026-08-05T02:00:21.59925+00:00,2026-08-05T02:00:21.59925+00:00,2026-08-05T02:00:21.59925+00:00,,6,UNSAFE,entry_created_after_closing
2026-07-05,23,4,09:57:00,2026-08-05T02:00:21.59925+00:00,2026-08-05T02:00:21.59925+00:00,2026-08-05T02:00:21.59925+00:00,,6,UNSAFE,entry_created_after_closing
2026-07-05,23,5,10:23:00,2026-08-05T02:00:21.59925+00:00,2026-08-05T02:00:23.559177+00:00,2026-08-05T02:00:23.559177+00:00,,6,UNSAFE,entry_created_after_closing
2026-07-05,23,6,10:52:00,2026-08-05T02:00:21.59925+00:00,2026-08-05T02:00:23.559177+00:00,2026-08-05T02:00:23.559177+00:00,,6,UNSAFE,entry_created_after_closing
2026-07-05,23,7,11:23:00,2026-08-05T02:00:21.59925+00:00,2026-08-05T02:00:23.559177+00:00,2026-08-05T02:00:23.559177+00:00,,6,UNSAFE,entry_created_after_closing
2026-07-05,23,8,11:52:00,2026-08-05T02:00:21.59925+00:00,2026-08-05T02:00:21.59925+00:00,2026-08-05T02:00:21.59925+00:00,,6,UNSAFE,entry_created_after_closing
2026-07-05,23,9,12:27:00,2026-08-05T02:00:21.59925+00:00,2026-08-05T02:00:21.59925+00:00,2026-08-05T02:00:21.59925+00:00,,6,UNSAFE,entry_created_after_closing
2026-07-05,23,10,12:57:00,2026-08-05T02:00:21.59925+00:00,2026-08-05T02:00:21.59925+00:00,2026-08-05T02:00:21.59925+00:00,,6,UNSAFE,entry_created_after_closing
2026-07-05,23,11,13:32:00,2026-08-05T02:00:21.59925+00:00,2026-08-05T02:00:23.559177+00:00,2026-08-05T02:00:23.559177+00:00,,6,UNSAFE,entry_created_after_closing
2026-07-05,23,12,14:08:00,2026-08-05T02:00:21.59925+00:00,2026-08-05T02:00:23.559177+00:00,2026-08-05T02:00:23.559177+00:00,,6,UNSAFE,entry_created_after_closing
2026-07-05,24,1,17:41:00,2026-08-05T02:00:21.59925+00:00,2026-08-05T02:00:22.662408+00:00,2026-08-05T02:00:22.662408+00:00,,6,UNSAFE,entry_created_after_closing
2026-07-05,24,2,18:08:00,2026-08-05T02:00:21.59925+00:00,2026-08-05T02:00:22.662408+00:00,2026-08-05T02:00:22.662408+00:00,,6,UNSAFE,entry_created_after_closing
2026-07-05,24,3,18:34:00,2026-08-05T02:00:21.59925+00:00,2026-08-05T02:00:22.662408+00:00,2026-08-05T02:00:22.662408+00:00,,6,UNSAFE,entry_created_after_closing
2026-07-05,24,4,19:03:00,2026-08-05T02:00:21.59925+00:00,2026-08-05T02:00:22.662408+00:00,2026-08-05T02:00:22.662408+00:00,,6,UNSAFE,entry_created_after_closing
2026-07-05,24,5,19:30:00,2026-08-05T02:00:21.59925+00:00,2026-08-05T02:00:22.662408+00:00,2026-08-05T02:00:22.662408+00:00,,6,UNSAFE,entry_created_after_closing
2026-07-05,24,6,19:56:00,2026-08-05T02:00:21.59925+00:00,2026-08-05T02:00:22.662408+00:00,2026-08-05T02:00:22.662408+00:00,,6,UNSAFE,entry_created_after_closing
2026-07-05,24,7,20:25:00,2026-08-05T02:00:21.59925+00:00,2026-08-05T02:00:23.559177+00:00,2026-08-05T02:00:23.559177+00:00,,6,UNSAFE,entry_created_after_closing
2026-07-05,24,8,20:59:00,2026-08-05T02:00:21.59925+00:00,2026-08-05T02:00:22.662408+00:00,2026-08-05T02:00:22.662408+00:00,,6,UNSAFE,entry_created_after_closing
2026-07-05,24,9,21:25:00,2026-08-05T02:00:21.59925+00:00,2026-08-05T02:00:22.662408+00:00,2026-08-05T02:00:22.662408+00:00,,6,UNSAFE,entry_created_after_closing
2026-07-05,24,10,21:51:00,2026-08-05T02:00:21.59925+00:00,2026-08-05T02:00:22.662408+00:00,2026-08-05T02:00:22.662408+00:00,,6,UNSAFE,entry_created_after_closing
2026-07-05,24,11,22:16:00,2026-08-05T02:00:21.59925+00:00,2026-08-05T02:00:24.25523+00:00,2026-08-05T02:00:24.25523+00:00,,6,UNSAFE,entry_created_after_closing
2026-07-05,24,12,22:41:00,2026-08-05T02:00:21.59925+00:00,2026-08-05T02:00:23.559177+00:00,2026-08-05T02:00:23.559177+00:00,,6,UNSAFE,entry_created_after_closing
2026-07-06,1,1,15:25:00,2026-08-05T02:01:13.889538+00:00,2026-08-05T02:01:14.617203+00:00,2026-08-05T02:01:14.617203+00:00,,6,UNSAFE,entry_created_after_closing
2026-07-06,1,2,15:59:00,2026-08-05T02:01:13.889538+00:00,2026-08-05T02:01:14.617203+00:00,2026-08-05T02:01:14.617203+00:00,,6,UNSAFE,entry_created_after_closing
2026-07-06,1,3,16:30:00,2026-08-05T02:01:13.889538+00:00,2026-08-05T02:01:14.617203+00:00,2026-08-05T02:01:14.617203+00:00,,6,UNSAFE,entry_created_after_closing
2026-07-06,1,4,17:06:00,2026-08-05T02:01:13.889538+00:00,2026-08-05T02:01:14.617203+00:00,2026-08-05T02:01:14.617203+00:00,,6,UNSAFE,entry_created_after_closing
2026-07-06,1,5,17:30:00,2026-08-05T02:01:13.889538+00:00,2026-08-05T02:01:14.617203+00:00,2026-08-05T02:01:14.617203+00:00,,6,UNSAFE,entry_created_after_closing
2026-07-06,1,6,17:57:00,2026-08-05T02:01:14.617203+00:00,2026-08-05T02:01:14.617203+00:00,2026-08-05T02:01:14.617203+00:00,,6,UNSAFE,entry_created_after_closing
2026-07-06,1,7,18:21:00,2026-08-05T02:01:14.617203+00:00,2026-08-05T02:01:14.617203+00:00,2026-08-05T02:01:14.617203+00:00,,6,UNSAFE,entry_created_after_closing
2026-07-06,1,8,18:47:00,2026-08-05T02:01:13.889538+00:00,2026-08-05T02:01:14.617203+00:00,2026-08-05T02:01:14.617203+00:00,,6,UNSAFE,entry_created_after_closing
2026-07-06,1,9,19:16:00,2026-08-05T02:01:13.889538+00:00,2026-08-05T02:01:14.617203+00:00,2026-08-05T02:01:14.617203+00:00,,6,UNSAFE,entry_created_after_closing
2026-07-06,1,10,19:43:00,2026-08-05T02:01:14.617203+00:00,2026-08-05T02:01:14.617203+00:00,2026-08-05T02:01:14.617203+00:00,,6,UNSAFE,entry_created_after_closing
2026-07-06,1,11,20:09:00,2026-08-05T02:01:13.889538+00:00,2026-08-05T02:01:14.617203+00:00,2026-08-05T02:01:14.617203+00:00,,6,UNSAFE,entry_created_after_closing
2026-07-06,1,12,20:38:00,2026-08-05T02:01:14.617203+00:00,2026-08-05T02:01:14.617203+00:00,2026-08-05T02:01:14.617203+00:00,,6,UNSAFE,entry_created_after_closing
2026-07-06,4,1,11:55:00,2026-08-05T02:01:15.499586+00:00,2026-08-05T02:01:16.58808+00:00,2026-08-05T02:01:16.58808+00:00,,6,UNSAFE,entry_created_after_closing
2026-07-06,4,2,12:24:00,2026-08-05T02:01:15.499586+00:00,2026-08-05T02:01:18.153503+00:00,2026-08-05T02:01:18.153503+00:00,,6,UNSAFE,entry_created_after_closing
2026-07-06,4,3,12:54:00,2026-08-05T02:01:15.499586+00:00,2026-08-05T02:01:18.153503+00:00,2026-08-05T02:01:18.153503+00:00,,6,UNSAFE,entry_created_after_closing
2026-07-06,4,4,13:25:00,2026-08-05T02:01:15.499586+00:00,2026-08-05T02:01:17.46673+00:00,2026-08-05T02:01:17.46673+00:00,,6,UNSAFE,entry_created_after_closing
2026-07-06,4,5,13:55:00,2026-08-05T02:01:15.499586+00:00,2026-08-05T02:01:17.46673+00:00,2026-08-05T02:01:17.46673+00:00,,6,UNSAFE,entry_created_after_closing
2026-07-06,4,6,14:28:00,2026-08-05T02:01:15.499586+00:00,2026-08-05T02:01:18.153503+00:00,2026-08-05T02:01:18.153503+00:00,,6,UNSAFE,entry_created_after_closing
2026-07-06,4,7,15:00:00,2026-08-05T02:01:15.499586+00:00,2026-08-05T02:01:18.153503+00:00,2026-08-05T02:01:18.153503+00:00,,6,UNSAFE,entry_created_after_closing
2026-07-06,4,8,15:32:00,2026-08-05T02:01:15.499586+00:00,2026-08-05T02:01:18.153503+00:00,2026-08-05T02:01:18.153503+00:00,,6,UNSAFE,entry_created_after_closing
2026-07-06,4,9,16:05:00,2026-08-05T02:01:15.499586+00:00,2026-08-05T02:01:16.58808+00:00,2026-08-05T02:01:16.58808+00:00,,6,UNSAFE,entry_created_after_closing
2026-07-06,4,10,16:37:00,2026-08-05T02:01:15.499586+00:00,2026-08-05T02:01:18.153503+00:00,2026-08-05T02:01:18.153503+00:00,,6,UNSAFE,entry_created_after_closing
2026-07-06,4,11,17:08:00,2026-08-05T02:01:15.499586+00:00,2026-08-05T02:01:16.58808+00:00,2026-08-05T02:01:16.58808+00:00,,6,UNSAFE,entry_created_after_closing
2026-07-06,4,12,17:42:00,2026-08-05T02:01:15.499586+00:00,2026-08-05T02:01:18.153503+00:00,2026-08-05T02:01:18.153503+00:00,,6,UNSAFE,entry_created_after_closing
2026-07-06,5,1,11:33:00,2026-08-05T02:01:15.499586+00:00,2026-08-05T02:01:16.58808+00:00,2026-08-05T02:01:16.58808+00:00,,6,UNSAFE,entry_created_after_closing
2026-07-06,5,2,12:04:00,2026-08-05T02:01:15.499586+00:00,2026-08-05T02:01:17.46673+00:00,2026-08-05T02:01:17.46673+00:00,,6,UNSAFE,entry_created_after_closing
2026-07-06,5,3,12:33:00,2026-08-05T02:01:15.499586+00:00,2026-08-05T02:01:17.46673+00:00,2026-08-05T02:01:17.46673+00:00,,6,UNSAFE,entry_created_after_closing
2026-07-06,5,4,13:03:00,2026-08-05T02:01:15.499586+00:00,2026-08-05T02:01:18.153503+00:00,2026-08-05T02:01:18.153503+00:00,,6,UNSAFE,entry_created_after_closing
2026-07-06,5,5,13:33:00,2026-08-05T02:01:15.499586+00:00,2026-08-05T02:01:17.46673+00:00,2026-08-05T02:01:17.46673+00:00,,6,UNSAFE,entry_created_after_closing
2026-07-06,5,6,14:09:00,2026-08-05T02:01:15.499586+00:00,2026-08-05T02:01:18.849201+00:00,2026-08-05T02:01:18.849201+00:00,,6,UNSAFE,entry_created_after_closing
2026-07-06,5,7,14:35:00,2026-08-05T02:01:15.499586+00:00,2026-08-05T02:01:18.153503+00:00,2026-08-05T02:01:18.153503+00:00,,6,UNSAFE,entry_created_after_closing
2026-07-06,5,8,15:06:00,2026-08-05T02:01:15.499586+00:00,2026-08-05T02:01:16.58808+00:00,2026-08-05T02:01:16.58808+00:00,,6,UNSAFE,entry_created_after_closing
2026-07-06,5,9,15:40:00,2026-08-05T02:01:15.499586+00:00,2026-08-05T02:01:18.849201+00:00,2026-08-05T02:01:18.849201+00:00,,6,UNSAFE,entry_created_after_closing
2026-07-06,5,10,16:15:00,2026-08-05T02:01:15.499586+00:00,2026-08-05T02:01:18.849201+00:00,2026-08-05T02:01:18.849201+00:00,,6,UNSAFE,entry_created_after_closing
2026-07-06,5,11,16:47:00,2026-08-05T02:01:15.499586+00:00,2026-08-05T02:01:17.46673+00:00,2026-08-05T02:01:17.46673+00:00,,6,UNSAFE,entry_created_after_closing
2026-07-06,5,12,17:20:00,2026-08-05T02:01:15.499586+00:00,2026-08-05T02:01:16.58808+00:00,2026-08-05T02:01:16.58808+00:00,,6,UNSAFE,entry_created_after_closing
2026-07-06,7,1,15:28:00,2026-08-05T02:01:15.499586+00:00,2026-08-05T02:01:17.46673+00:00,2026-08-05T02:01:17.46673+00:00,,6,UNSAFE,entry_created_after_closing
2026-07-06,7,2,16:02:00,2026-08-05T02:01:16.58808+00:00,2026-08-05T02:01:17.46673+00:00,2026-08-05T02:01:17.46673+00:00,,6,UNSAFE,entry_created_after_closing
2026-07-06,7,3,16:39:00,2026-08-05T02:01:15.499586+00:00,2026-08-05T02:01:17.46673+00:00,2026-08-05T02:01:17.46673+00:00,,6,UNSAFE,entry_created_after_closing
2026-07-06,7,4,17:13:00,2026-08-05T02:01:15.499586+00:00,2026-08-05T02:01:16.58808+00:00,2026-08-05T02:01:16.58808+00:00,,6,UNSAFE,entry_created_after_closing
2026-07-06,7,5,17:37:00,2026-08-05T02:01:15.499586+00:00,2026-08-05T02:01:17.46673+00:00,2026-08-05T02:01:17.46673+00:00,,6,UNSAFE,entry_created_after_closing
2026-07-06,7,6,18:04:00,2026-08-05T02:01:15.499586+00:00,2026-08-05T02:01:18.153503+00:00,2026-08-05T02:01:18.153503+00:00,,6,UNSAFE,entry_created_after_closing
2026-07-06,7,7,18:28:00,2026-08-05T02:01:15.499586+00:00,2026-08-05T02:01:18.153503+00:00,2026-08-05T02:01:18.153503+00:00,,6,UNSAFE,entry_created_after_closing
2026-07-06,7,8,18:54:00,2026-08-05T02:01:15.499586+00:00,2026-08-05T02:01:16.58808+00:00,2026-08-05T02:01:16.58808+00:00,,6,UNSAFE,entry_created_after_closing
2026-07-06,7,9,19:23:00,2026-08-05T02:01:15.499586+00:00,2026-08-05T02:01:16.58808+00:00,2026-08-05T02:01:16.58808+00:00,,6,UNSAFE,entry_created_after_closing
2026-07-06,7,10,19:50:00,2026-08-05T02:01:15.499586+00:00,2026-08-05T02:01:18.153503+00:00,2026-08-05T02:01:18.153503+00:00,,6,UNSAFE,entry_created_after_closing
2026-07-06,7,11,20:16:00,2026-08-05T02:01:15.499586+00:00,2026-08-05T02:01:18.849201+00:00,2026-08-05T02:01:18.849201+00:00,,6,UNSAFE,entry_created_after_closing
2026-07-06,7,12,20:45:00,2026-08-05T02:01:15.499586+00:00,2026-08-05T02:01:18.153503+00:00,2026-08-05T02:01:18.153503+00:00,,6,UNSAFE,entry_created_after_closing
2026-07-06,9,1,10:38:00,2026-08-05T02:01:15.499586+00:00,2026-08-05T02:01:17.46673+00:00,2026-08-05T02:01:17.46673+00:00,,6,UNSAFE,entry_created_after_closing
2026-07-06,9,2,11:07:00,2026-08-05T02:01:15.499586+00:00,2026-08-05T02:01:17.46673+00:00,2026-08-05T02:01:17.46673+00:00,,6,UNSAFE,entry_created_after_closing
2026-07-06,9,3,11:37:00,2026-08-05T02:01:15.499586+00:00,2026-08-05T02:01:16.58808+00:00,2026-08-05T02:01:16.58808+00:00,,6,UNSAFE,entry_created_after_closing
2026-07-06,9,4,12:09:00,2026-08-05T02:01:15.499586+00:00,2026-08-05T02:01:16.58808+00:00,2026-08-05T02:01:16.58808+00:00,,6,UNSAFE,entry_created_after_closing
2026-07-06,9,5,12:38:00,2026-08-05T02:01:15.499586+00:00,2026-08-05T02:01:16.58808+00:00,2026-08-05T02:01:16.58808+00:00,,6,UNSAFE,entry_created_after_closing
2026-07-06,9,6,13:08:00,2026-08-05T02:01:15.499586+00:00,2026-08-05T02:01:18.153503+00:00,2026-08-05T02:01:18.153503+00:00,,6,UNSAFE,entry_created_after_closing
2026-07-06,9,7,13:41:00,2026-08-05T02:01:15.499586+00:00,2026-08-05T02:01:16.58808+00:00,2026-08-05T02:01:16.58808+00:00,,6,UNSAFE,entry_created_after_closing
2026-07-06,9,8,14:10:00,2026-08-05T02:01:15.499586+00:00,2026-08-05T02:01:18.153503+00:00,2026-08-05T02:01:18.153503+00:00,,6,UNSAFE,entry_created_after_closing
2026-07-06,9,9,14:40:00,2026-08-05T02:01:15.499586+00:00,2026-08-05T02:01:18.153503+00:00,2026-08-05T02:01:18.153503+00:00,,6,UNSAFE,entry_created_after_closing
2026-07-06,9,10,15:13:00,2026-08-05T02:01:15.499586+00:00,2026-08-05T02:01:17.46673+00:00,2026-08-05T02:01:17.46673+00:00,,6,UNSAFE,entry_created_after_closing
2026-07-06,9,11,15:47:00,2026-08-05T02:01:15.499586+00:00,2026-08-05T02:01:18.153503+00:00,2026-08-05T02:01:18.153503+00:00,,6,UNSAFE,entry_created_after_closing
2026-07-06,9,12,16:25:00,2026-08-05T02:01:15.499586+00:00,2026-08-05T02:01:17.46673+00:00,2026-08-05T02:01:17.46673+00:00,,6,UNSAFE,entry_created_after_closing
2026-07-06,12,1,15:22:00,2026-08-05T02:01:21.60927+00:00,2026-08-05T02:01:22.329113+00:00,2026-08-05T02:01:22.329113+00:00,,6,UNSAFE,entry_created_after_closing
2026-07-06,12,2,15:51:00,2026-08-05T02:01:21.60927+00:00,2026-08-05T02:01:22.329113+00:00,2026-08-05T02:01:22.329113+00:00,,6,UNSAFE,entry_created_after_closing
2026-07-06,12,3,16:35:00,2026-08-05T02:01:21.60927+00:00,2026-08-05T02:01:22.329113+00:00,2026-08-05T02:01:22.329113+00:00,,6,UNSAFE,entry_created_after_closing
2026-07-06,12,4,17:01:00,2026-08-05T02:01:22.329113+00:00,2026-08-05T02:01:22.329113+00:00,2026-08-05T02:01:22.329113+00:00,,6,UNSAFE,entry_created_after_closing
2026-07-06,12,5,17:24:00,2026-08-05T02:01:21.60927+00:00,2026-08-05T02:01:22.329113+00:00,2026-08-05T02:01:22.329113+00:00,,6,UNSAFE,entry_created_after_closing
2026-07-06,12,6,17:50:00,2026-08-05T02:01:22.329113+00:00,2026-08-05T02:01:22.329113+00:00,2026-08-05T02:01:22.329113+00:00,,6,UNSAFE,entry_created_after_closing
2026-07-06,12,7,18:14:00,2026-08-05T02:01:21.60927+00:00,2026-08-05T02:01:22.329113+00:00,2026-08-05T02:01:22.329113+00:00,,6,UNSAFE,entry_created_after_closing
2026-07-06,12,8,18:40:00,2026-08-05T02:01:22.329113+00:00,2026-08-05T02:01:22.329113+00:00,2026-08-05T02:01:22.329113+00:00,,6,UNSAFE,entry_created_after_closing
2026-07-06,12,9,19:09:00,2026-08-05T02:01:21.60927+00:00,2026-08-05T02:01:22.329113+00:00,2026-08-05T02:01:22.329113+00:00,,6,UNSAFE,entry_created_after_closing
2026-07-06,12,10,19:36:00,2026-08-05T02:01:21.60927+00:00,2026-08-05T02:01:22.329113+00:00,2026-08-05T02:01:22.329113+00:00,,6,UNSAFE,entry_created_after_closing
2026-07-06,12,11,20:02:00,2026-08-05T02:01:21.60927+00:00,2026-08-05T02:01:22.329113+00:00,2026-08-05T02:01:22.329113+00:00,,6,UNSAFE,entry_created_after_closing
2026-07-06,12,12,20:31:00,2026-08-05T02:01:21.60927+00:00,2026-08-05T02:01:23.020978+00:00,2026-08-05T02:01:23.020978+00:00,,6,UNSAFE,entry_created_after_closing
2026-07-06,13,1,10:35:00,2026-08-05T02:01:19.580381+00:00,2026-08-05T02:01:20.250012+00:00,2026-08-05T02:01:20.250012+00:00,,6,UNSAFE,entry_created_after_closing
2026-07-06,13,2,10:58:00,2026-08-05T02:01:19.580381+00:00,2026-08-05T02:01:19.580381+00:00,2026-08-05T02:01:19.580381+00:00,,6,UNSAFE,entry_created_after_closing
2026-07-06,13,3,11:25:00,2026-08-05T02:01:19.580381+00:00,2026-08-05T02:01:19.580381+00:00,2026-08-05T02:01:19.580381+00:00,,6,UNSAFE,entry_created_after_closing
2026-07-06,13,4,11:52:00,2026-08-05T02:01:19.580381+00:00,2026-08-05T02:01:19.580381+00:00,2026-08-05T02:01:19.580381+00:00,,6,UNSAFE,entry_created_after_closing
2026-07-06,13,5,12:21:00,2026-08-05T02:01:19.580381+00:00,2026-08-05T02:01:20.250012+00:00,2026-08-05T02:01:20.250012+00:00,,6,UNSAFE,entry_created_after_closing
2026-07-06,13,6,12:47:00,2026-08-05T02:01:19.580381+00:00,2026-08-05T02:01:19.580381+00:00,2026-08-05T02:01:19.580381+00:00,,6,UNSAFE,entry_created_after_closing
2026-07-06,13,7,13:20:00,2026-08-05T02:01:19.580381+00:00,2026-08-05T02:01:20.250012+00:00,2026-08-05T02:01:20.250012+00:00,,6,UNSAFE,entry_created_after_closing
2026-07-06,13,8,13:52:00,2026-08-05T02:01:19.580381+00:00,2026-08-05T02:01:20.919524+00:00,2026-08-05T02:01:20.919524+00:00,,6,UNSAFE,entry_created_after_closing
2026-07-06,13,9,14:25:00,2026-08-05T02:01:19.580381+00:00,2026-08-05T02:01:19.580381+00:00,2026-08-05T02:01:19.580381+00:00,,6,UNSAFE,entry_created_after_closing
2026-07-06,13,10,14:58:00,2026-08-05T02:01:19.580381+00:00,2026-08-05T02:01:19.580381+00:00,2026-08-05T02:01:19.580381+00:00,,6,UNSAFE,entry_created_after_closing
2026-07-06,13,11,15:37:00,2026-08-05T02:01:19.580381+00:00,2026-08-05T02:01:20.250012+00:00,2026-08-05T02:01:20.250012+00:00,,6,UNSAFE,entry_created_after_closing
2026-07-06,13,12,16:20:00,2026-08-05T02:01:19.580381+00:00,2026-08-05T02:01:20.250012+00:00,2026-08-05T02:01:20.250012+00:00,,6,UNSAFE,entry_created_after_closing
2026-07-06,18,1,08:44:00,2026-08-05T02:01:19.580381+00:00,2026-08-05T02:01:20.919524+00:00,2026-08-05T02:01:20.919524+00:00,,6,UNSAFE,entry_created_after_closing
2026-07-06,18,2,09:10:00,2026-08-05T02:01:19.580381+00:00,2026-08-05T02:01:20.919524+00:00,2026-08-05T02:01:20.919524+00:00,,6,UNSAFE,entry_created_after_closing
2026-07-06,18,3,09:36:00,2026-08-05T02:01:19.580381+00:00,2026-08-05T02:01:20.919524+00:00,2026-08-05T02:01:20.919524+00:00,,6,UNSAFE,entry_created_after_closing
2026-07-06,18,4,10:02:00,2026-08-05T02:01:19.580381+00:00,2026-08-05T02:01:20.919524+00:00,2026-08-05T02:01:20.919524+00:00,,6,UNSAFE,entry_created_after_closing
2026-07-06,18,5,10:30:00,2026-08-05T02:01:19.580381+00:00,2026-08-05T02:01:20.919524+00:00,2026-08-05T02:01:20.919524+00:00,,6,UNSAFE,entry_created_after_closing
2026-07-06,18,6,11:00:00,2026-08-05T02:01:19.580381+00:00,2026-08-05T02:01:20.919524+00:00,2026-08-05T02:01:20.919524+00:00,,6,UNSAFE,entry_created_after_closing
2026-07-06,18,7,11:31:00,2026-08-05T02:01:19.580381+00:00,2026-08-05T02:01:20.919524+00:00,2026-08-05T02:01:20.919524+00:00,,6,UNSAFE,entry_created_after_closing
2026-07-06,18,8,12:00:00,2026-08-05T02:01:19.580381+00:00,2026-08-05T02:01:20.919524+00:00,2026-08-05T02:01:20.919524+00:00,,6,UNSAFE,entry_created_after_closing
2026-07-06,18,9,12:31:00,2026-08-05T02:01:19.580381+00:00,2026-08-05T02:01:20.919524+00:00,2026-08-05T02:01:20.919524+00:00,,6,UNSAFE,entry_created_after_closing
2026-07-06,18,10,13:05:00,2026-08-05T02:01:19.580381+00:00,2026-08-05T02:01:20.919524+00:00,2026-08-05T02:01:20.919524+00:00,,6,UNSAFE,entry_created_after_closing
2026-07-06,18,11,13:38:00,2026-08-05T02:01:19.580381+00:00,2026-08-05T02:01:20.919524+00:00,2026-08-05T02:01:20.919524+00:00,,6,UNSAFE,entry_created_after_closing
2026-07-06,18,12,14:14:00,2026-08-05T02:01:19.580381+00:00,2026-08-05T02:01:20.919524+00:00,2026-08-05T02:01:20.919524+00:00,,6,UNSAFE,entry_created_after_closing
2026-07-06,21,1,08:32:00,2026-08-05T02:01:15.499586+00:00,2026-08-05T02:01:16.58808+00:00,2026-08-05T02:01:16.58808+00:00,,6,UNSAFE,entry_created_after_closing
2026-07-06,21,2,08:58:00,2026-08-05T02:01:15.499586+00:00,2026-08-05T02:01:18.153503+00:00,2026-08-05T02:01:18.153503+00:00,,6,UNSAFE,entry_created_after_closing
2026-07-06,21,3,09:24:00,2026-08-05T02:01:15.499586+00:00,2026-08-05T02:01:18.153503+00:00,2026-08-05T02:01:18.153503+00:00,,6,UNSAFE,entry_created_after_closing
2026-07-06,21,4,09:50:00,2026-08-05T02:01:15.499586+00:00,2026-08-05T02:01:18.153503+00:00,2026-08-05T02:01:18.153503+00:00,,6,UNSAFE,entry_created_after_closing
2026-07-06,21,5,10:18:00,2026-08-05T02:01:15.499586+00:00,2026-08-05T02:01:16.58808+00:00,2026-08-05T02:01:16.58808+00:00,,6,UNSAFE,entry_created_after_closing
2026-07-06,21,6,10:46:00,2026-08-05T02:01:15.499586+00:00,2026-08-05T02:01:16.58808+00:00,2026-08-05T02:01:16.58808+00:00,,6,UNSAFE,entry_created_after_closing
2026-07-06,21,7,11:15:00,2026-08-05T02:01:15.499586+00:00,2026-08-05T02:01:17.46673+00:00,2026-08-05T02:01:17.46673+00:00,,6,UNSAFE,entry_created_after_closing
2026-07-06,21,8,11:45:00,2026-08-05T02:01:15.499586+00:00,2026-08-05T02:01:18.153503+00:00,2026-08-05T02:01:18.153503+00:00,,6,UNSAFE,entry_created_after_closing
2026-07-06,21,9,12:16:00,2026-08-05T02:01:15.499586+00:00,2026-08-05T02:01:17.46673+00:00,2026-08-05T02:01:17.46673+00:00,,6,UNSAFE,entry_created_after_closing
2026-07-06,21,10,12:49:00,2026-08-05T02:01:15.499586+00:00,2026-08-05T02:01:16.58808+00:00,2026-08-05T02:01:16.58808+00:00,,6,UNSAFE,entry_created_after_closing
2026-07-06,21,11,13:23:00,2026-08-05T02:01:15.499586+00:00,2026-08-05T02:01:17.46673+00:00,2026-08-05T02:01:17.46673+00:00,,6,UNSAFE,entry_created_after_closing
2026-07-06,21,12,14:01:00,2026-08-05T02:01:15.499586+00:00,2026-08-05T02:01:18.153503+00:00,2026-08-05T02:01:18.153503+00:00,,6,UNSAFE,entry_created_after_closing
2026-07-06,22,1,12:14:00,2026-08-05T02:01:15.499586+00:00,2026-08-05T02:01:16.58808+00:00,2026-08-05T02:01:16.58808+00:00,,6,UNSAFE,entry_created_after_closing
2026-07-06,22,2,12:44:00,2026-08-05T02:01:15.499586+00:00,2026-08-05T02:01:18.153503+00:00,2026-08-05T02:01:18.153503+00:00,,6,UNSAFE,entry_created_after_closing
2026-07-06,22,3,13:14:00,2026-08-05T02:01:15.499586+00:00,2026-08-05T02:01:16.58808+00:00,2026-08-05T02:01:16.58808+00:00,,6,UNSAFE,entry_created_after_closing
2026-07-06,22,4,13:47:00,2026-08-05T02:01:15.499586+00:00,2026-08-05T02:01:18.153503+00:00,2026-08-05T02:01:18.153503+00:00,,6,UNSAFE,entry_created_after_closing
2026-07-06,22,5,14:18:00,2026-08-05T02:01:15.499586+00:00,2026-08-05T02:01:18.153503+00:00,2026-08-05T02:01:18.153503+00:00,,6,UNSAFE,entry_created_after_closing
2026-07-06,22,6,14:50:00,2026-08-05T02:01:15.499586+00:00,2026-08-05T02:01:18.153503+00:00,2026-08-05T02:01:18.153503+00:00,,6,UNSAFE,entry_created_after_closing
2026-07-06,22,7,15:17:00,2026-08-05T02:01:15.499586+00:00,2026-08-05T02:01:18.153503+00:00,2026-08-05T02:01:18.153503+00:00,,6,UNSAFE,entry_created_after_closing
2026-07-06,22,8,15:54:00,2026-08-05T02:01:15.499586+00:00,2026-08-05T02:01:17.46673+00:00,2026-08-05T02:01:17.46673+00:00,,6,UNSAFE,entry_created_after_closing
2026-07-06,22,9,16:23:00,2026-08-05T02:01:15.499586+00:00,2026-08-05T02:01:18.153503+00:00,2026-08-05T02:01:18.153503+00:00,,6,UNSAFE,entry_created_after_closing
2026-07-06,22,10,16:56:00,2026-08-05T02:01:15.499586+00:00,2026-08-05T02:01:17.46673+00:00,2026-08-05T02:01:17.46673+00:00,,6,UNSAFE,entry_created_after_closing
2026-07-06,22,11,17:28:00,2026-08-05T02:01:15.499586+00:00,2026-08-05T02:01:16.58808+00:00,2026-08-05T02:01:16.58808+00:00,,6,UNSAFE,entry_created_after_closing
2026-07-06,22,12,18:00:00,2026-08-05T02:01:15.499586+00:00,2026-08-05T02:01:17.46673+00:00,2026-08-05T02:01:17.46673+00:00,,6,UNSAFE,entry_created_after_closing
2026-07-06,24,1,17:41:00,2026-08-05T02:01:15.499586+00:00,2026-08-05T02:01:16.58808+00:00,2026-08-05T02:01:16.58808+00:00,,6,UNSAFE,entry_created_after_closing
2026-07-06,24,2,18:08:00,2026-08-05T02:01:15.499586+00:00,2026-08-05T02:01:16.58808+00:00,2026-08-05T02:01:16.58808+00:00,,6,UNSAFE,entry_created_after_closing
2026-07-06,24,3,18:34:00,2026-08-05T02:01:15.499586+00:00,2026-08-05T02:01:16.58808+00:00,2026-08-05T02:01:16.58808+00:00,,6,UNSAFE,entry_created_after_closing
2026-07-06,24,4,19:03:00,2026-08-05T02:01:15.499586+00:00,2026-08-05T02:01:16.58808+00:00,2026-08-05T02:01:16.58808+00:00,,6,UNSAFE,entry_created_after_closing
2026-07-06,24,5,19:30:00,2026-08-05T02:01:15.499586+00:00,2026-08-05T02:01:17.46673+00:00,2026-08-05T02:01:17.46673+00:00,,6,UNSAFE,entry_created_after_closing
2026-07-06,24,6,19:56:00,2026-08-05T02:01:15.499586+00:00,2026-08-05T02:01:16.58808+00:00,2026-08-05T02:01:16.58808+00:00,,6,UNSAFE,entry_created_after_closing
2026-07-06,24,7,20:25:00,2026-08-05T02:01:15.499586+00:00,2026-08-05T02:01:16.58808+00:00,2026-08-05T02:01:16.58808+00:00,,6,UNSAFE,entry_created_after_closing
2026-07-06,24,8,20:59:00,2026-08-05T02:01:15.499586+00:00,2026-08-05T02:01:16.58808+00:00,2026-08-05T02:01:16.58808+00:00,,6,UNSAFE,entry_created_after_closing
2026-07-06,24,9,21:25:00,2026-08-05T02:01:15.499586+00:00,2026-08-05T02:01:17.46673+00:00,2026-08-05T02:01:17.46673+00:00,,6,UNSAFE,entry_created_after_closing
2026-07-06,24,10,21:51:00,2026-08-05T02:01:15.499586+00:00,2026-08-05T02:01:16.58808+00:00,2026-08-05T02:01:16.58808+00:00,,6,UNSAFE,entry_created_after_closing
2026-07-06,24,11,22:16:00,2026-08-05T02:01:15.499586+00:00,2026-08-05T02:01:16.58808+00:00,2026-08-05T02:01:16.58808+00:00,,6,UNSAFE,entry_created_after_closing
2026-07-06,24,12,22:41:00,2026-08-05T02:01:15.499586+00:00,2026-08-05T02:01:17.46673+00:00,2026-08-05T02:01:17.46673+00:00,,6,UNSAFE,entry_created_after_closing
2026-07-07,1,1,15:23:00,2026-08-05T02:02:11.257987+00:00,2026-08-05T02:02:11.257987+00:00,2026-08-05T02:02:11.257987+00:00,,6,UNSAFE,entry_created_after_closing
2026-07-07,1,2,15:58:00,2026-08-05T02:02:11.257987+00:00,2026-08-05T02:02:11.960285+00:00,2026-08-05T02:02:11.960285+00:00,,6,UNSAFE,entry_created_after_closing
2026-07-07,1,3,16:34:00,2026-08-05T02:02:11.257987+00:00,2026-08-05T02:02:12.613364+00:00,2026-08-05T02:02:12.613364+00:00,,6,UNSAFE,entry_created_after_closing
2026-07-07,1,4,17:13:00,2026-08-05T02:02:11.257987+00:00,2026-08-05T02:02:12.613364+00:00,2026-08-05T02:02:12.613364+00:00,,6,UNSAFE,entry_created_after_closing
2026-07-07,1,5,17:37:00,2026-08-05T02:02:11.257987+00:00,2026-08-05T02:02:12.613364+00:00,2026-08-05T02:02:12.613364+00:00,,6,UNSAFE,entry_created_after_closing
2026-07-07,1,6,18:04:00,2026-08-05T02:02:11.257987+00:00,2026-08-05T02:02:11.257987+00:00,2026-08-05T02:02:11.257987+00:00,,6,UNSAFE,entry_created_after_closing
2026-07-07,1,7,18:28:00,2026-08-05T02:02:11.257987+00:00,2026-08-05T02:02:11.257987+00:00,2026-08-05T02:02:11.257987+00:00,,6,UNSAFE,entry_created_after_closing
2026-07-07,1,8,18:54:00,2026-08-05T02:02:11.257987+00:00,2026-08-05T02:02:12.613364+00:00,2026-08-05T02:02:12.613364+00:00,,6,UNSAFE,entry_created_after_closing
2026-07-07,1,9,19:23:00,2026-08-05T02:02:11.257987+00:00,2026-08-05T02:02:12.613364+00:00,2026-08-05T02:02:12.613364+00:00,,6,UNSAFE,entry_created_after_closing
2026-07-07,1,10,19:50:00,2026-08-05T02:02:11.257987+00:00,2026-08-05T02:02:12.613364+00:00,2026-08-05T02:02:12.613364+00:00,,6,UNSAFE,entry_created_after_closing
2026-07-07,1,11,20:16:00,2026-08-05T02:02:11.257987+00:00,2026-08-05T02:02:12.613364+00:00,2026-08-05T02:02:12.613364+00:00,,6,UNSAFE,entry_created_after_closing
2026-07-07,1,12,20:45:00,2026-08-05T02:02:11.257987+00:00,2026-08-05T02:02:12.613364+00:00,2026-08-05T02:02:12.613364+00:00,,6,UNSAFE,entry_created_after_closing
2026-07-07,2,1,10:45:00,2026-08-05T02:02:06.986944+00:00,2026-08-05T02:02:10.509814+00:00,2026-08-05T02:02:10.509814+00:00,,6,UNSAFE,entry_created_after_closing
2026-07-07,2,2,11:13:00,2026-08-05T02:02:06.986944+00:00,2026-08-05T02:02:08.94732+00:00,2026-08-05T02:02:08.94732+00:00,,6,UNSAFE,entry_created_after_closing
2026-07-07,2,3,11:42:00,2026-08-05T02:02:07.998542+00:00,2026-08-05T02:02:08.94732+00:00,2026-08-05T02:02:08.94732+00:00,,6,UNSAFE,entry_created_after_closing
2026-07-07,2,4,12:11:00,2026-08-05T02:02:06.986944+00:00,2026-08-05T02:02:08.94732+00:00,2026-08-05T02:02:08.94732+00:00,,6,UNSAFE,entry_created_after_closing
2026-07-07,2,5,12:41:00,2026-08-05T02:02:07.998542+00:00,2026-08-05T02:02:08.94732+00:00,2026-08-05T02:02:08.94732+00:00,,6,UNSAFE,entry_created_after_closing
2026-07-07,2,6,13:11:00,2026-08-05T02:02:07.998542+00:00,2026-08-05T02:02:08.94732+00:00,2026-08-05T02:02:08.94732+00:00,,6,UNSAFE,entry_created_after_closing
2026-07-07,2,7,13:41:00,2026-08-05T02:02:06.986944+00:00,2026-08-05T02:02:10.509814+00:00,2026-08-05T02:02:10.509814+00:00,,6,UNSAFE,entry_created_after_closing
2026-07-07,2,8,14:12:00,2026-08-05T02:02:06.986944+00:00,2026-08-05T02:02:10.509814+00:00,2026-08-05T02:02:10.509814+00:00,,6,UNSAFE,entry_created_after_closing
2026-07-07,2,9,14:44:00,2026-08-05T02:02:06.986944+00:00,2026-08-05T02:02:08.94732+00:00,2026-08-05T02:02:08.94732+00:00,,6,UNSAFE,entry_created_after_closing
2026-07-07,2,10,15:17:00,2026-08-05T02:02:07.998542+00:00,2026-08-05T02:02:10.509814+00:00,2026-08-05T02:02:10.509814+00:00,,6,UNSAFE,entry_created_after_closing
2026-07-07,2,11,15:51:00,2026-08-05T02:02:07.998542+00:00,2026-08-05T02:02:08.94732+00:00,2026-08-05T02:02:08.94732+00:00,,6,UNSAFE,entry_created_after_closing
2026-07-07,2,12,16:30:00,2026-08-05T02:02:07.998542+00:00,2026-08-05T02:02:08.94732+00:00,2026-08-05T02:02:08.94732+00:00,,6,UNSAFE,entry_created_after_closing
2026-07-07,4,1,11:55:00,2026-08-05T02:02:06.986944+00:00,2026-08-05T02:02:10.509814+00:00,2026-08-05T02:02:10.509814+00:00,,6,UNSAFE,entry_created_after_closing
2026-07-07,4,2,12:24:00,2026-08-05T02:02:07.998542+00:00,2026-08-05T02:02:10.509814+00:00,2026-08-05T02:02:10.509814+00:00,,6,UNSAFE,entry_created_after_closing
2026-07-07,4,3,12:54:00,2026-08-05T02:02:06.986944+00:00,2026-08-05T02:02:10.509814+00:00,2026-08-05T02:02:10.509814+00:00,,6,UNSAFE,entry_created_after_closing
2026-07-07,4,4,13:25:00,2026-08-05T02:02:06.986944+00:00,2026-08-05T02:02:08.94732+00:00,2026-08-05T02:02:08.94732+00:00,,6,UNSAFE,entry_created_after_closing
2026-07-07,4,5,13:55:00,2026-08-05T02:02:06.986944+00:00,2026-08-05T02:02:08.94732+00:00,2026-08-05T02:02:08.94732+00:00,,6,UNSAFE,entry_created_after_closing
2026-07-07,4,6,14:28:00,2026-08-05T02:02:06.986944+00:00,2026-08-05T02:02:10.509814+00:00,2026-08-05T02:02:10.509814+00:00,,6,UNSAFE,entry_created_after_closing
2026-07-07,4,7,15:00:00,2026-08-05T02:02:07.998542+00:00,2026-08-05T02:02:08.94732+00:00,2026-08-05T02:02:08.94732+00:00,,6,UNSAFE,entry_created_after_closing
2026-07-07,4,8,15:32:00,2026-08-05T02:02:07.998542+00:00,2026-08-05T02:02:10.509814+00:00,2026-08-05T02:02:10.509814+00:00,,6,UNSAFE,entry_created_after_closing
2026-07-07,4,9,16:05:00,2026-08-05T02:02:07.998542+00:00,2026-08-05T02:02:10.509814+00:00,2026-08-05T02:02:10.509814+00:00,,6,UNSAFE,entry_created_after_closing
2026-07-07,4,10,16:37:00,2026-08-05T02:02:06.986944+00:00,2026-08-05T02:02:08.94732+00:00,2026-08-05T02:02:08.94732+00:00,,6,UNSAFE,entry_created_after_closing
2026-07-07,4,11,17:08:00,2026-08-05T02:02:06.986944+00:00,2026-08-05T02:02:10.509814+00:00,2026-08-05T02:02:10.509814+00:00,,6,UNSAFE,entry_created_after_closing
2026-07-07,4,12,17:42:00,2026-08-05T02:02:07.998542+00:00,2026-08-05T02:02:08.94732+00:00,2026-08-05T02:02:08.94732+00:00,,6,UNSAFE,entry_created_after_closing
2026-07-07,5,1,11:33:00,2026-08-05T02:02:06.986944+00:00,2026-08-05T02:02:08.94732+00:00,2026-08-05T02:02:08.94732+00:00,,6,UNSAFE,entry_created_after_closing
2026-07-07,5,2,12:04:00,2026-08-05T02:02:06.986944+00:00,2026-08-05T02:02:10.509814+00:00,2026-08-05T02:02:10.509814+00:00,,6,UNSAFE,entry_created_after_closing
2026-07-07,5,3,12:33:00,2026-08-05T02:02:06.986944+00:00,2026-08-05T02:02:10.509814+00:00,2026-08-05T02:02:10.509814+00:00,,6,UNSAFE,entry_created_after_closing
2026-07-07,5,4,13:03:00,2026-08-05T02:02:07.998542+00:00,2026-08-05T02:02:08.94732+00:00,2026-08-05T02:02:08.94732+00:00,,6,UNSAFE,entry_created_after_closing
2026-07-07,5,5,13:33:00,2026-08-05T02:02:06.986944+00:00,2026-08-05T02:02:08.94732+00:00,2026-08-05T02:02:08.94732+00:00,,6,UNSAFE,entry_created_after_closing
2026-07-07,5,6,14:09:00,2026-08-05T02:02:06.986944+00:00,2026-08-05T02:02:08.94732+00:00,2026-08-05T02:02:08.94732+00:00,,6,UNSAFE,entry_created_after_closing
2026-07-07,5,7,14:35:00,2026-08-05T02:02:06.986944+00:00,2026-08-05T02:02:08.94732+00:00,2026-08-05T02:02:08.94732+00:00,,6,UNSAFE,entry_created_after_closing
2026-07-07,5,8,15:06:00,2026-08-05T02:02:06.986944+00:00,2026-08-05T02:02:08.94732+00:00,2026-08-05T02:02:08.94732+00:00,,6,UNSAFE,entry_created_after_closing
2026-07-07,5,9,15:40:00,2026-08-05T02:02:07.998542+00:00,2026-08-05T02:02:08.94732+00:00,2026-08-05T02:02:08.94732+00:00,,6,UNSAFE,entry_created_after_closing
2026-07-07,5,10,16:15:00,2026-08-05T02:02:07.998542+00:00,2026-08-05T02:02:08.94732+00:00,2026-08-05T02:02:08.94732+00:00,,6,UNSAFE,entry_created_after_closing
2026-07-07,5,11,16:47:00,2026-08-05T02:02:07.998542+00:00,2026-08-05T02:02:08.94732+00:00,2026-08-05T02:02:08.94732+00:00,,6,UNSAFE,entry_created_after_closing
2026-07-07,5,12,17:20:00,2026-08-05T02:02:06.986944+00:00,2026-08-05T02:02:09.649986+00:00,2026-08-05T02:02:09.649986+00:00,,6,UNSAFE,entry_created_after_closing
2026-07-07,8,1,10:40:00,2026-08-05T02:02:16.129131+00:00,2026-08-05T02:02:16.859762+00:00,2026-08-05T02:02:16.859762+00:00,,6,UNSAFE,entry_created_after_closing
2026-07-07,8,2,11:10:00,2026-08-05T02:02:16.129131+00:00,2026-08-05T02:02:16.859762+00:00,2026-08-05T02:02:16.859762+00:00,,6,UNSAFE,entry_created_after_closing
2026-07-07,8,3,11:40:00,2026-08-05T02:02:16.129131+00:00,2026-08-05T02:02:16.859762+00:00,2026-08-05T02:02:16.859762+00:00,,6,UNSAFE,entry_created_after_closing
2026-07-07,8,4,12:08:00,2026-08-05T02:02:16.129131+00:00,2026-08-05T02:02:17.563602+00:00,2026-08-05T02:02:17.563602+00:00,,6,UNSAFE,entry_created_after_closing
2026-07-07,8,5,12:39:00,2026-08-05T02:02:16.129131+00:00,2026-08-05T02:02:17.563602+00:00,2026-08-05T02:02:17.563602+00:00,,6,UNSAFE,entry_created_after_closing
2026-07-07,8,6,13:05:00,2026-08-05T02:02:16.129131+00:00,2026-08-05T02:02:16.859762+00:00,2026-08-05T02:02:16.859762+00:00,,6,UNSAFE,entry_created_after_closing
2026-07-07,8,7,13:37:00,2026-08-05T02:02:16.129131+00:00,2026-08-05T02:02:18.283638+00:00,2026-08-05T02:02:18.283638+00:00,,6,UNSAFE,entry_created_after_closing
2026-07-07,8,8,14:04:00,2026-08-05T02:02:16.129131+00:00,2026-08-05T02:02:17.563602+00:00,2026-08-05T02:02:17.563602+00:00,,6,UNSAFE,entry_created_after_closing
2026-07-07,8,9,14:30:00,2026-08-05T02:02:16.129131+00:00,2026-08-05T02:02:16.859762+00:00,2026-08-05T02:02:16.859762+00:00,,6,UNSAFE,entry_created_after_closing
2026-07-07,8,10,14:58:00,2026-08-05T02:02:16.129131+00:00,2026-08-05T02:02:16.859762+00:00,2026-08-05T02:02:16.859762+00:00,,6,UNSAFE,entry_created_after_closing
2026-07-07,8,11,15:30:00,2026-08-05T02:02:16.129131+00:00,2026-08-05T02:02:16.859762+00:00,2026-08-05T02:02:16.859762+00:00,,6,UNSAFE,entry_created_after_closing
2026-07-07,8,12,16:10:00,2026-08-05T02:02:16.129131+00:00,2026-08-05T02:02:18.283638+00:00,2026-08-05T02:02:18.283638+00:00,,6,UNSAFE,entry_created_after_closing
2026-07-07,10,1,08:32:00,2026-08-05T02:02:07.998542+00:00,2026-08-05T02:02:08.94732+00:00,2026-08-05T02:02:08.94732+00:00,,6,UNSAFE,entry_created_after_closing
2026-07-07,10,2,08:58:00,2026-08-05T02:02:07.998542+00:00,2026-08-05T02:02:08.94732+00:00,2026-08-05T02:02:08.94732+00:00,,6,UNSAFE,entry_created_after_closing
2026-07-07,10,3,09:24:00,2026-08-05T02:02:07.998542+00:00,2026-08-05T02:02:10.509814+00:00,2026-08-05T02:02:10.509814+00:00,,6,UNSAFE,entry_created_after_closing
2026-07-07,10,4,09:50:00,2026-08-05T02:02:07.998542+00:00,2026-08-05T02:02:08.94732+00:00,2026-08-05T02:02:08.94732+00:00,,6,UNSAFE,entry_created_after_closing
2026-07-07,10,5,10:18:00,2026-08-05T02:02:06.986944+00:00,2026-08-05T02:02:08.94732+00:00,2026-08-05T02:02:08.94732+00:00,,6,UNSAFE,entry_created_after_closing
2026-07-07,10,6,10:47:00,2026-08-05T02:02:07.998542+00:00,2026-08-05T02:02:08.94732+00:00,2026-08-05T02:02:08.94732+00:00,,6,UNSAFE,entry_created_after_closing
2026-07-07,10,7,11:16:00,2026-08-05T02:02:06.986944+00:00,2026-08-05T02:02:10.509814+00:00,2026-08-05T02:02:10.509814+00:00,,6,UNSAFE,entry_created_after_closing
2026-07-07,10,8,11:45:00,2026-08-05T02:02:06.986944+00:00,2026-08-05T02:02:10.509814+00:00,2026-08-05T02:02:10.509814+00:00,,6,UNSAFE,entry_created_after_closing
2026-07-07,10,9,12:17:00,2026-08-05T02:02:07.998542+00:00,2026-08-05T02:02:08.94732+00:00,2026-08-05T02:02:08.94732+00:00,,6,UNSAFE,entry_created_after_closing
2026-07-07,10,10,12:52:00,2026-08-05T02:02:07.998542+00:00,2026-08-05T02:02:08.94732+00:00,2026-08-05T02:02:08.94732+00:00,,6,UNSAFE,entry_created_after_closing
2026-07-07,10,11,13:22:00,2026-08-05T02:02:07.998542+00:00,2026-08-05T02:02:08.94732+00:00,2026-08-05T02:02:08.94732+00:00,,6,UNSAFE,entry_created_after_closing
2026-07-07,10,12,14:00:00,2026-08-05T02:02:07.998542+00:00,2026-08-05T02:02:08.94732+00:00,2026-08-05T02:02:08.94732+00:00,,6,UNSAFE,entry_created_after_closing
2026-07-07,11,1,10:33:00,2026-08-05T02:02:07.998542+00:00,2026-08-05T02:02:08.94732+00:00,2026-08-05T02:02:08.94732+00:00,,6,UNSAFE,entry_created_after_closing
2026-07-07,11,2,11:02:00,2026-08-05T02:02:06.986944+00:00,2026-08-05T02:02:10.509814+00:00,2026-08-05T02:02:10.509814+00:00,,6,UNSAFE,entry_created_after_closing
2026-07-07,11,3,11:37:00,2026-08-05T02:02:07.998542+00:00,2026-08-05T02:02:08.94732+00:00,2026-08-05T02:02:08.94732+00:00,,6,UNSAFE,entry_created_after_closing
2026-07-07,11,4,12:15:00,2026-08-05T02:02:07.998542+00:00,2026-08-05T02:02:08.94732+00:00,2026-08-05T02:02:08.94732+00:00,,6,UNSAFE,entry_created_after_closing
2026-07-07,11,5,12:49:00,2026-08-05T02:02:06.986944+00:00,2026-08-05T02:02:10.509814+00:00,2026-08-05T02:02:10.509814+00:00,,6,UNSAFE,entry_created_after_closing
2026-07-07,11,6,13:19:00,2026-08-05T02:02:06.986944+00:00,2026-08-05T02:02:08.94732+00:00,2026-08-05T02:02:08.94732+00:00,,6,UNSAFE,entry_created_after_closing
2026-07-07,11,7,13:50:00,2026-08-05T02:02:07.998542+00:00,2026-08-05T02:02:08.94732+00:00,2026-08-05T02:02:08.94732+00:00,,6,UNSAFE,entry_created_after_closing
2026-07-07,11,8,14:21:00,2026-08-05T02:02:06.986944+00:00,2026-08-05T02:02:08.94732+00:00,2026-08-05T02:02:08.94732+00:00,,6,UNSAFE,entry_created_after_closing
2026-07-07,11,9,14:53:00,2026-08-05T02:02:06.986944+00:00,2026-08-05T02:02:10.509814+00:00,2026-08-05T02:02:10.509814+00:00,,6,UNSAFE,entry_created_after_closing
2026-07-07,11,10,15:27:00,2026-08-05T02:02:06.986944+00:00,2026-08-05T02:02:08.94732+00:00,2026-08-05T02:02:08.94732+00:00,,6,UNSAFE,entry_created_after_closing
2026-07-07,11,11,16:03:00,2026-08-05T02:02:07.998542+00:00,2026-08-05T02:02:10.509814+00:00,2026-08-05T02:02:10.509814+00:00,,6,UNSAFE,entry_created_after_closing
2026-07-07,11,12,16:40:00,2026-08-05T02:02:07.998542+00:00,2026-08-05T02:02:08.94732+00:00,2026-08-05T02:02:08.94732+00:00,,6,UNSAFE,entry_created_after_closing
2026-07-07,12,1,15:22:00,2026-08-05T02:02:16.859762+00:00,2026-08-05T02:02:17.563602+00:00,2026-08-05T02:02:17.563602+00:00,,6,UNSAFE,entry_created_after_closing
2026-07-07,12,2,15:57:00,2026-08-05T02:02:16.859762+00:00,2026-08-05T02:02:17.563602+00:00,2026-08-05T02:02:17.563602+00:00,,6,UNSAFE,entry_created_after_closing
2026-07-07,12,3,16:26:00,2026-08-05T02:02:16.859762+00:00,2026-08-05T02:02:17.563602+00:00,2026-08-05T02:02:17.563602+00:00,,6,UNSAFE,entry_created_after_closing
2026-07-07,12,4,17:06:00,2026-08-05T02:02:16.859762+00:00,2026-08-05T02:02:17.563602+00:00,2026-08-05T02:02:17.563602+00:00,,6,UNSAFE,entry_created_after_closing
2026-07-07,12,5,17:30:00,2026-08-05T02:02:16.859762+00:00,2026-08-05T02:02:17.563602+00:00,2026-08-05T02:02:17.563602+00:00,,6,UNSAFE,entry_created_after_closing
2026-07-07,12,6,17:57:00,2026-08-05T02:02:16.859762+00:00,2026-08-05T02:02:17.563602+00:00,2026-08-05T02:02:17.563602+00:00,,6,UNSAFE,entry_created_after_closing
2026-07-07,12,7,18:21:00,2026-08-05T02:02:16.859762+00:00,2026-08-05T02:02:17.563602+00:00,2026-08-05T02:02:17.563602+00:00,,6,UNSAFE,entry_created_after_closing
2026-07-07,12,8,18:47:00,2026-08-05T02:02:16.859762+00:00,2026-08-05T02:02:16.859762+00:00,2026-08-05T02:02:16.859762+00:00,,6,UNSAFE,entry_created_after_closing
2026-07-07,12,9,19:16:00,2026-08-05T02:02:16.859762+00:00,2026-08-05T02:02:17.563602+00:00,2026-08-05T02:02:17.563602+00:00,,6,UNSAFE,entry_created_after_closing
2026-07-07,12,10,19:43:00,2026-08-05T02:02:16.859762+00:00,2026-08-05T02:02:17.563602+00:00,2026-08-05T02:02:17.563602+00:00,,6,UNSAFE,entry_created_after_closing
2026-07-07,12,11,20:09:00,2026-08-05T02:02:16.129131+00:00,2026-08-05T02:02:16.859762+00:00,2026-08-05T02:02:16.859762+00:00,,6,UNSAFE,entry_created_after_closing
2026-07-07,12,12,20:38:00,2026-08-05T02:02:16.859762+00:00,2026-08-05T02:02:17.563602+00:00,2026-08-05T02:02:17.563602+00:00,,6,UNSAFE,entry_created_after_closing
2026-07-07,13,1,10:35:00,2026-08-05T02:02:13.43115+00:00,2026-08-05T02:02:13.43115+00:00,2026-08-05T02:02:13.43115+00:00,,6,UNSAFE,entry_created_after_closing
2026-07-07,13,2,10:58:00,2026-08-05T02:02:13.43115+00:00,2026-08-05T02:02:13.43115+00:00,2026-08-05T02:02:13.43115+00:00,,6,UNSAFE,entry_created_after_closing
2026-07-07,13,3,11:25:00,2026-08-05T02:02:13.43115+00:00,2026-08-05T02:02:13.43115+00:00,2026-08-05T02:02:13.43115+00:00,,6,UNSAFE,entry_created_after_closing
2026-07-07,13,4,11:52:00,2026-08-05T02:02:13.43115+00:00,2026-08-05T02:02:14.098893+00:00,2026-08-05T02:02:14.098893+00:00,,6,UNSAFE,entry_created_after_closing
2026-07-07,13,5,12:30:00,2026-08-05T02:02:13.43115+00:00,2026-08-05T02:02:14.098893+00:00,2026-08-05T02:02:14.098893+00:00,,6,UNSAFE,entry_created_after_closing
2026-07-07,13,6,13:01:00,2026-08-05T02:02:13.43115+00:00,2026-08-05T02:02:13.43115+00:00,2026-08-05T02:02:13.43115+00:00,,6,UNSAFE,entry_created_after_closing
2026-07-07,13,7,13:30:00,2026-08-05T02:02:13.43115+00:00,2026-08-05T02:02:14.098893+00:00,2026-08-05T02:02:14.098893+00:00,,6,UNSAFE,entry_created_after_closing
2026-07-07,13,8,14:07:00,2026-08-05T02:02:13.43115+00:00,2026-08-05T02:02:13.43115+00:00,2026-08-05T02:02:13.43115+00:00,,6,UNSAFE,entry_created_after_closing
2026-07-07,13,9,14:40:00,2026-08-05T02:02:13.43115+00:00,2026-08-05T02:02:13.43115+00:00,2026-08-05T02:02:13.43115+00:00,,6,UNSAFE,entry_created_after_closing
2026-07-07,13,10,15:10:00,2026-08-05T02:02:13.43115+00:00,2026-08-05T02:02:13.43115+00:00,2026-08-05T02:02:13.43115+00:00,,6,UNSAFE,entry_created_after_closing
2026-07-07,13,11,15:38:00,2026-08-05T02:02:13.43115+00:00,2026-08-05T02:02:13.43115+00:00,2026-08-05T02:02:13.43115+00:00,,6,UNSAFE,entry_created_after_closing
2026-07-07,13,12,16:20:00,2026-08-05T02:02:13.43115+00:00,2026-08-05T02:02:13.43115+00:00,2026-08-05T02:02:13.43115+00:00,,6,UNSAFE,entry_created_after_closing
2026-07-07,18,1,08:44:00,2026-08-05T02:02:13.43115+00:00,2026-08-05T02:02:14.759504+00:00,2026-08-05T02:02:14.759504+00:00,,6,UNSAFE,entry_created_after_closing
2026-07-07,18,2,09:10:00,2026-08-05T02:02:13.43115+00:00,2026-08-05T02:02:14.759504+00:00,2026-08-05T02:02:14.759504+00:00,,6,UNSAFE,entry_created_after_closing
2026-07-07,18,3,09:36:00,2026-08-05T02:02:13.43115+00:00,2026-08-05T02:02:14.759504+00:00,2026-08-05T02:02:14.759504+00:00,,6,UNSAFE,entry_created_after_closing
2026-07-07,18,4,10:02:00,2026-08-05T02:02:13.43115+00:00,2026-08-05T02:02:15.431581+00:00,2026-08-05T02:02:15.431581+00:00,,6,UNSAFE,entry_created_after_closing
2026-07-07,18,5,10:30:00,2026-08-05T02:02:13.43115+00:00,2026-08-05T02:02:14.759504+00:00,2026-08-05T02:02:14.759504+00:00,,6,UNSAFE,entry_created_after_closing
2026-07-07,18,6,11:00:00,2026-08-05T02:02:14.098893+00:00,2026-08-05T02:02:15.431581+00:00,2026-08-05T02:02:15.431581+00:00,,6,UNSAFE,entry_created_after_closing
2026-07-07,18,7,11:31:00,2026-08-05T02:02:13.43115+00:00,2026-08-05T02:02:15.431581+00:00,2026-08-05T02:02:15.431581+00:00,,6,UNSAFE,entry_created_after_closing
2026-07-07,18,8,12:00:00,2026-08-05T02:02:13.43115+00:00,2026-08-05T02:02:14.759504+00:00,2026-08-05T02:02:14.759504+00:00,,6,UNSAFE,entry_created_after_closing
2026-07-07,18,9,12:35:00,2026-08-05T02:02:13.43115+00:00,2026-08-05T02:02:14.759504+00:00,2026-08-05T02:02:14.759504+00:00,,6,UNSAFE,entry_created_after_closing
2026-07-07,18,10,13:07:00,2026-08-05T02:02:13.43115+00:00,2026-08-05T02:02:14.759504+00:00,2026-08-05T02:02:14.759504+00:00,,6,UNSAFE,entry_created_after_closing
2026-07-07,18,11,13:39:00,2026-08-05T02:02:13.43115+00:00,2026-08-05T02:02:14.759504+00:00,2026-08-05T02:02:14.759504+00:00,,6,UNSAFE,entry_created_after_closing
2026-07-07,18,12,14:15:00,2026-08-05T02:02:13.43115+00:00,2026-08-05T02:02:14.759504+00:00,2026-08-05T02:02:14.759504+00:00,,6,UNSAFE,entry_created_after_closing
2026-07-07,20,1,15:24:00,2026-08-05T02:02:06.986944+00:00,2026-08-05T02:02:10.509814+00:00,2026-08-05T02:02:10.509814+00:00,,6,UNSAFE,entry_created_after_closing
2026-07-07,20,2,15:49:00,2026-08-05T02:02:06.986944+00:00,2026-08-05T02:02:10.509814+00:00,2026-08-05T02:02:10.509814+00:00,,6,UNSAFE,entry_created_after_closing
2026-07-07,20,3,16:23:00,2026-08-05T02:02:06.986944+00:00,2026-08-05T02:02:08.94732+00:00,2026-08-05T02:02:08.94732+00:00,,6,UNSAFE,entry_created_after_closing
2026-07-07,20,4,17:00:00,2026-08-05T02:02:07.998542+00:00,2026-08-05T02:02:08.94732+00:00,2026-08-05T02:02:08.94732+00:00,,6,UNSAFE,entry_created_after_closing
2026-07-07,20,5,17:24:00,2026-08-05T02:02:06.986944+00:00,2026-08-05T02:02:08.94732+00:00,2026-08-05T02:02:08.94732+00:00,,6,UNSAFE,entry_created_after_closing
2026-07-07,20,6,17:50:00,2026-08-05T02:02:06.986944+00:00,2026-08-05T02:02:10.509814+00:00,2026-08-05T02:02:10.509814+00:00,,6,UNSAFE,entry_created_after_closing
2026-07-07,20,7,18:14:00,2026-08-05T02:02:06.986944+00:00,2026-08-05T02:02:10.509814+00:00,2026-08-05T02:02:10.509814+00:00,,6,UNSAFE,entry_created_after_closing
2026-07-07,20,8,18:40:00,2026-08-05T02:02:06.986944+00:00,2026-08-05T02:02:08.94732+00:00,2026-08-05T02:02:08.94732+00:00,,6,UNSAFE,entry_created_after_closing
2026-07-07,20,9,19:09:00,2026-08-05T02:02:07.998542+00:00,2026-08-05T02:02:08.94732+00:00,2026-08-05T02:02:08.94732+00:00,,6,UNSAFE,entry_created_after_closing
2026-07-07,20,10,19:36:00,2026-08-05T02:02:06.986944+00:00,2026-08-05T02:02:08.94732+00:00,2026-08-05T02:02:08.94732+00:00,,6,UNSAFE,entry_created_after_closing
2026-07-07,20,11,20:02:00,2026-08-05T02:02:06.986944+00:00,2026-08-05T02:02:08.94732+00:00,2026-08-05T02:02:08.94732+00:00,,6,UNSAFE,entry_created_after_closing
2026-07-07,20,12,20:31:00,2026-08-05T02:02:07.998542+00:00,2026-08-05T02:02:08.94732+00:00,2026-08-05T02:02:08.94732+00:00,,6,UNSAFE,entry_created_after_closing
2026-07-07,24,1,17:41:00,2026-08-05T02:02:07.998542+00:00,2026-08-05T02:02:08.94732+00:00,2026-08-05T02:02:08.94732+00:00,,6,UNSAFE,entry_created_after_closing
2026-07-07,24,2,18:08:00,2026-08-05T02:02:07.998542+00:00,2026-08-05T02:02:08.94732+00:00,2026-08-05T02:02:08.94732+00:00,,6,UNSAFE,entry_created_after_closing
2026-07-07,24,3,18:34:00,2026-08-05T02:02:07.998542+00:00,2026-08-05T02:02:08.94732+00:00,2026-08-05T02:02:08.94732+00:00,,6,UNSAFE,entry_created_after_closing
2026-07-07,24,4,19:03:00,2026-08-05T02:02:07.998542+00:00,2026-08-05T02:02:08.94732+00:00,2026-08-05T02:02:08.94732+00:00,,6,UNSAFE,entry_created_after_closing
2026-07-07,24,5,19:30:00,2026-08-05T02:02:07.998542+00:00,2026-08-05T02:02:08.94732+00:00,2026-08-05T02:02:08.94732+00:00,,6,UNSAFE,entry_created_after_closing
2026-07-07,24,6,19:56:00,2026-08-05T02:02:07.998542+00:00,2026-08-05T02:02:10.509814+00:00,2026-08-05T02:02:10.509814+00:00,,6,UNSAFE,entry_created_after_closing
2026-07-07,24,7,20:25:00,2026-08-05T02:02:06.986944+00:00,2026-08-05T02:02:10.509814+00:00,2026-08-05T02:02:10.509814+00:00,,6,UNSAFE,entry_created_after_closing
2026-07-07,24,8,20:59:00,2026-08-05T02:02:06.986944+00:00,2026-08-05T02:02:08.94732+00:00,2026-08-05T02:02:08.94732+00:00,,6,UNSAFE,entry_created_after_closing
2026-07-07,24,9,21:25:00,2026-08-05T02:02:07.998542+00:00,2026-08-05T02:02:08.94732+00:00,2026-08-05T02:02:08.94732+00:00,,6,UNSAFE,entry_created_after_closing
2026-07-07,24,10,21:51:00,2026-08-05T02:02:07.998542+00:00,2026-08-05T02:02:10.509814+00:00,2026-08-05T02:02:10.509814+00:00,,6,UNSAFE,entry_created_after_closing
2026-07-07,24,11,22:16:00,2026-08-05T02:02:07.998542+00:00,2026-08-05T02:02:08.94732+00:00,2026-08-05T02:02:08.94732+00:00,,6,UNSAFE,entry_created_after_closing
2026-07-07,24,12,22:41:00,2026-08-05T02:02:07.998542+00:00,2026-08-05T02:02:08.94732+00:00,2026-08-05T02:02:08.94732+00:00,,6,UNSAFE,entry_created_after_closing
2026-07-08,1,1,15:23:00,2026-08-05T02:03:11.01468+00:00,2026-08-05T02:03:11.01468+00:00,2026-08-05T02:03:11.01468+00:00,,6,UNSAFE,entry_created_after_closing
2026-07-08,1,2,15:58:00,2026-08-05T02:03:12.306136+00:00,2026-08-05T02:03:13.590306+00:00,2026-08-05T02:03:13.590306+00:00,,6,UNSAFE,entry_created_after_closing
2026-07-08,1,3,16:36:00,2026-08-05T02:03:11.01468+00:00,2026-08-05T02:03:11.01468+00:00,2026-08-05T02:03:11.01468+00:00,,6,UNSAFE,entry_created_after_closing
2026-07-08,1,4,17:13:00,2026-08-05T02:03:11.01468+00:00,2026-08-05T02:03:13.590306+00:00,2026-08-05T02:03:13.590306+00:00,,6,UNSAFE,entry_created_after_closing
2026-07-08,1,5,17:37:00,2026-08-05T02:03:11.01468+00:00,2026-08-05T02:03:13.590306+00:00,2026-08-05T02:03:13.590306+00:00,,6,UNSAFE,entry_created_after_closing
2026-07-08,1,6,18:04:00,2026-08-05T02:03:11.01468+00:00,2026-08-05T02:03:13.590306+00:00,2026-08-05T02:03:13.590306+00:00,,6,UNSAFE,entry_created_after_closing
2026-07-08,1,7,18:28:00,2026-08-05T02:03:11.01468+00:00,2026-08-05T02:03:11.01468+00:00,2026-08-05T02:03:11.01468+00:00,,6,UNSAFE,entry_created_after_closing
2026-07-08,1,8,18:54:00,2026-08-05T02:03:11.01468+00:00,2026-08-05T02:03:11.01468+00:00,2026-08-05T02:03:11.01468+00:00,,6,UNSAFE,entry_created_after_closing
2026-07-08,1,9,19:23:00,2026-08-05T02:03:11.01468+00:00,2026-08-05T02:03:13.590306+00:00,2026-08-05T02:03:13.590306+00:00,,6,UNSAFE,entry_created_after_closing
2026-07-08,1,10,19:50:00,2026-08-05T02:03:11.01468+00:00,2026-08-05T02:03:11.01468+00:00,2026-08-05T02:03:11.01468+00:00,,6,UNSAFE,entry_created_after_closing
2026-07-08,1,11,20:16:00,2026-08-05T02:03:11.01468+00:00,2026-08-05T02:03:13.590306+00:00,2026-08-05T02:03:13.590306+00:00,,6,UNSAFE,entry_created_after_closing
2026-07-08,1,12,20:45:00,2026-08-05T02:03:11.01468+00:00,2026-08-05T02:03:11.01468+00:00,2026-08-05T02:03:11.01468+00:00,,6,UNSAFE,entry_created_after_closing
2026-07-08,2,1,10:31:00,2026-08-05T02:03:08.897065+00:00,2026-08-05T02:03:15.013999+00:00,2026-08-05T02:03:15.013999+00:00,,6,UNSAFE,entry_created_after_closing
2026-07-08,2,2,10:59:00,2026-08-05T02:03:08.897065+00:00,2026-08-05T02:03:09.923939+00:00,2026-08-05T02:03:09.923939+00:00,,6,UNSAFE,entry_created_after_closing
2026-07-08,2,3,11:28:00,2026-08-05T02:03:08.897065+00:00,2026-08-05T02:03:09.923939+00:00,2026-08-05T02:03:09.923939+00:00,,6,UNSAFE,entry_created_after_closing
2026-07-08,2,4,11:57:00,2026-08-05T02:03:08.897065+00:00,2026-08-05T02:03:09.923939+00:00,2026-08-05T02:03:09.923939+00:00,,6,UNSAFE,entry_created_after_closing
2026-07-08,2,5,12:29:00,2026-08-05T02:03:08.897065+00:00,2026-08-05T02:03:16.35882+00:00,2026-08-05T02:03:16.35882+00:00,,6,UNSAFE,entry_created_after_closing
2026-07-08,2,6,13:01:00,2026-08-05T02:03:08.897065+00:00,2026-08-05T02:03:09.923939+00:00,2026-08-05T02:03:09.923939+00:00,,6,UNSAFE,entry_created_after_closing
2026-07-08,2,7,13:33:00,2026-08-05T02:03:08.897065+00:00,2026-08-05T02:03:16.35882+00:00,2026-08-05T02:03:16.35882+00:00,,6,UNSAFE,entry_created_after_closing
2026-07-08,2,8,14:05:00,2026-08-05T02:03:08.897065+00:00,2026-08-05T02:03:16.35882+00:00,2026-08-05T02:03:16.35882+00:00,,6,UNSAFE,entry_created_after_closing
2026-07-08,2,9,14:39:00,2026-08-05T02:03:08.897065+00:00,2026-08-05T02:03:09.923939+00:00,2026-08-05T02:03:09.923939+00:00,,6,UNSAFE,entry_created_after_closing
2026-07-08,2,10,15:14:00,2026-08-05T02:03:08.897065+00:00,2026-08-05T02:03:16.35882+00:00,2026-08-05T02:03:16.35882+00:00,,6,UNSAFE,entry_created_after_closing
2026-07-08,2,11,15:51:00,2026-08-05T02:03:08.897065+00:00,2026-08-05T02:03:09.923939+00:00,2026-08-05T02:03:09.923939+00:00,,6,UNSAFE,entry_created_after_closing
2026-07-08,2,12,16:30:00,2026-08-05T02:03:08.897065+00:00,2026-08-05T02:03:16.35882+00:00,2026-08-05T02:03:16.35882+00:00,,6,UNSAFE,entry_created_after_closing
2026-07-08,5,1,11:33:00,2026-08-05T02:03:08.897065+00:00,2026-08-05T02:03:16.35882+00:00,2026-08-05T02:03:16.35882+00:00,,6,UNSAFE,entry_created_after_closing
2026-07-08,5,2,12:04:00,2026-08-05T02:03:08.897065+00:00,2026-08-05T02:03:16.35882+00:00,2026-08-05T02:03:16.35882+00:00,,6,UNSAFE,entry_created_after_closing
2026-07-08,5,3,12:32:00,2026-08-05T02:03:08.897065+00:00,2026-08-05T02:03:16.35882+00:00,2026-08-05T02:03:16.35882+00:00,,6,UNSAFE,entry_created_after_closing
2026-07-08,5,4,13:03:00,2026-08-05T02:03:08.897065+00:00,2026-08-05T02:03:09.923939+00:00,2026-08-05T02:03:09.923939+00:00,,6,UNSAFE,entry_created_after_closing
2026-07-08,5,5,13:36:00,2026-08-05T02:03:08.897065+00:00,2026-08-05T02:03:16.35882+00:00,2026-08-05T02:03:16.35882+00:00,,6,UNSAFE,entry_created_after_closing
2026-07-08,5,6,14:09:00,2026-08-05T02:03:08.897065+00:00,2026-08-05T02:03:16.35882+00:00,2026-08-05T02:03:16.35882+00:00,,6,UNSAFE,entry_created_after_closing
2026-07-08,5,7,14:35:00,2026-08-05T02:03:08.897065+00:00,2026-08-05T02:03:15.013999+00:00,2026-08-05T02:03:15.013999+00:00,,6,UNSAFE,entry_created_after_closing
2026-07-08,5,8,15:05:00,2026-08-05T02:03:08.897065+00:00,2026-08-05T02:03:09.923939+00:00,2026-08-05T02:03:09.923939+00:00,,6,UNSAFE,entry_created_after_closing
2026-07-08,5,9,15:42:00,2026-08-05T02:03:08.897065+00:00,2026-08-05T02:03:16.35882+00:00,2026-08-05T02:03:16.35882+00:00,,6,UNSAFE,entry_created_after_closing
2026-07-08,5,10,16:15:00,2026-08-05T02:03:08.897065+00:00,2026-08-05T02:03:09.923939+00:00,2026-08-05T02:03:09.923939+00:00,,6,UNSAFE,entry_created_after_closing
2026-07-08,5,11,16:46:00,2026-08-05T02:03:08.897065+00:00,2026-08-05T02:03:15.013999+00:00,2026-08-05T02:03:15.013999+00:00,,6,UNSAFE,entry_created_after_closing
2026-07-08,5,12,17:22:00,2026-08-05T02:03:08.897065+00:00,2026-08-05T02:03:16.35882+00:00,2026-08-05T02:03:16.35882+00:00,,6,UNSAFE,entry_created_after_closing
2026-07-08,8,1,10:42:00,2026-08-05T02:03:17.942264+00:00,2026-08-05T02:03:19.571525+00:00,2026-08-05T02:03:19.571525+00:00,,6,UNSAFE,entry_created_after_closing
2026-07-08,8,2,11:08:00,2026-08-05T02:03:17.942264+00:00,2026-08-05T02:03:19.571525+00:00,2026-08-05T02:03:19.571525+00:00,,6,UNSAFE,entry_created_after_closing
2026-07-08,8,3,11:36:00,2026-08-05T02:03:17.942264+00:00,2026-08-05T02:03:20.380395+00:00,2026-08-05T02:03:20.380395+00:00,,6,UNSAFE,entry_created_after_closing
2026-07-08,8,4,12:02:00,2026-08-05T02:03:17.942264+00:00,2026-08-05T02:03:20.380395+00:00,2026-08-05T02:03:20.380395+00:00,,6,UNSAFE,entry_created_after_closing
2026-07-08,8,5,12:35:00,2026-08-05T02:03:17.942264+00:00,2026-08-05T02:03:19.571525+00:00,2026-08-05T02:03:19.571525+00:00,,6,UNSAFE,entry_created_after_closing
2026-07-08,8,6,13:07:00,2026-08-05T02:03:18.670772+00:00,2026-08-05T02:03:20.380395+00:00,2026-08-05T02:03:20.380395+00:00,,6,UNSAFE,entry_created_after_closing
2026-07-08,8,7,13:40:00,2026-08-05T02:03:17.942264+00:00,2026-08-05T02:03:19.571525+00:00,2026-08-05T02:03:19.571525+00:00,,6,UNSAFE,entry_created_after_closing
2026-07-08,8,8,14:07:00,2026-08-05T02:03:17.942264+00:00,2026-08-05T02:03:19.571525+00:00,2026-08-05T02:03:19.571525+00:00,,6,UNSAFE,entry_created_after_closing
2026-07-08,8,9,14:33:00,2026-08-05T02:03:17.942264+00:00,2026-08-05T02:03:19.571525+00:00,2026-08-05T02:03:19.571525+00:00,,6,UNSAFE,entry_created_after_closing
2026-07-08,8,10,14:59:00,2026-08-05T02:03:17.942264+00:00,2026-08-05T02:03:19.571525+00:00,2026-08-05T02:03:19.571525+00:00,,6,UNSAFE,entry_created_after_closing
2026-07-08,8,11,15:36:00,2026-08-05T02:03:17.942264+00:00,2026-08-05T02:03:19.571525+00:00,2026-08-05T02:03:19.571525+00:00,,6,UNSAFE,entry_created_after_closing
2026-07-08,8,12,16:11:00,2026-08-05T02:03:17.942264+00:00,2026-08-05T02:03:19.571525+00:00,2026-08-05T02:03:19.571525+00:00,,6,UNSAFE,entry_created_after_closing
2026-07-08,10,1,08:32:00,2026-08-05T02:03:08.897065+00:00,2026-08-05T02:03:09.923939+00:00,2026-08-05T02:03:09.923939+00:00,,6,UNSAFE,entry_created_after_closing
2026-07-08,10,2,08:58:00,2026-08-05T02:03:08.897065+00:00,2026-08-05T02:03:09.923939+00:00,2026-08-05T02:03:09.923939+00:00,,6,UNSAFE,entry_created_after_closing
2026-07-08,10,3,09:24:00,2026-08-05T02:03:08.897065+00:00,2026-08-05T02:03:09.923939+00:00,2026-08-05T02:03:09.923939+00:00,,6,UNSAFE,entry_created_after_closing
2026-07-08,10,4,09:50:00,2026-08-05T02:03:08.897065+00:00,2026-08-05T02:03:09.923939+00:00,2026-08-05T02:03:09.923939+00:00,,6,UNSAFE,entry_created_after_closing
2026-07-08,10,5,10:18:00,2026-08-05T02:03:08.897065+00:00,2026-08-05T02:03:16.35882+00:00,2026-08-05T02:03:16.35882+00:00,,6,UNSAFE,entry_created_after_closing
2026-07-08,10,6,10:45:00,2026-08-05T02:03:08.897065+00:00,2026-08-05T02:03:15.013999+00:00,2026-08-05T02:03:15.013999+00:00,,6,UNSAFE,entry_created_after_closing
2026-07-08,10,7,11:14:00,2026-08-05T02:03:08.897065+00:00,2026-08-05T02:03:09.923939+00:00,2026-08-05T02:03:09.923939+00:00,,6,UNSAFE,entry_created_after_closing
2026-07-08,10,8,11:45:00,2026-08-05T02:03:08.897065+00:00,2026-08-05T02:03:15.013999+00:00,2026-08-05T02:03:15.013999+00:00,,6,UNSAFE,entry_created_after_closing
2026-07-08,10,9,12:17:00,2026-08-05T02:03:08.897065+00:00,2026-08-05T02:03:17.193152+00:00,2026-08-05T02:03:17.193152+00:00,,6,UNSAFE,entry_created_after_closing
2026-07-08,10,10,12:50:00,2026-08-05T02:03:08.897065+00:00,2026-08-05T02:03:09.923939+00:00,2026-08-05T02:03:09.923939+00:00,,6,UNSAFE,entry_created_after_closing
2026-07-08,10,11,13:23:00,2026-08-05T02:03:08.897065+00:00,2026-08-05T02:03:16.35882+00:00,2026-08-05T02:03:16.35882+00:00,,6,UNSAFE,entry_created_after_closing
2026-07-08,10,12,14:00:00,2026-08-05T02:03:08.897065+00:00,2026-08-05T02:03:09.923939+00:00,2026-08-05T02:03:09.923939+00:00,,6,UNSAFE,entry_created_after_closing
2026-07-08,11,1,10:38:00,2026-08-05T02:03:08.897065+00:00,2026-08-05T02:03:09.923939+00:00,2026-08-05T02:03:09.923939+00:00,,6,UNSAFE,entry_created_after_closing
2026-07-08,11,2,11:10:00,2026-08-05T02:03:08.897065+00:00,2026-08-05T02:03:09.923939+00:00,2026-08-05T02:03:09.923939+00:00,,6,UNSAFE,entry_created_after_closing
2026-07-08,11,3,11:38:00,2026-08-05T02:03:08.897065+00:00,2026-08-05T02:03:09.923939+00:00,2026-08-05T02:03:09.923939+00:00,,6,UNSAFE,entry_created_after_closing
2026-07-08,11,4,12:10:00,2026-08-05T02:03:08.897065+00:00,2026-08-05T02:03:09.923939+00:00,2026-08-05T02:03:09.923939+00:00,,6,UNSAFE,entry_created_after_closing
2026-07-08,11,5,12:43:00,2026-08-05T02:03:08.897065+00:00,2026-08-05T02:03:16.35882+00:00,2026-08-05T02:03:16.35882+00:00,,6,UNSAFE,entry_created_after_closing
2026-07-08,11,6,13:17:00,2026-08-05T02:03:08.897065+00:00,2026-08-05T02:03:09.923939+00:00,2026-08-05T02:03:09.923939+00:00,,6,UNSAFE,entry_created_after_closing
2026-07-08,11,7,13:48:00,2026-08-05T02:03:08.897065+00:00,2026-08-05T02:03:09.923939+00:00,2026-08-05T02:03:09.923939+00:00,,6,UNSAFE,entry_created_after_closing
2026-07-08,11,8,14:20:00,2026-08-05T02:03:08.897065+00:00,2026-08-05T02:03:09.923939+00:00,2026-08-05T02:03:09.923939+00:00,,6,UNSAFE,entry_created_after_closing
2026-07-08,11,9,14:52:00,2026-08-05T02:03:08.897065+00:00,2026-08-05T02:03:15.013999+00:00,2026-08-05T02:03:15.013999+00:00,,6,UNSAFE,entry_created_after_closing
2026-07-08,11,10,15:27:00,2026-08-05T02:03:08.897065+00:00,2026-08-05T02:03:09.923939+00:00,2026-08-05T02:03:09.923939+00:00,,6,UNSAFE,entry_created_after_closing
2026-07-08,11,11,16:02:00,2026-08-05T02:03:08.897065+00:00,2026-08-05T02:03:09.923939+00:00,2026-08-05T02:03:09.923939+00:00,,6,UNSAFE,entry_created_after_closing
2026-07-08,11,12,16:40:00,2026-08-05T02:03:08.897065+00:00,2026-08-05T02:03:09.923939+00:00,2026-08-05T02:03:09.923939+00:00,,6,UNSAFE,entry_created_after_closing
2026-07-08,12,1,15:21:00,2026-08-05T02:03:18.670772+00:00,2026-08-05T02:03:19.571525+00:00,2026-08-05T02:03:19.571525+00:00,,6,UNSAFE,entry_created_after_closing
2026-07-08,12,2,15:57:00,2026-08-05T02:03:17.942264+00:00,2026-08-05T02:03:19.571525+00:00,2026-08-05T02:03:19.571525+00:00,,6,UNSAFE,entry_created_after_closing
2026-07-08,12,3,16:24:00,2026-08-05T02:03:18.670772+00:00,2026-08-05T02:03:19.571525+00:00,2026-08-05T02:03:19.571525+00:00,,6,UNSAFE,entry_created_after_closing
2026-07-08,12,4,17:06:00,2026-08-05T02:03:18.670772+00:00,2026-08-05T02:03:19.571525+00:00,2026-08-05T02:03:19.571525+00:00,,6,UNSAFE,entry_created_after_closing
2026-07-08,12,5,17:30:00,2026-08-05T02:03:18.670772+00:00,2026-08-05T02:03:19.571525+00:00,2026-08-05T02:03:19.571525+00:00,,6,UNSAFE,entry_created_after_closing
2026-07-08,12,6,17:57:00,2026-08-05T02:03:19.571525+00:00,2026-08-05T02:03:19.571525+00:00,2026-08-05T02:03:19.571525+00:00,,6,UNSAFE,entry_created_after_closing
2026-07-08,12,7,18:21:00,2026-08-05T02:03:18.670772+00:00,2026-08-05T02:03:19.571525+00:00,2026-08-05T02:03:19.571525+00:00,,6,UNSAFE,entry_created_after_closing
2026-07-08,12,8,18:47:00,2026-08-05T02:03:19.571525+00:00,2026-08-05T02:03:19.571525+00:00,2026-08-05T02:03:19.571525+00:00,,6,UNSAFE,entry_created_after_closing
2026-07-08,12,9,19:16:00,2026-08-05T02:03:18.670772+00:00,2026-08-05T02:03:19.571525+00:00,2026-08-05T02:03:19.571525+00:00,,6,UNSAFE,entry_created_after_closing
2026-07-08,12,10,19:43:00,2026-08-05T02:03:19.571525+00:00,2026-08-05T02:03:19.571525+00:00,2026-08-05T02:03:19.571525+00:00,,6,UNSAFE,entry_created_after_closing
2026-07-08,12,11,20:09:00,2026-08-05T02:03:19.571525+00:00,2026-08-05T02:03:19.571525+00:00,2026-08-05T02:03:19.571525+00:00,,6,UNSAFE,entry_created_after_closing
2026-07-08,12,12,20:38:00,2026-08-05T02:03:18.670772+00:00,2026-08-05T02:03:19.571525+00:00,2026-08-05T02:03:19.571525+00:00,,6,UNSAFE,entry_created_after_closing
2026-07-08,13,1,10:34:00,2026-08-05T02:03:05.09951+00:00,2026-08-05T02:03:05.09951+00:00,2026-08-05T02:03:05.09951+00:00,,6,UNSAFE,entry_created_after_closing
2026-07-08,13,2,10:57:00,2026-08-05T02:03:05.09951+00:00,2026-08-05T02:03:05.928415+00:00,2026-08-05T02:03:05.928415+00:00,,6,UNSAFE,entry_created_after_closing
2026-07-08,13,3,11:24:00,2026-08-05T02:03:05.09951+00:00,2026-08-05T02:03:05.09951+00:00,2026-08-05T02:03:05.09951+00:00,,6,UNSAFE,entry_created_after_closing
2026-07-08,13,4,11:52:00,2026-08-05T02:03:05.09951+00:00,2026-08-05T02:03:05.09951+00:00,2026-08-05T02:03:05.09951+00:00,,6,UNSAFE,entry_created_after_closing
2026-07-08,13,5,12:25:00,2026-08-05T02:03:05.09951+00:00,2026-08-05T02:03:05.09951+00:00,2026-08-05T02:03:05.09951+00:00,,6,UNSAFE,entry_created_after_closing
2026-07-08,13,6,12:56:00,2026-08-05T02:03:05.09951+00:00,2026-08-05T02:03:05.09951+00:00,2026-08-05T02:03:05.09951+00:00,,6,UNSAFE,entry_created_after_closing
2026-07-08,13,7,13:29:00,2026-08-05T02:03:05.09951+00:00,2026-08-05T02:03:05.09951+00:00,2026-08-05T02:03:05.09951+00:00,,6,UNSAFE,entry_created_after_closing
2026-07-08,13,8,13:58:00,2026-08-05T02:03:05.09951+00:00,2026-08-05T02:03:05.09951+00:00,2026-08-05T02:03:05.09951+00:00,,6,UNSAFE,entry_created_after_closing
2026-07-08,13,9,14:30:00,2026-08-05T02:03:05.09951+00:00,2026-08-05T02:03:05.09951+00:00,2026-08-05T02:03:05.09951+00:00,,6,UNSAFE,entry_created_after_closing
2026-07-08,13,10,15:03:00,2026-08-05T02:03:05.09951+00:00,2026-08-05T02:03:05.928415+00:00,2026-08-05T02:03:05.928415+00:00,,6,UNSAFE,entry_created_after_closing
2026-07-08,13,11,15:40:00,2026-08-05T02:03:05.09951+00:00,2026-08-05T02:03:05.928415+00:00,2026-08-05T02:03:05.928415+00:00,,6,UNSAFE,entry_created_after_closing
2026-07-08,13,12,16:20:00,2026-08-05T02:03:05.09951+00:00,2026-08-05T02:03:05.928415+00:00,2026-08-05T02:03:05.928415+00:00,,6,UNSAFE,entry_created_after_closing
2026-07-08,18,1,08:44:00,2026-08-05T02:03:05.09951+00:00,2026-08-05T02:03:06.735056+00:00,2026-08-05T02:03:06.735056+00:00,,6,UNSAFE,entry_created_after_closing
2026-07-08,18,2,09:10:00,2026-08-05T02:03:05.09951+00:00,2026-08-05T02:03:07.544407+00:00,2026-08-05T02:03:07.544407+00:00,,6,UNSAFE,entry_created_after_closing
2026-07-08,18,3,09:36:00,2026-08-05T02:03:05.09951+00:00,2026-08-05T02:03:07.544407+00:00,2026-08-05T02:03:07.544407+00:00,,6,UNSAFE,entry_created_after_closing
2026-07-08,18,4,10:02:00,2026-08-05T02:03:05.09951+00:00,2026-08-05T02:03:07.544407+00:00,2026-08-05T02:03:07.544407+00:00,,6,UNSAFE,entry_created_after_closing
2026-07-08,18,5,10:30:00,2026-08-05T02:03:05.09951+00:00,2026-08-05T02:03:07.544407+00:00,2026-08-05T02:03:07.544407+00:00,,6,UNSAFE,entry_created_after_closing
2026-07-08,18,6,11:00:00,2026-08-05T02:03:05.09951+00:00,2026-08-05T02:03:07.544407+00:00,2026-08-05T02:03:07.544407+00:00,,6,UNSAFE,entry_created_after_closing
2026-07-08,18,7,11:31:00,2026-08-05T02:03:05.09951+00:00,2026-08-05T02:03:07.544407+00:00,2026-08-05T02:03:07.544407+00:00,,6,UNSAFE,entry_created_after_closing
2026-07-08,18,8,12:06:00,2026-08-05T02:03:05.09951+00:00,2026-08-05T02:03:07.544407+00:00,2026-08-05T02:03:07.544407+00:00,,6,UNSAFE,entry_created_after_closing
2026-07-08,18,9,12:37:00,2026-08-05T02:03:05.09951+00:00,2026-08-05T02:03:07.544407+00:00,2026-08-05T02:03:07.544407+00:00,,6,UNSAFE,entry_created_after_closing
2026-07-08,18,10,13:09:00,2026-08-05T02:03:05.09951+00:00,2026-08-05T02:03:07.544407+00:00,2026-08-05T02:03:07.544407+00:00,,6,UNSAFE,entry_created_after_closing
2026-07-08,18,11,13:42:00,2026-08-05T02:03:05.09951+00:00,2026-08-05T02:03:07.544407+00:00,2026-08-05T02:03:07.544407+00:00,,6,UNSAFE,entry_created_after_closing
2026-07-08,18,12,14:14:00,2026-08-05T02:03:05.09951+00:00,2026-08-05T02:03:07.544407+00:00,2026-08-05T02:03:07.544407+00:00,,6,UNSAFE,entry_created_after_closing
2026-07-08,20,1,15:24:00,2026-08-05T02:03:08.897065+00:00,2026-08-05T02:03:09.923939+00:00,2026-08-05T02:03:09.923939+00:00,,6,UNSAFE,entry_created_after_closing
2026-07-08,20,2,15:49:00,2026-08-05T02:03:08.897065+00:00,2026-08-05T02:03:09.923939+00:00,2026-08-05T02:03:09.923939+00:00,,6,UNSAFE,entry_created_after_closing
2026-07-08,20,3,16:27:00,2026-08-05T02:03:08.897065+00:00,2026-08-05T02:03:15.013999+00:00,2026-08-05T02:03:15.013999+00:00,,6,UNSAFE,entry_created_after_closing
2026-07-08,20,4,17:00:00,2026-08-05T02:03:08.897065+00:00,2026-08-05T02:03:16.35882+00:00,2026-08-05T02:03:16.35882+00:00,,6,UNSAFE,entry_created_after_closing
2026-07-08,20,5,17:24:00,2026-08-05T02:03:08.897065+00:00,2026-08-05T02:03:16.35882+00:00,2026-08-05T02:03:16.35882+00:00,,6,UNSAFE,entry_created_after_closing
2026-07-08,20,6,17:50:00,2026-08-05T02:03:08.897065+00:00,2026-08-05T02:03:15.013999+00:00,2026-08-05T02:03:15.013999+00:00,,6,UNSAFE,entry_created_after_closing
2026-07-08,20,7,18:14:00,2026-08-05T02:03:08.897065+00:00,2026-08-05T02:03:15.013999+00:00,2026-08-05T02:03:15.013999+00:00,,6,UNSAFE,entry_created_after_closing
2026-07-08,20,8,18:40:00,2026-08-05T02:03:08.897065+00:00,2026-08-05T02:03:15.013999+00:00,2026-08-05T02:03:15.013999+00:00,,6,UNSAFE,entry_created_after_closing
2026-07-08,20,9,19:09:00,2026-08-05T02:03:08.897065+00:00,2026-08-05T02:03:16.35882+00:00,2026-08-05T02:03:16.35882+00:00,,6,UNSAFE,entry_created_after_closing
2026-07-08,20,10,19:36:00,2026-08-05T02:03:08.897065+00:00,2026-08-05T02:03:15.013999+00:00,2026-08-05T02:03:15.013999+00:00,,6,UNSAFE,entry_created_after_closing
2026-07-08,20,11,20:02:00,2026-08-05T02:03:08.897065+00:00,2026-08-05T02:03:16.35882+00:00,2026-08-05T02:03:16.35882+00:00,,6,UNSAFE,entry_created_after_closing
2026-07-08,20,12,20:31:00,2026-08-05T02:03:08.897065+00:00,2026-08-05T02:03:09.923939+00:00,2026-08-05T02:03:09.923939+00:00,,6,UNSAFE,entry_created_after_closing
2026-07-08,24,1,17:41:00,2026-08-05T02:03:08.897065+00:00,2026-08-05T02:03:09.923939+00:00,2026-08-05T02:03:09.923939+00:00,,6,UNSAFE,entry_created_after_closing
2026-07-08,24,2,18:08:00,2026-08-05T02:03:08.897065+00:00,2026-08-05T02:03:16.35882+00:00,2026-08-05T02:03:16.35882+00:00,,6,UNSAFE,entry_created_after_closing
2026-07-08,24,3,18:34:00,2026-08-05T02:03:08.897065+00:00,2026-08-05T02:03:15.013999+00:00,2026-08-05T02:03:15.013999+00:00,,6,UNSAFE,entry_created_after_closing
2026-07-08,24,4,19:03:00,2026-08-05T02:03:08.897065+00:00,2026-08-05T02:03:15.013999+00:00,2026-08-05T02:03:15.013999+00:00,,6,UNSAFE,entry_created_after_closing
2026-07-08,24,5,19:30:00,2026-08-05T02:03:08.897065+00:00,2026-08-05T02:03:15.013999+00:00,2026-08-05T02:03:15.013999+00:00,,6,UNSAFE,entry_created_after_closing
2026-07-08,24,6,19:56:00,2026-08-05T02:03:08.897065+00:00,2026-08-05T02:03:16.35882+00:00,2026-08-05T02:03:16.35882+00:00,,6,UNSAFE,entry_created_after_closing
2026-07-08,24,7,20:25:00,2026-08-05T02:03:08.897065+00:00,2026-08-05T02:03:16.35882+00:00,2026-08-05T02:03:16.35882+00:00,,6,UNSAFE,entry_created_after_closing
2026-07-08,24,8,20:59:00,2026-08-05T02:03:08.897065+00:00,2026-08-05T02:03:17.193152+00:00,2026-08-05T02:03:17.193152+00:00,,6,UNSAFE,entry_created_after_closing
2026-07-08,24,9,21:25:00,2026-08-05T02:03:08.897065+00:00,2026-08-05T02:03:09.923939+00:00,2026-08-05T02:03:09.923939+00:00,,6,UNSAFE,entry_created_after_closing
2026-07-08,24,10,21:51:00,2026-08-05T02:03:08.897065+00:00,2026-08-05T02:03:15.013999+00:00,2026-08-05T02:03:15.013999+00:00,,6,UNSAFE,entry_created_after_closing
2026-07-08,24,11,22:16:00,2026-08-05T02:03:08.897065+00:00,2026-08-05T02:03:16.35882+00:00,2026-08-05T02:03:16.35882+00:00,,6,UNSAFE,entry_created_after_closing
2026-07-08,24,12,22:41:00,2026-08-05T02:03:08.897065+00:00,2026-08-05T02:03:15.013999+00:00,2026-08-05T02:03:15.013999+00:00,,6,UNSAFE,entry_created_after_closing
2026-07-09,1,1,15:23:00,2026-08-05T02:04:04.476087+00:00,2026-08-05T02:04:04.476087+00:00,2026-08-05T02:04:04.476087+00:00,,6,UNSAFE,entry_created_after_closing
2026-07-09,1,2,15:58:00,2026-08-05T02:04:04.476087+00:00,2026-08-05T02:04:04.476087+00:00,2026-08-05T02:04:04.476087+00:00,,6,UNSAFE,entry_created_after_closing
2026-07-09,1,3,16:36:00,2026-08-05T02:04:04.476087+00:00,2026-08-05T02:04:05.388341+00:00,2026-08-05T02:04:05.388341+00:00,,6,UNSAFE,entry_created_after_closing
2026-07-09,1,4,17:13:00,2026-08-05T02:04:04.476087+00:00,2026-08-05T02:04:05.388341+00:00,2026-08-05T02:04:05.388341+00:00,,6,UNSAFE,entry_created_after_closing
2026-07-09,1,5,17:37:00,2026-08-05T02:04:04.476087+00:00,2026-08-05T02:04:05.388341+00:00,2026-08-05T02:04:05.388341+00:00,,6,UNSAFE,entry_created_after_closing
2026-07-09,1,6,18:04:00,2026-08-05T02:04:04.476087+00:00,2026-08-05T02:04:04.476087+00:00,2026-08-05T02:04:04.476087+00:00,,6,UNSAFE,entry_created_after_closing
2026-07-09,1,7,18:28:00,2026-08-05T02:04:04.476087+00:00,2026-08-05T02:04:04.476087+00:00,2026-08-05T02:04:04.476087+00:00,,6,UNSAFE,entry_created_after_closing
2026-07-09,1,8,18:54:00,2026-08-05T02:04:04.476087+00:00,2026-08-05T02:04:04.476087+00:00,2026-08-05T02:04:04.476087+00:00,,6,UNSAFE,entry_created_after_closing
2026-07-09,1,9,19:23:00,2026-08-05T02:04:04.476087+00:00,2026-08-05T02:04:05.388341+00:00,2026-08-05T02:04:05.388341+00:00,,6,UNSAFE,entry_created_after_closing
2026-07-09,1,10,19:50:00,2026-08-05T02:04:04.476087+00:00,2026-08-05T02:04:04.476087+00:00,2026-08-05T02:04:04.476087+00:00,,6,UNSAFE,entry_created_after_closing
2026-07-09,1,11,20:16:00,2026-08-05T02:04:04.476087+00:00,2026-08-05T02:04:04.476087+00:00,2026-08-05T02:04:04.476087+00:00,,6,UNSAFE,entry_created_after_closing
2026-07-09,1,12,20:45:00,2026-08-05T02:04:04.476087+00:00,2026-08-05T02:04:05.388341+00:00,2026-08-05T02:04:05.388341+00:00,,6,UNSAFE,entry_created_after_closing
2026-07-09,2,1,10:31:00,2026-08-05T02:04:06.324188+00:00,2026-08-05T02:04:09.253943+00:00,2026-08-05T02:04:09.253943+00:00,,6,UNSAFE,entry_created_after_closing
2026-07-09,2,2,10:59:00,2026-08-05T02:04:06.324188+00:00,2026-08-05T02:04:09.253943+00:00,2026-08-05T02:04:09.253943+00:00,,6,UNSAFE,entry_created_after_closing
2026-07-09,2,3,11:28:00,2026-08-05T02:04:06.324188+00:00,2026-08-05T02:04:07.642753+00:00,2026-08-05T02:04:07.642753+00:00,,6,UNSAFE,entry_created_after_closing
2026-07-09,2,4,11:57:00,2026-08-05T02:04:06.324188+00:00,2026-08-05T02:04:07.642753+00:00,2026-08-05T02:04:07.642753+00:00,,6,UNSAFE,entry_created_after_closing
2026-07-09,2,5,12:29:00,2026-08-05T02:04:06.324188+00:00,2026-08-05T02:04:07.642753+00:00,2026-08-05T02:04:07.642753+00:00,,6,UNSAFE,entry_created_after_closing
2026-07-09,2,6,13:01:00,2026-08-05T02:04:06.324188+00:00,2026-08-05T02:04:08.526937+00:00,2026-08-05T02:04:08.526937+00:00,,6,UNSAFE,entry_created_after_closing
2026-07-09,2,7,13:33:00,2026-08-05T02:04:06.324188+00:00,2026-08-05T02:04:07.642753+00:00,2026-08-05T02:04:07.642753+00:00,,6,UNSAFE,entry_created_after_closing
2026-07-09,2,8,14:05:00,2026-08-05T02:04:06.324188+00:00,2026-08-05T02:04:09.253943+00:00,2026-08-05T02:04:09.253943+00:00,,6,UNSAFE,entry_created_after_closing
2026-07-09,2,9,14:39:00,2026-08-05T02:04:06.324188+00:00,2026-08-05T02:04:08.526937+00:00,2026-08-05T02:04:08.526937+00:00,,6,UNSAFE,entry_created_after_closing
2026-07-09,2,10,15:14:00,2026-08-05T02:04:06.324188+00:00,2026-08-05T02:04:08.526937+00:00,2026-08-05T02:04:08.526937+00:00,,6,UNSAFE,entry_created_after_closing
2026-07-09,2,11,15:51:00,2026-08-05T02:04:06.324188+00:00,2026-08-05T02:04:09.253943+00:00,2026-08-05T02:04:09.253943+00:00,,6,UNSAFE,entry_created_after_closing
2026-07-09,2,12,16:30:00,2026-08-05T02:04:06.324188+00:00,2026-08-05T02:04:09.253943+00:00,2026-08-05T02:04:09.253943+00:00,,6,UNSAFE,entry_created_after_closing
2026-07-09,5,1,11:33:00,2026-08-05T02:04:06.324188+00:00,2026-08-05T02:04:07.642753+00:00,2026-08-05T02:04:07.642753+00:00,,6,UNSAFE,entry_created_after_closing
2026-07-09,5,2,12:04:00,2026-08-05T02:04:06.324188+00:00,2026-08-05T02:04:07.642753+00:00,2026-08-05T02:04:07.642753+00:00,,6,UNSAFE,entry_created_after_closing
2026-07-09,5,3,12:32:00,2026-08-05T02:04:06.324188+00:00,2026-08-05T02:04:09.253943+00:00,2026-08-05T02:04:09.253943+00:00,,6,UNSAFE,entry_created_after_closing
2026-07-09,5,4,13:03:00,2026-08-05T02:04:06.324188+00:00,2026-08-05T02:04:07.642753+00:00,2026-08-05T02:04:07.642753+00:00,,6,UNSAFE,entry_created_after_closing
2026-07-09,5,5,13:36:00,2026-08-05T02:04:06.324188+00:00,2026-08-05T02:04:07.642753+00:00,2026-08-05T02:04:07.642753+00:00,,6,UNSAFE,entry_created_after_closing
2026-07-09,5,6,14:09:00,2026-08-05T02:04:06.324188+00:00,2026-08-05T02:04:07.642753+00:00,2026-08-05T02:04:07.642753+00:00,,6,UNSAFE,entry_created_after_closing
2026-07-09,5,7,14:35:00,2026-08-05T02:04:06.324188+00:00,2026-08-05T02:04:08.526937+00:00,2026-08-05T02:04:08.526937+00:00,,6,UNSAFE,entry_created_after_closing
2026-07-09,5,8,15:05:00,2026-08-05T02:04:06.324188+00:00,2026-08-05T02:04:07.642753+00:00,2026-08-05T02:04:07.642753+00:00,,6,UNSAFE,entry_created_after_closing
2026-07-09,5,9,15:42:00,2026-08-05T02:04:06.324188+00:00,2026-08-05T02:04:07.642753+00:00,2026-08-05T02:04:07.642753+00:00,,6,UNSAFE,entry_created_after_closing
2026-07-09,5,10,16:15:00,2026-08-05T02:04:06.324188+00:00,2026-08-05T02:04:07.642753+00:00,2026-08-05T02:04:07.642753+00:00,,6,UNSAFE,entry_created_after_closing
2026-07-09,5,11,16:46:00,2026-08-05T02:04:06.324188+00:00,2026-08-05T02:04:07.642753+00:00,2026-08-05T02:04:07.642753+00:00,,6,UNSAFE,entry_created_after_closing
2026-07-09,5,12,17:22:00,2026-08-05T02:04:06.324188+00:00,2026-08-05T02:04:07.642753+00:00,2026-08-05T02:04:07.642753+00:00,,6,UNSAFE,entry_created_after_closing
2026-07-09,8,1,10:42:00,2026-08-05T02:04:10.027544+00:00,2026-08-05T02:04:14.104505+00:00,2026-08-05T02:04:14.104505+00:00,,6,UNSAFE,entry_created_after_closing
2026-07-09,8,2,11:08:00,2026-08-05T02:04:10.027544+00:00,2026-08-05T02:04:14.77544+00:00,2026-08-05T02:04:14.77544+00:00,,6,UNSAFE,entry_created_after_closing
2026-07-09,8,3,11:36:00,2026-08-05T02:04:10.027544+00:00,2026-08-05T02:04:14.77544+00:00,2026-08-05T02:04:14.77544+00:00,,6,UNSAFE,entry_created_after_closing
2026-07-09,8,4,12:02:00,2026-08-05T02:04:10.027544+00:00,2026-08-05T02:04:14.77544+00:00,2026-08-05T02:04:14.77544+00:00,,6,UNSAFE,entry_created_after_closing
2026-07-09,8,5,12:36:00,2026-08-05T02:04:10.027544+00:00,2026-08-05T02:04:14.104505+00:00,2026-08-05T02:04:14.104505+00:00,,6,UNSAFE,entry_created_after_closing
2026-07-09,8,6,13:07:00,2026-08-05T02:04:10.027544+00:00,2026-08-05T02:04:14.77544+00:00,2026-08-05T02:04:14.77544+00:00,,6,UNSAFE,entry_created_after_closing
2026-07-09,8,7,13:34:00,2026-08-05T02:04:10.027544+00:00,2026-08-05T02:04:14.104505+00:00,2026-08-05T02:04:14.104505+00:00,,6,UNSAFE,entry_created_after_closing
2026-07-09,8,8,14:00:00,2026-08-05T02:04:10.027544+00:00,2026-08-05T02:04:14.104505+00:00,2026-08-05T02:04:14.104505+00:00,,6,UNSAFE,entry_created_after_closing
2026-07-09,8,9,14:31:00,2026-08-05T02:04:10.027544+00:00,2026-08-05T02:04:14.104505+00:00,2026-08-05T02:04:14.104505+00:00,,6,UNSAFE,entry_created_after_closing
2026-07-09,8,10,14:58:00,2026-08-05T02:04:10.027544+00:00,2026-08-05T02:04:14.104505+00:00,2026-08-05T02:04:14.104505+00:00,,6,UNSAFE,entry_created_after_closing
2026-07-09,8,11,15:35:00,2026-08-05T02:04:10.027544+00:00,2026-08-05T02:04:14.104505+00:00,2026-08-05T02:04:14.104505+00:00,,6,UNSAFE,entry_created_after_closing
2026-07-09,8,12,16:20:00,2026-08-05T02:04:10.027544+00:00,2026-08-05T02:04:14.77544+00:00,2026-08-05T02:04:14.77544+00:00,,6,UNSAFE,entry_created_after_closing
2026-07-09,10,1,08:32:00,2026-08-05T02:04:06.324188+00:00,2026-08-05T02:04:09.253943+00:00,2026-08-05T02:04:09.253943+00:00,,6,UNSAFE,entry_created_after_closing
2026-07-09,10,2,08:58:00,2026-08-05T02:04:06.324188+00:00,2026-08-05T02:04:07.642753+00:00,2026-08-05T02:04:07.642753+00:00,,6,UNSAFE,entry_created_after_closing
2026-07-09,10,3,09:24:00,2026-08-05T02:04:06.324188+00:00,2026-08-05T02:04:07.642753+00:00,2026-08-05T02:04:07.642753+00:00,,6,UNSAFE,entry_created_after_closing
2026-07-09,10,4,09:50:00,2026-08-05T02:04:06.324188+00:00,2026-08-05T02:04:08.526937+00:00,2026-08-05T02:04:08.526937+00:00,,6,UNSAFE,entry_created_after_closing
2026-07-09,10,5,10:16:00,2026-08-05T02:04:06.324188+00:00,2026-08-05T02:04:09.253943+00:00,2026-08-05T02:04:09.253943+00:00,,6,UNSAFE,entry_created_after_closing
2026-07-09,10,6,10:44:00,2026-08-05T02:04:06.324188+00:00,2026-08-05T02:04:08.526937+00:00,2026-08-05T02:04:08.526937+00:00,,6,UNSAFE,entry_created_after_closing
2026-07-09,10,7,11:13:00,2026-08-05T02:04:06.324188+00:00,2026-08-05T02:04:07.642753+00:00,2026-08-05T02:04:07.642753+00:00,,6,UNSAFE,entry_created_after_closing
2026-07-09,10,8,11:43:00,2026-08-05T02:04:06.324188+00:00,2026-08-05T02:04:09.253943+00:00,2026-08-05T02:04:09.253943+00:00,,6,UNSAFE,entry_created_after_closing
2026-07-09,10,9,12:14:00,2026-08-05T02:04:06.324188+00:00,2026-08-05T02:04:09.253943+00:00,2026-08-05T02:04:09.253943+00:00,,6,UNSAFE,entry_created_after_closing
2026-07-09,10,10,12:47:00,2026-08-05T02:04:06.324188+00:00,2026-08-05T02:04:08.526937+00:00,2026-08-05T02:04:08.526937+00:00,,6,UNSAFE,entry_created_after_closing
2026-07-09,10,11,13:20:00,2026-08-05T02:04:06.324188+00:00,2026-08-05T02:04:07.642753+00:00,2026-08-05T02:04:07.642753+00:00,,6,UNSAFE,entry_created_after_closing
2026-07-09,10,12,13:58:00,2026-08-05T02:04:06.324188+00:00,2026-08-05T02:04:07.642753+00:00,2026-08-05T02:04:07.642753+00:00,,6,UNSAFE,entry_created_after_closing
2026-07-09,11,1,10:38:00,2026-08-05T02:04:06.324188+00:00,2026-08-05T02:04:07.642753+00:00,2026-08-05T02:04:07.642753+00:00,,6,UNSAFE,entry_created_after_closing
2026-07-09,11,2,11:10:00,2026-08-05T02:04:06.324188+00:00,2026-08-05T02:04:07.642753+00:00,2026-08-05T02:04:07.642753+00:00,,6,UNSAFE,entry_created_after_closing
2026-07-09,11,3,11:38:00,2026-08-05T02:04:06.324188+00:00,2026-08-05T02:04:07.642753+00:00,2026-08-05T02:04:07.642753+00:00,,6,UNSAFE,entry_created_after_closing
2026-07-09,11,4,12:07:00,2026-08-05T02:04:06.324188+00:00,2026-08-05T02:04:07.642753+00:00,2026-08-05T02:04:07.642753+00:00,,6,UNSAFE,entry_created_after_closing
2026-07-09,11,5,12:40:00,2026-08-05T02:04:06.324188+00:00,2026-08-05T02:04:07.642753+00:00,2026-08-05T02:04:07.642753+00:00,,6,UNSAFE,entry_created_after_closing
2026-07-09,11,6,13:13:00,2026-08-05T02:04:06.324188+00:00,2026-08-05T02:04:07.642753+00:00,2026-08-05T02:04:07.642753+00:00,,6,UNSAFE,entry_created_after_closing
2026-07-09,11,7,13:48:00,2026-08-05T02:04:06.324188+00:00,2026-08-05T02:04:09.253943+00:00,2026-08-05T02:04:09.253943+00:00,,6,UNSAFE,entry_created_after_closing
2026-07-09,11,8,14:18:00,2026-08-05T02:04:06.324188+00:00,2026-08-05T02:04:09.253943+00:00,2026-08-05T02:04:09.253943+00:00,,6,UNSAFE,entry_created_after_closing
2026-07-09,11,9,14:52:00,2026-08-05T02:04:06.324188+00:00,2026-08-05T02:04:07.642753+00:00,2026-08-05T02:04:07.642753+00:00,,6,UNSAFE,entry_created_after_closing
2026-07-09,11,10,15:27:00,2026-08-05T02:04:06.324188+00:00,2026-08-05T02:04:08.526937+00:00,2026-08-05T02:04:08.526937+00:00,,6,UNSAFE,entry_created_after_closing
2026-07-09,11,11,16:04:00,2026-08-05T02:04:06.324188+00:00,2026-08-05T02:04:09.253943+00:00,2026-08-05T02:04:09.253943+00:00,,6,UNSAFE,entry_created_after_closing
2026-07-09,11,12,16:43:00,2026-08-05T02:04:06.324188+00:00,2026-08-05T02:04:08.526937+00:00,2026-08-05T02:04:08.526937+00:00,,6,UNSAFE,entry_created_after_closing
2026-07-09,14,1,08:46:00,2026-08-05T02:04:06.324188+00:00,2026-08-05T02:04:07.642753+00:00,2026-08-05T02:04:07.642753+00:00,,6,UNSAFE,entry_created_after_closing
2026-07-09,14,2,09:12:00,2026-08-05T02:04:06.324188+00:00,2026-08-05T02:04:09.253943+00:00,2026-08-05T02:04:09.253943+00:00,,6,UNSAFE,entry_created_after_closing
2026-07-09,14,3,09:38:00,2026-08-05T02:04:06.324188+00:00,2026-08-05T02:04:07.642753+00:00,2026-08-05T02:04:07.642753+00:00,,6,UNSAFE,entry_created_after_closing
2026-07-09,14,4,10:04:00,2026-08-05T02:04:06.324188+00:00,2026-08-05T02:04:07.642753+00:00,2026-08-05T02:04:07.642753+00:00,,6,UNSAFE,entry_created_after_closing
2026-07-09,14,5,10:30:00,2026-08-05T02:04:06.324188+00:00,2026-08-05T02:04:08.526937+00:00,2026-08-05T02:04:08.526937+00:00,,6,UNSAFE,entry_created_after_closing
2026-07-09,14,6,11:02:00,2026-08-05T02:04:06.324188+00:00,2026-08-05T02:04:09.253943+00:00,2026-08-05T02:04:09.253943+00:00,,6,UNSAFE,entry_created_after_closing
2026-07-09,14,7,11:31:00,2026-08-05T02:04:06.324188+00:00,2026-08-05T02:04:08.526937+00:00,2026-08-05T02:04:08.526937+00:00,,6,UNSAFE,entry_created_after_closing
2026-07-09,14,8,12:00:00,2026-08-05T02:04:06.324188+00:00,2026-08-05T02:04:07.642753+00:00,2026-08-05T02:04:07.642753+00:00,,6,UNSAFE,entry_created_after_closing
2026-07-09,14,9,12:38:00,2026-08-05T02:04:06.324188+00:00,2026-08-05T02:04:09.253943+00:00,2026-08-05T02:04:09.253943+00:00,,6,UNSAFE,entry_created_after_closing
2026-07-09,14,10,13:09:00,2026-08-05T02:04:06.324188+00:00,2026-08-05T02:04:09.253943+00:00,2026-08-05T02:04:09.253943+00:00,,6,UNSAFE,entry_created_after_closing
2026-07-09,14,11,13:40:00,2026-08-05T02:04:06.324188+00:00,2026-08-05T02:04:08.526937+00:00,2026-08-05T02:04:08.526937+00:00,,6,UNSAFE,entry_created_after_closing
2026-07-09,14,12,14:13:00,2026-08-05T02:04:06.324188+00:00,2026-08-05T02:04:07.642753+00:00,2026-08-05T02:04:07.642753+00:00,,6,UNSAFE,entry_created_after_closing
2026-07-09,15,1,15:21:00,2026-08-05T02:04:06.324188+00:00,2026-08-05T02:04:08.526937+00:00,2026-08-05T02:04:08.526937+00:00,,6,UNSAFE,entry_created_after_closing
2026-07-09,15,2,15:56:00,2026-08-05T02:04:06.324188+00:00,2026-08-05T02:04:08.526937+00:00,2026-08-05T02:04:08.526937+00:00,,6,UNSAFE,entry_created_after_closing
2026-07-09,15,3,16:23:00,2026-08-05T02:04:06.324188+00:00,2026-08-05T02:04:06.324188+00:00,2026-08-05T02:04:06.324188+00:00,,6,UNSAFE,entry_created_after_closing
2026-07-09,15,4,17:00:00,2026-08-05T02:04:06.324188+00:00,2026-08-05T02:04:06.324188+00:00,2026-08-05T02:04:06.324188+00:00,,6,UNSAFE,entry_created_after_closing
2026-07-09,15,5,17:24:00,2026-08-05T02:04:06.324188+00:00,2026-08-05T02:04:06.324188+00:00,2026-08-05T02:04:06.324188+00:00,,6,UNSAFE,entry_created_after_closing
2026-07-09,15,6,17:48:00,2026-08-05T02:04:06.324188+00:00,2026-08-05T02:04:06.324188+00:00,2026-08-05T02:04:06.324188+00:00,,6,UNSAFE,entry_created_after_closing
2026-07-09,15,7,18:14:00,2026-08-05T02:04:06.324188+00:00,2026-08-05T02:04:08.526937+00:00,2026-08-05T02:04:08.526937+00:00,,6,UNSAFE,entry_created_after_closing
2026-07-09,15,8,18:40:00,2026-08-05T02:04:06.324188+00:00,2026-08-05T02:04:08.526937+00:00,2026-08-05T02:04:08.526937+00:00,,6,UNSAFE,entry_created_after_closing
2026-07-09,15,9,19:09:00,2026-08-05T02:04:06.324188+00:00,2026-08-05T02:04:08.526937+00:00,2026-08-05T02:04:08.526937+00:00,,6,UNSAFE,entry_created_after_closing
2026-07-09,15,10,19:36:00,2026-08-05T02:04:06.324188+00:00,2026-08-05T02:04:08.526937+00:00,2026-08-05T02:04:08.526937+00:00,,6,UNSAFE,entry_created_after_closing
2026-07-09,15,11,20:02:00,2026-08-05T02:04:06.324188+00:00,2026-08-05T02:04:06.324188+00:00,2026-08-05T02:04:06.324188+00:00,,6,UNSAFE,entry_created_after_closing
2026-07-09,15,12,20:31:00,2026-08-05T02:04:06.324188+00:00,2026-08-05T02:04:08.526937+00:00,2026-08-05T02:04:08.526937+00:00,,6,UNSAFE,entry_created_after_closing
2026-07-09,16,1,11:51:00,2026-08-05T02:04:10.027544+00:00,2026-08-05T02:04:14.77544+00:00,2026-08-05T02:04:14.77544+00:00,,6,UNSAFE,entry_created_after_closing
2026-07-09,16,2,12:22:00,2026-08-05T02:04:10.027544+00:00,2026-08-05T02:04:14.77544+00:00,2026-08-05T02:04:14.77544+00:00,,6,UNSAFE,entry_created_after_closing
2026-07-09,16,3,12:54:00,2026-08-05T02:04:10.027544+00:00,2026-08-05T02:04:14.104505+00:00,2026-08-05T02:04:14.104505+00:00,,6,UNSAFE,entry_created_after_closing
2026-07-09,16,4,13:26:00,2026-08-05T02:04:10.027544+00:00,2026-08-05T02:04:14.104505+00:00,2026-08-05T02:04:14.104505+00:00,,6,UNSAFE,entry_created_after_closing
2026-07-09,16,5,13:56:00,2026-08-05T02:04:10.027544+00:00,2026-08-05T02:04:14.104505+00:00,2026-08-05T02:04:14.104505+00:00,,6,UNSAFE,entry_created_after_closing
2026-07-09,16,6,14:28:00,2026-08-05T02:04:10.027544+00:00,2026-08-05T02:04:14.104505+00:00,2026-08-05T02:04:14.104505+00:00,,6,UNSAFE,entry_created_after_closing
2026-07-09,16,7,15:03:00,2026-08-05T02:04:10.027544+00:00,2026-08-05T02:04:14.104505+00:00,2026-08-05T02:04:14.104505+00:00,,6,UNSAFE,entry_created_after_closing
2026-07-09,16,8,15:40:00,2026-08-05T02:04:10.027544+00:00,2026-08-05T02:04:14.104505+00:00,2026-08-05T02:04:14.104505+00:00,,6,UNSAFE,entry_created_after_closing
2026-07-09,16,9,16:13:00,2026-08-05T02:04:10.027544+00:00,2026-08-05T02:04:14.104505+00:00,2026-08-05T02:04:14.104505+00:00,,6,UNSAFE,entry_created_after_closing
2026-07-09,16,10,16:49:00,2026-08-05T02:04:10.027544+00:00,2026-08-05T02:04:14.104505+00:00,2026-08-05T02:04:14.104505+00:00,,6,UNSAFE,entry_created_after_closing
2026-07-09,16,11,17:18:00,2026-08-05T02:04:10.027544+00:00,2026-08-05T02:04:14.104505+00:00,2026-08-05T02:04:14.104505+00:00,,6,UNSAFE,entry_created_after_closing
2026-07-09,16,12,17:50:00,2026-08-05T02:04:10.027544+00:00,2026-08-05T02:04:14.77544+00:00,2026-08-05T02:04:14.77544+00:00,,6,UNSAFE,entry_created_after_closing
2026-07-09,18,1,08:39:00,2026-08-05T02:04:10.785342+00:00,2026-08-05T02:04:12.137685+00:00,2026-08-05T02:04:12.137685+00:00,,6,UNSAFE,entry_created_after_closing
2026-07-09,18,2,09:05:00,2026-08-05T02:04:10.785342+00:00,2026-08-05T02:04:12.137685+00:00,2026-08-05T02:04:12.137685+00:00,,6,UNSAFE,entry_created_after_closing
2026-07-09,18,3,09:31:00,2026-08-05T02:04:10.785342+00:00,2026-08-05T02:04:12.755135+00:00,2026-08-05T02:04:12.755135+00:00,,6,UNSAFE,entry_created_after_closing
2026-07-09,18,4,09:57:00,2026-08-05T02:04:10.785342+00:00,2026-08-05T02:04:12.755135+00:00,2026-08-05T02:04:12.755135+00:00,,6,UNSAFE,entry_created_after_closing
2026-07-09,18,5,10:23:00,2026-08-05T02:04:10.785342+00:00,2026-08-05T02:04:12.755135+00:00,2026-08-05T02:04:12.755135+00:00,,6,UNSAFE,entry_created_after_closing
2026-07-09,18,6,10:53:00,2026-08-05T02:04:10.785342+00:00,2026-08-05T02:04:12.137685+00:00,2026-08-05T02:04:12.137685+00:00,,6,UNSAFE,entry_created_after_closing
2026-07-09,18,7,11:24:00,2026-08-05T02:04:10.785342+00:00,2026-08-05T02:04:12.137685+00:00,2026-08-05T02:04:12.137685+00:00,,6,UNSAFE,entry_created_after_closing
2026-07-09,18,8,11:54:00,2026-08-05T02:04:10.785342+00:00,2026-08-05T02:04:12.137685+00:00,2026-08-05T02:04:12.137685+00:00,,6,UNSAFE,entry_created_after_closing
2026-07-09,18,9,12:25:00,2026-08-05T02:04:10.785342+00:00,2026-08-05T02:04:12.755135+00:00,2026-08-05T02:04:12.755135+00:00,,6,UNSAFE,entry_created_after_closing
2026-07-09,18,10,12:56:00,2026-08-05T02:04:10.785342+00:00,2026-08-05T02:04:12.755135+00:00,2026-08-05T02:04:12.755135+00:00,,6,UNSAFE,entry_created_after_closing
2026-07-09,18,11,13:28:00,2026-08-05T02:04:10.785342+00:00,2026-08-05T02:04:12.137685+00:00,2026-08-05T02:04:12.137685+00:00,,6,UNSAFE,entry_created_after_closing
2026-07-09,18,12,14:07:00,2026-08-05T02:04:10.785342+00:00,2026-08-05T02:04:12.755135+00:00,2026-08-05T02:04:12.755135+00:00,,6,UNSAFE,entry_created_after_closing
2026-07-09,20,1,15:29:00,2026-08-05T02:04:06.324188+00:00,2026-08-05T02:04:09.253943+00:00,2026-08-05T02:04:09.253943+00:00,,6,UNSAFE,entry_created_after_closing
2026-07-09,20,2,16:09:00,2026-08-05T02:04:06.324188+00:00,2026-08-05T02:04:07.642753+00:00,2026-08-05T02:04:07.642753+00:00,,6,UNSAFE,entry_created_after_closing
2026-07-09,20,3,16:40:00,2026-08-05T02:04:06.324188+00:00,2026-08-05T02:04:09.253943+00:00,2026-08-05T02:04:09.253943+00:00,,6,UNSAFE,entry_created_after_closing
2026-07-09,20,4,17:06:00,2026-08-05T02:04:06.324188+00:00,2026-08-05T02:04:08.526937+00:00,2026-08-05T02:04:08.526937+00:00,,6,UNSAFE,entry_created_after_closing
2026-07-09,20,5,17:30:00,2026-08-05T02:04:06.324188+00:00,2026-08-05T02:04:07.642753+00:00,2026-08-05T02:04:07.642753+00:00,,6,UNSAFE,entry_created_after_closing
2026-07-09,20,6,17:57:00,2026-08-05T02:04:06.324188+00:00,2026-08-05T02:04:08.526937+00:00,2026-08-05T02:04:08.526937+00:00,,6,UNSAFE,entry_created_after_closing
2026-07-09,20,7,18:21:00,2026-08-05T02:04:06.324188+00:00,2026-08-05T02:04:08.526937+00:00,2026-08-05T02:04:08.526937+00:00,,6,UNSAFE,entry_created_after_closing
2026-07-09,20,8,18:47:00,2026-08-05T02:04:06.324188+00:00,2026-08-05T02:04:09.253943+00:00,2026-08-05T02:04:09.253943+00:00,,6,UNSAFE,entry_created_after_closing
2026-07-09,20,9,19:16:00,2026-08-05T02:04:06.324188+00:00,2026-08-05T02:04:09.253943+00:00,2026-08-05T02:04:09.253943+00:00,,6,UNSAFE,entry_created_after_closing
2026-07-09,20,10,19:43:00,2026-08-05T02:04:06.324188+00:00,2026-08-05T02:04:07.642753+00:00,2026-08-05T02:04:07.642753+00:00,,6,UNSAFE,entry_created_after_closing
2026-07-09,20,11,20:09:00,2026-08-05T02:04:06.324188+00:00,2026-08-05T02:04:07.642753+00:00,2026-08-05T02:04:07.642753+00:00,,6,UNSAFE,entry_created_after_closing
2026-07-09,20,12,20:38:00,2026-08-05T02:04:06.324188+00:00,2026-08-05T02:04:08.526937+00:00,2026-08-05T02:04:08.526937+00:00,,6,UNSAFE,entry_created_after_closing
2026-07-09,24,1,17:41:00,2026-08-05T02:04:06.324188+00:00,2026-08-05T02:04:07.642753+00:00,2026-08-05T02:04:07.642753+00:00,,6,UNSAFE,entry_created_after_closing
2026-07-09,24,2,18:08:00,2026-08-05T02:04:06.324188+00:00,2026-08-05T02:04:07.642753+00:00,2026-08-05T02:04:07.642753+00:00,,6,UNSAFE,entry_created_after_closing
2026-07-09,24,3,18:34:00,2026-08-05T02:04:06.324188+00:00,2026-08-05T02:04:09.253943+00:00,2026-08-05T02:04:09.253943+00:00,,6,UNSAFE,entry_created_after_closing
2026-07-09,24,4,19:03:00,2026-08-05T02:04:06.324188+00:00,2026-08-05T02:04:08.526937+00:00,2026-08-05T02:04:08.526937+00:00,,6,UNSAFE,entry_created_after_closing
2026-07-09,24,5,19:30:00,2026-08-05T02:04:06.324188+00:00,2026-08-05T02:04:07.642753+00:00,2026-08-05T02:04:07.642753+00:00,,6,UNSAFE,entry_created_after_closing
2026-07-09,24,6,19:56:00,2026-08-05T02:04:06.324188+00:00,2026-08-05T02:04:07.642753+00:00,2026-08-05T02:04:07.642753+00:00,,6,UNSAFE,entry_created_after_closing
2026-07-09,24,7,20:25:00,2026-08-05T02:04:06.324188+00:00,2026-08-05T02:04:08.526937+00:00,2026-08-05T02:04:08.526937+00:00,,6,UNSAFE,entry_created_after_closing
2026-07-09,24,8,20:59:00,2026-08-05T02:04:06.324188+00:00,2026-08-05T02:04:09.253943+00:00,2026-08-05T02:04:09.253943+00:00,,6,UNSAFE,entry_created_after_closing
2026-07-09,24,9,21:25:00,2026-08-05T02:04:06.324188+00:00,2026-08-05T02:04:08.526937+00:00,2026-08-05T02:04:08.526937+00:00,,6,UNSAFE,entry_created_after_closing
2026-07-09,24,10,21:51:00,2026-08-05T02:04:06.324188+00:00,2026-08-05T02:04:07.642753+00:00,2026-08-05T02:04:07.642753+00:00,,6,UNSAFE,entry_created_after_closing
2026-07-09,24,11,22:20:00,2026-08-05T02:04:06.324188+00:00,2026-08-05T02:04:09.253943+00:00,2026-08-05T02:04:09.253943+00:00,,6,UNSAFE,entry_created_after_closing
2026-07-09,24,12,22:45:00,2026-08-05T02:04:06.324188+00:00,2026-08-05T02:04:08.526937+00:00,2026-08-05T02:04:08.526937+00:00,,6,UNSAFE,entry_created_after_closing
2026-07-10,2,1,10:31:00,2026-08-05T02:04:56.870816+00:00,2026-08-05T02:04:58.811864+00:00,2026-08-05T02:04:58.811864+00:00,,6,UNSAFE,entry_created_after_closing
2026-07-10,2,2,10:59:00,2026-08-05T02:04:56.870816+00:00,2026-08-05T02:05:00.549461+00:00,2026-08-05T02:05:00.549461+00:00,,6,UNSAFE,entry_created_after_closing
2026-07-10,2,3,11:28:00,2026-08-05T02:04:56.870816+00:00,2026-08-05T02:05:00.549461+00:00,2026-08-05T02:05:00.549461+00:00,,6,UNSAFE,entry_created_after_closing
2026-07-10,2,4,11:57:00,2026-08-05T02:04:56.870816+00:00,2026-08-05T02:05:00.549461+00:00,2026-08-05T02:05:00.549461+00:00,,6,UNSAFE,entry_created_after_closing
2026-07-10,2,5,12:29:00,2026-08-05T02:04:56.870816+00:00,2026-08-05T02:05:00.549461+00:00,2026-08-05T02:05:00.549461+00:00,,6,UNSAFE,entry_created_after_closing
2026-07-10,2,6,13:01:00,2026-08-05T02:04:56.870816+00:00,2026-08-05T02:05:00.549461+00:00,2026-08-05T02:05:00.549461+00:00,,6,UNSAFE,entry_created_after_closing
2026-07-10,2,7,13:33:00,2026-08-05T02:04:56.870816+00:00,2026-08-05T02:05:00.549461+00:00,2026-08-05T02:05:00.549461+00:00,,6,UNSAFE,entry_created_after_closing
2026-07-10,2,8,14:05:00,2026-08-05T02:04:56.870816+00:00,2026-08-05T02:04:58.811864+00:00,2026-08-05T02:04:58.811864+00:00,,6,UNSAFE,entry_created_after_closing
2026-07-10,2,9,14:39:00,2026-08-05T02:04:56.870816+00:00,2026-08-05T02:05:00.549461+00:00,2026-08-05T02:05:00.549461+00:00,,6,UNSAFE,entry_created_after_closing
2026-07-10,2,10,15:14:00,2026-08-05T02:04:56.870816+00:00,2026-08-05T02:04:58.811864+00:00,2026-08-05T02:04:58.811864+00:00,,6,UNSAFE,entry_created_after_closing
2026-07-10,2,11,15:51:00,2026-08-05T02:04:56.870816+00:00,2026-08-05T02:05:00.549461+00:00,2026-08-05T02:05:00.549461+00:00,,6,UNSAFE,entry_created_after_closing
2026-07-10,2,12,16:30:00,2026-08-05T02:04:56.870816+00:00,2026-08-05T02:05:00.549461+00:00,2026-08-05T02:05:00.549461+00:00,,6,UNSAFE,entry_created_after_closing
2026-07-10,6,1,11:32:00,2026-08-05T02:04:56.870816+00:00,2026-08-05T02:04:58.811864+00:00,2026-08-05T02:04:58.811864+00:00,,6,UNSAFE,entry_created_after_closing
2026-07-10,6,2,11:58:00,2026-08-05T02:04:56.870816+00:00,2026-08-05T02:04:58.811864+00:00,2026-08-05T02:04:58.811864+00:00,,6,UNSAFE,entry_created_after_closing
2026-07-10,6,3,12:25:00,2026-08-05T02:04:56.870816+00:00,2026-08-05T02:04:58.811864+00:00,2026-08-05T02:04:58.811864+00:00,,6,UNSAFE,entry_created_after_closing
2026-07-10,6,4,12:54:00,2026-08-05T02:04:56.870816+00:00,2026-08-05T02:04:58.811864+00:00,2026-08-05T02:04:58.811864+00:00,,6,UNSAFE,entry_created_after_closing
2026-07-10,6,5,13:26:00,2026-08-05T02:04:56.870816+00:00,2026-08-05T02:04:58.811864+00:00,2026-08-05T02:04:58.811864+00:00,,6,UNSAFE,entry_created_after_closing
2026-07-10,6,6,13:53:00,2026-08-05T02:04:56.870816+00:00,2026-08-05T02:04:58.811864+00:00,2026-08-05T02:04:58.811864+00:00,,6,UNSAFE,entry_created_after_closing
2026-07-10,6,7,14:30:00,2026-08-05T02:04:57.737423+00:00,2026-08-05T02:05:00.549461+00:00,2026-08-05T02:05:00.549461+00:00,,6,UNSAFE,entry_created_after_closing
2026-07-10,6,8,15:01:00,2026-08-05T02:04:56.870816+00:00,2026-08-05T02:04:58.811864+00:00,2026-08-05T02:04:58.811864+00:00,,6,UNSAFE,entry_created_after_closing
2026-07-10,6,9,15:33:00,2026-08-05T02:04:56.870816+00:00,2026-08-05T02:04:58.811864+00:00,2026-08-05T02:04:58.811864+00:00,,6,UNSAFE,entry_created_after_closing
2026-07-10,6,10,16:08:00,2026-08-05T02:04:56.870816+00:00,2026-08-05T02:04:58.811864+00:00,2026-08-05T02:04:58.811864+00:00,,6,UNSAFE,entry_created_after_closing
2026-07-10,6,11,16:35:00,2026-08-05T02:04:57.737423+00:00,2026-08-05T02:05:00.549461+00:00,2026-08-05T02:05:00.549461+00:00,,6,UNSAFE,entry_created_after_closing
2026-07-10,6,12,17:10:00,2026-08-05T02:04:56.870816+00:00,2026-08-05T02:04:58.811864+00:00,2026-08-05T02:04:58.811864+00:00,,6,UNSAFE,entry_created_after_closing
2026-07-10,8,1,10:36:00,2026-08-05T02:05:01.354876+00:00,2026-08-05T02:05:03.51521+00:00,2026-08-05T02:05:03.51521+00:00,,6,UNSAFE,entry_created_after_closing
2026-07-10,8,2,11:06:00,2026-08-05T02:05:01.354876+00:00,2026-08-05T02:05:04.168821+00:00,2026-08-05T02:05:04.168821+00:00,,6,UNSAFE,entry_created_after_closing
2026-07-10,8,3,11:34:00,2026-08-05T02:05:01.354876+00:00,2026-08-05T02:05:04.168821+00:00,2026-08-05T02:05:04.168821+00:00,,6,UNSAFE,entry_created_after_closing
2026-07-10,8,4,12:02:00,2026-08-05T02:05:01.354876+00:00,2026-08-05T02:05:03.51521+00:00,2026-08-05T02:05:03.51521+00:00,,6,UNSAFE,entry_created_after_closing
2026-07-10,8,5,12:33:00,2026-08-05T02:05:01.354876+00:00,2026-08-05T02:05:03.51521+00:00,2026-08-05T02:05:03.51521+00:00,,6,UNSAFE,entry_created_after_closing
2026-07-10,8,6,13:05:00,2026-08-05T02:05:01.354876+00:00,2026-08-05T02:05:03.51521+00:00,2026-08-05T02:05:03.51521+00:00,,6,UNSAFE,entry_created_after_closing
2026-07-10,8,7,13:36:00,2026-08-05T02:05:01.354876+00:00,2026-08-05T02:05:03.51521+00:00,2026-08-05T02:05:03.51521+00:00,,6,UNSAFE,entry_created_after_closing
2026-07-10,8,8,14:07:00,2026-08-05T02:05:01.354876+00:00,2026-08-05T02:05:03.51521+00:00,2026-08-05T02:05:03.51521+00:00,,6,UNSAFE,entry_created_after_closing
2026-07-10,8,9,14:34:00,2026-08-05T02:05:01.354876+00:00,2026-08-05T02:05:04.168821+00:00,2026-08-05T02:05:04.168821+00:00,,6,UNSAFE,entry_created_after_closing
2026-07-10,8,10,15:05:00,2026-08-05T02:05:01.354876+00:00,2026-08-05T02:05:03.51521+00:00,2026-08-05T02:05:03.51521+00:00,,6,UNSAFE,entry_created_after_closing
2026-07-10,8,11,15:38:00,2026-08-05T02:05:01.354876+00:00,2026-08-05T02:05:04.168821+00:00,2026-08-05T02:05:04.168821+00:00,,6,UNSAFE,entry_created_after_closing
2026-07-10,8,12,16:20:00,2026-08-05T02:05:01.354876+00:00,2026-08-05T02:05:04.168821+00:00,2026-08-05T02:05:04.168821+00:00,,6,UNSAFE,entry_created_after_closing
2026-07-10,9,1,10:40:00,2026-08-05T02:04:56.870816+00:00,2026-08-05T02:05:00.549461+00:00,2026-08-05T02:05:00.549461+00:00,,6,UNSAFE,entry_created_after_closing
2026-07-10,9,2,11:08:00,2026-08-05T02:04:56.870816+00:00,2026-08-05T02:05:00.549461+00:00,2026-08-05T02:05:00.549461+00:00,,6,UNSAFE,entry_created_after_closing
2026-07-10,9,3,11:36:00,2026-08-05T02:04:56.870816+00:00,2026-08-05T02:05:00.549461+00:00,2026-08-05T02:05:00.549461+00:00,,6,UNSAFE,entry_created_after_closing
2026-07-10,9,4,12:05:00,2026-08-05T02:04:56.870816+00:00,2026-08-05T02:04:58.811864+00:00,2026-08-05T02:04:58.811864+00:00,,6,UNSAFE,entry_created_after_closing
2026-07-10,9,5,12:36:00,2026-08-05T02:04:57.737423+00:00,2026-08-05T02:05:00.549461+00:00,2026-08-05T02:05:00.549461+00:00,,6,UNSAFE,entry_created_after_closing
2026-07-10,9,6,13:07:00,2026-08-05T02:04:56.870816+00:00,2026-08-05T02:04:58.811864+00:00,2026-08-05T02:04:58.811864+00:00,,6,UNSAFE,entry_created_after_closing
2026-07-10,9,7,13:38:00,2026-08-05T02:04:56.870816+00:00,2026-08-05T02:04:58.811864+00:00,2026-08-05T02:04:58.811864+00:00,,6,UNSAFE,entry_created_after_closing
2026-07-10,9,8,14:09:00,2026-08-05T02:04:56.870816+00:00,2026-08-05T02:04:58.811864+00:00,2026-08-05T02:04:58.811864+00:00,,6,UNSAFE,entry_created_after_closing
2026-07-10,9,9,14:42:00,2026-08-05T02:04:56.870816+00:00,2026-08-05T02:05:00.549461+00:00,2026-08-05T02:05:00.549461+00:00,,6,UNSAFE,entry_created_after_closing
2026-07-10,9,10,15:17:00,2026-08-05T02:04:56.870816+00:00,2026-08-05T02:05:00.549461+00:00,2026-08-05T02:05:00.549461+00:00,,6,UNSAFE,entry_created_after_closing
2026-07-10,9,11,15:46:00,2026-08-05T02:04:56.870816+00:00,2026-08-05T02:04:58.811864+00:00,2026-08-05T02:04:58.811864+00:00,,6,UNSAFE,entry_created_after_closing
2026-07-10,9,12,16:25:00,2026-08-05T02:04:56.870816+00:00,2026-08-05T02:04:58.811864+00:00,2026-08-05T02:04:58.811864+00:00,,6,UNSAFE,entry_created_after_closing
2026-07-10,10,1,08:32:00,2026-08-05T02:04:56.870816+00:00,2026-08-05T02:04:58.811864+00:00,2026-08-05T02:04:58.811864+00:00,,6,UNSAFE,entry_created_after_closing
2026-07-10,10,2,08:58:00,2026-08-05T02:04:56.870816+00:00,2026-08-05T02:05:00.549461+00:00,2026-08-05T02:05:00.549461+00:00,,6,UNSAFE,entry_created_after_closing
2026-07-10,10,3,09:24:00,2026-08-05T02:04:56.870816+00:00,2026-08-05T02:05:00.549461+00:00,2026-08-05T02:05:00.549461+00:00,,6,UNSAFE,entry_created_after_closing
2026-07-10,10,4,09:50:00,2026-08-05T02:04:56.870816+00:00,2026-08-05T02:05:00.549461+00:00,2026-08-05T02:05:00.549461+00:00,,6,UNSAFE,entry_created_after_closing
2026-07-10,10,5,10:16:00,2026-08-05T02:04:56.870816+00:00,2026-08-05T02:05:00.549461+00:00,2026-08-05T02:05:00.549461+00:00,,6,UNSAFE,entry_created_after_closing
2026-07-10,10,6,10:44:00,2026-08-05T02:04:56.870816+00:00,2026-08-05T02:04:58.811864+00:00,2026-08-05T02:04:58.811864+00:00,,6,UNSAFE,entry_created_after_closing
2026-07-10,10,7,11:13:00,2026-08-05T02:04:56.870816+00:00,2026-08-05T02:05:00.549461+00:00,2026-08-05T02:05:00.549461+00:00,,6,UNSAFE,entry_created_after_closing
2026-07-10,10,8,11:43:00,2026-08-05T02:04:56.870816+00:00,2026-08-05T02:05:00.549461+00:00,2026-08-05T02:05:00.549461+00:00,,6,UNSAFE,entry_created_after_closing
2026-07-10,10,9,12:14:00,2026-08-05T02:04:56.870816+00:00,2026-08-05T02:05:00.549461+00:00,2026-08-05T02:05:00.549461+00:00,,6,UNSAFE,entry_created_after_closing
2026-07-10,10,10,12:46:00,2026-08-05T02:04:56.870816+00:00,2026-08-05T02:04:58.811864+00:00,2026-08-05T02:04:58.811864+00:00,,6,UNSAFE,entry_created_after_closing
2026-07-10,10,11,13:20:00,2026-08-05T02:04:56.870816+00:00,2026-08-05T02:05:00.549461+00:00,2026-08-05T02:05:00.549461+00:00,,6,UNSAFE,entry_created_after_closing
2026-07-10,10,12,13:59:00,2026-08-05T02:04:56.870816+00:00,2026-08-05T02:04:58.811864+00:00,2026-08-05T02:04:58.811864+00:00,,6,UNSAFE,entry_created_after_closing
2026-07-10,11,1,10:38:00,2026-08-05T02:04:56.870816+00:00,2026-08-05T02:05:00.549461+00:00,2026-08-05T02:05:00.549461+00:00,,6,UNSAFE,entry_created_after_closing
2026-07-10,11,2,11:10:00,2026-08-05T02:04:56.870816+00:00,2026-08-05T02:04:58.811864+00:00,2026-08-05T02:04:58.811864+00:00,,6,UNSAFE,entry_created_after_closing
2026-07-10,11,3,11:38:00,2026-08-05T02:04:56.870816+00:00,2026-08-05T02:04:58.811864+00:00,2026-08-05T02:04:58.811864+00:00,,6,UNSAFE,entry_created_after_closing
2026-07-10,11,4,12:07:00,2026-08-05T02:04:56.870816+00:00,2026-08-05T02:04:58.811864+00:00,2026-08-05T02:04:58.811864+00:00,,6,UNSAFE,entry_created_after_closing
2026-07-10,11,5,12:40:00,2026-08-05T02:04:56.870816+00:00,2026-08-05T02:04:58.811864+00:00,2026-08-05T02:04:58.811864+00:00,,6,UNSAFE,entry_created_after_closing
2026-07-10,11,6,13:13:00,2026-08-05T02:04:56.870816+00:00,2026-08-05T02:04:58.811864+00:00,2026-08-05T02:04:58.811864+00:00,,6,UNSAFE,entry_created_after_closing
2026-07-10,11,7,13:45:00,2026-08-05T02:04:56.870816+00:00,2026-08-05T02:04:58.811864+00:00,2026-08-05T02:04:58.811864+00:00,,6,UNSAFE,entry_created_after_closing
2026-07-10,11,8,14:18:00,2026-08-05T02:04:56.870816+00:00,2026-08-05T02:04:59.763864+00:00,2026-08-05T02:04:59.763864+00:00,,6,UNSAFE,entry_created_after_closing
2026-07-10,11,9,14:52:00,2026-08-05T02:04:56.870816+00:00,2026-08-05T02:04:58.811864+00:00,2026-08-05T02:04:58.811864+00:00,,6,UNSAFE,entry_created_after_closing
2026-07-10,11,10,15:26:00,2026-08-05T02:04:56.870816+00:00,2026-08-05T02:04:58.811864+00:00,2026-08-05T02:04:58.811864+00:00,,6,UNSAFE,entry_created_after_closing
2026-07-10,11,11,16:03:00,2026-08-05T02:04:56.870816+00:00,2026-08-05T02:04:58.811864+00:00,2026-08-05T02:04:58.811864+00:00,,6,UNSAFE,entry_created_after_closing
2026-07-10,11,12,16:38:00,2026-08-05T02:04:56.870816+00:00,2026-08-05T02:04:58.811864+00:00,2026-08-05T02:04:58.811864+00:00,,6,UNSAFE,entry_created_after_closing
2026-07-10,14,1,08:46:00,2026-08-05T02:04:56.870816+00:00,2026-08-05T02:05:00.549461+00:00,2026-08-05T02:05:00.549461+00:00,,6,UNSAFE,entry_created_after_closing
2026-07-10,14,2,09:12:00,2026-08-05T02:04:56.870816+00:00,2026-08-05T02:05:00.549461+00:00,2026-08-05T02:05:00.549461+00:00,,6,UNSAFE,entry_created_after_closing
2026-07-10,14,3,09:38:00,2026-08-05T02:04:56.870816+00:00,2026-08-05T02:05:00.549461+00:00,2026-08-05T02:05:00.549461+00:00,,6,UNSAFE,entry_created_after_closing
2026-07-10,14,4,10:04:00,2026-08-05T02:04:56.870816+00:00,2026-08-05T02:04:58.811864+00:00,2026-08-05T02:04:58.811864+00:00,,6,UNSAFE,entry_created_after_closing
2026-07-10,14,5,10:30:00,2026-08-05T02:04:56.870816+00:00,2026-08-05T02:04:58.811864+00:00,2026-08-05T02:04:58.811864+00:00,,6,UNSAFE,entry_created_after_closing
2026-07-10,14,6,11:02:00,2026-08-05T02:04:56.870816+00:00,2026-08-05T02:05:00.549461+00:00,2026-08-05T02:05:00.549461+00:00,,6,UNSAFE,entry_created_after_closing
2026-07-10,14,7,11:31:00,2026-08-05T02:04:56.870816+00:00,2026-08-05T02:04:58.811864+00:00,2026-08-05T02:04:58.811864+00:00,,6,UNSAFE,entry_created_after_closing
2026-07-10,14,8,12:00:00,2026-08-05T02:04:56.870816+00:00,2026-08-05T02:04:58.811864+00:00,2026-08-05T02:04:58.811864+00:00,,6,UNSAFE,entry_created_after_closing
2026-07-10,14,9,12:38:00,2026-08-05T02:04:56.870816+00:00,2026-08-05T02:05:00.549461+00:00,2026-08-05T02:05:00.549461+00:00,,6,UNSAFE,entry_created_after_closing
2026-07-10,14,10,13:09:00,2026-08-05T02:04:56.870816+00:00,2026-08-05T02:05:00.549461+00:00,2026-08-05T02:05:00.549461+00:00,,6,UNSAFE,entry_created_after_closing
2026-07-10,14,11,13:40:00,2026-08-05T02:04:56.870816+00:00,2026-08-05T02:05:00.549461+00:00,2026-08-05T02:05:00.549461+00:00,,6,UNSAFE,entry_created_after_closing
2026-07-10,14,12,14:13:00,2026-08-05T02:04:56.870816+00:00,2026-08-05T02:05:00.549461+00:00,2026-08-05T02:05:00.549461+00:00,,6,UNSAFE,entry_created_after_closing
2026-07-10,15,1,15:23:00,2026-08-05T02:04:58.811864+00:00,2026-08-05T02:04:58.811864+00:00,2026-08-05T02:04:58.811864+00:00,,6,UNSAFE,entry_created_after_closing
2026-07-10,15,2,15:57:00,2026-08-05T02:04:58.811864+00:00,2026-08-05T02:05:00.549461+00:00,2026-08-05T02:05:00.549461+00:00,,6,UNSAFE,entry_created_after_closing
2026-07-10,15,3,16:23:00,2026-08-05T02:04:57.737423+00:00,2026-08-05T02:05:00.549461+00:00,2026-08-05T02:05:00.549461+00:00,,6,UNSAFE,entry_created_after_closing
2026-07-10,15,4,17:01:00,2026-08-05T02:04:58.811864+00:00,2026-08-05T02:05:00.549461+00:00,2026-08-05T02:05:00.549461+00:00,,6,UNSAFE,entry_created_after_closing
2026-07-10,15,5,17:27:00,2026-08-05T02:04:58.811864+00:00,2026-08-05T02:04:58.811864+00:00,2026-08-05T02:04:58.811864+00:00,,6,UNSAFE,entry_created_after_closing
2026-07-10,15,6,17:53:00,2026-08-05T02:04:58.811864+00:00,2026-08-05T02:04:58.811864+00:00,2026-08-05T02:04:58.811864+00:00,,6,UNSAFE,entry_created_after_closing
2026-07-10,15,7,18:18:00,2026-08-05T02:04:58.811864+00:00,2026-08-05T02:05:00.549461+00:00,2026-08-05T02:05:00.549461+00:00,,6,UNSAFE,entry_created_after_closing
2026-07-10,15,8,18:44:00,2026-08-05T02:04:58.811864+00:00,2026-08-05T02:04:58.811864+00:00,2026-08-05T02:04:58.811864+00:00,,6,UNSAFE,entry_created_after_closing
2026-07-10,15,9,19:13:00,2026-08-05T02:04:58.811864+00:00,2026-08-05T02:04:58.811864+00:00,2026-08-05T02:04:58.811864+00:00,,6,UNSAFE,entry_created_after_closing
2026-07-10,15,10,19:40:00,2026-08-05T02:04:58.811864+00:00,2026-08-05T02:05:00.549461+00:00,2026-08-05T02:05:00.549461+00:00,,6,UNSAFE,entry_created_after_closing
2026-07-10,15,11,20:06:00,2026-08-05T02:04:58.811864+00:00,2026-08-05T02:05:00.549461+00:00,2026-08-05T02:05:00.549461+00:00,,6,UNSAFE,entry_created_after_closing
2026-07-10,15,12,20:35:00,2026-08-05T02:04:58.811864+00:00,2026-08-05T02:05:00.549461+00:00,2026-08-05T02:05:00.549461+00:00,,6,UNSAFE,entry_created_after_closing
2026-07-10,16,1,11:54:00,2026-08-05T02:05:01.354876+00:00,2026-08-05T02:05:04.168821+00:00,2026-08-05T02:05:04.168821+00:00,,6,UNSAFE,entry_created_after_closing
2026-07-10,16,2,12:21:00,2026-08-05T02:05:01.354876+00:00,2026-08-05T02:05:03.51521+00:00,2026-08-05T02:05:03.51521+00:00,,6,UNSAFE,entry_created_after_closing
2026-07-10,16,3,12:57:00,2026-08-05T02:05:01.354876+00:00,2026-08-05T02:05:03.51521+00:00,2026-08-05T02:05:03.51521+00:00,,6,UNSAFE,entry_created_after_closing
2026-07-10,16,4,13:29:00,2026-08-05T02:05:01.354876+00:00,2026-08-05T02:05:04.168821+00:00,2026-08-05T02:05:04.168821+00:00,,6,UNSAFE,entry_created_after_closing
2026-07-10,16,5,13:57:00,2026-08-05T02:05:01.354876+00:00,2026-08-05T02:05:03.51521+00:00,2026-08-05T02:05:03.51521+00:00,,6,UNSAFE,entry_created_after_closing
2026-07-10,16,6,14:28:00,2026-08-05T02:05:01.354876+00:00,2026-08-05T02:05:03.51521+00:00,2026-08-05T02:05:03.51521+00:00,,6,UNSAFE,entry_created_after_closing
2026-07-10,16,7,15:09:00,2026-08-05T02:05:01.354876+00:00,2026-08-05T02:05:03.51521+00:00,2026-08-05T02:05:03.51521+00:00,,6,UNSAFE,entry_created_after_closing
2026-07-10,16,8,15:44:00,2026-08-05T02:05:01.354876+00:00,2026-08-05T02:05:04.168821+00:00,2026-08-05T02:05:04.168821+00:00,,6,UNSAFE,entry_created_after_closing
2026-07-10,16,9,16:14:00,2026-08-05T02:05:01.354876+00:00,2026-08-05T02:05:03.51521+00:00,2026-08-05T02:05:03.51521+00:00,,6,UNSAFE,entry_created_after_closing
2026-07-10,16,10,16:48:00,2026-08-05T02:05:01.354876+00:00,2026-08-05T02:05:03.51521+00:00,2026-08-05T02:05:03.51521+00:00,,6,UNSAFE,entry_created_after_closing
2026-07-10,16,11,17:19:00,2026-08-05T02:05:01.354876+00:00,2026-08-05T02:05:03.51521+00:00,2026-08-05T02:05:03.51521+00:00,,6,UNSAFE,entry_created_after_closing
2026-07-10,16,12,17:50:00,2026-08-05T02:05:01.354876+00:00,2026-08-05T02:05:03.51521+00:00,2026-08-05T02:05:03.51521+00:00,,6,UNSAFE,entry_created_after_closing
2026-07-10,19,1,17:41:00,2026-08-05T02:04:56.870816+00:00,2026-08-05T02:04:58.811864+00:00,2026-08-05T02:04:58.811864+00:00,,6,UNSAFE,entry_created_after_closing
2026-07-10,19,2,18:08:00,2026-08-05T02:04:56.870816+00:00,2026-08-05T02:04:58.811864+00:00,2026-08-05T02:04:58.811864+00:00,,6,UNSAFE,entry_created_after_closing
2026-07-10,19,3,18:34:00,2026-08-05T02:04:56.870816+00:00,2026-08-05T02:05:00.549461+00:00,2026-08-05T02:05:00.549461+00:00,,6,UNSAFE,entry_created_after_closing
2026-07-10,19,4,19:03:00,2026-08-05T02:04:56.870816+00:00,2026-08-05T02:05:00.549461+00:00,2026-08-05T02:05:00.549461+00:00,,6,UNSAFE,entry_created_after_closing
2026-07-10,19,5,19:30:00,2026-08-05T02:04:56.870816+00:00,2026-08-05T02:04:58.811864+00:00,2026-08-05T02:04:58.811864+00:00,,6,UNSAFE,entry_created_after_closing
2026-07-10,19,6,19:56:00,2026-08-05T02:04:56.870816+00:00,2026-08-05T02:05:00.549461+00:00,2026-08-05T02:05:00.549461+00:00,,6,UNSAFE,entry_created_after_closing
2026-07-10,19,7,20:25:00,2026-08-05T02:04:56.870816+00:00,2026-08-05T02:05:00.549461+00:00,2026-08-05T02:05:00.549461+00:00,,6,UNSAFE,entry_created_after_closing
2026-07-10,19,8,20:56:00,2026-08-05T02:04:56.870816+00:00,2026-08-05T02:04:58.811864+00:00,2026-08-05T02:04:58.811864+00:00,,6,UNSAFE,entry_created_after_closing
2026-07-10,19,9,21:19:00,2026-08-05T02:04:56.870816+00:00,2026-08-05T02:04:58.811864+00:00,2026-08-05T02:04:58.811864+00:00,,6,UNSAFE,entry_created_after_closing
2026-07-10,19,10,21:42:00,2026-08-05T02:04:56.870816+00:00,2026-08-05T02:04:58.811864+00:00,2026-08-05T02:04:58.811864+00:00,,6,UNSAFE,entry_created_after_closing
2026-07-10,19,11,22:05:00,2026-08-05T02:04:57.737423+00:00,2026-08-05T02:04:58.811864+00:00,2026-08-05T02:04:58.811864+00:00,,6,UNSAFE,entry_created_after_closing
2026-07-10,19,12,22:30:00,2026-08-05T02:04:56.870816+00:00,2026-08-05T02:04:58.811864+00:00,2026-08-05T02:04:58.811864+00:00,,6,UNSAFE,entry_created_after_closing
2026-07-10,20,1,15:29:00,2026-08-05T02:04:56.870816+00:00,2026-08-05T02:05:00.549461+00:00,2026-08-05T02:05:00.549461+00:00,,6,UNSAFE,entry_created_after_closing
2026-07-10,20,2,16:06:00,2026-08-05T02:04:56.870816+00:00,2026-08-05T02:05:00.549461+00:00,2026-08-05T02:05:00.549461+00:00,,6,UNSAFE,entry_created_after_closing
2026-07-10,20,3,16:41:00,2026-08-05T02:04:56.870816+00:00,2026-08-05T02:05:00.549461+00:00,2026-08-05T02:05:00.549461+00:00,,6,UNSAFE,entry_created_after_closing
2026-07-10,20,4,17:11:00,2026-08-05T02:04:56.870816+00:00,2026-08-05T02:05:00.549461+00:00,2026-08-05T02:05:00.549461+00:00,,6,UNSAFE,entry_created_after_closing
2026-07-10,20,5,17:36:00,2026-08-05T02:04:56.870816+00:00,2026-08-05T02:05:00.549461+00:00,2026-08-05T02:05:00.549461+00:00,,6,UNSAFE,entry_created_after_closing
2026-07-10,20,6,18:03:00,2026-08-05T02:04:56.870816+00:00,2026-08-05T02:05:00.549461+00:00,2026-08-05T02:05:00.549461+00:00,,6,UNSAFE,entry_created_after_closing
2026-07-10,20,7,18:28:00,2026-08-05T02:04:56.870816+00:00,2026-08-05T02:04:58.811864+00:00,2026-08-05T02:04:58.811864+00:00,,6,UNSAFE,entry_created_after_closing
2026-07-10,20,8,18:54:00,2026-08-05T02:04:56.870816+00:00,2026-08-05T02:04:58.811864+00:00,2026-08-05T02:04:58.811864+00:00,,6,UNSAFE,entry_created_after_closing
2026-07-10,20,9,19:23:00,2026-08-05T02:04:56.870816+00:00,2026-08-05T02:04:58.811864+00:00,2026-08-05T02:04:58.811864+00:00,,6,UNSAFE,entry_created_after_closing
2026-07-10,20,10,19:50:00,2026-08-05T02:04:56.870816+00:00,2026-08-05T02:05:00.549461+00:00,2026-08-05T02:05:00.549461+00:00,,6,UNSAFE,entry_created_after_closing
2026-07-10,20,11,20:16:00,2026-08-05T02:04:56.870816+00:00,2026-08-05T02:04:58.811864+00:00,2026-08-05T02:04:58.811864+00:00,,6,UNSAFE,entry_created_after_closing
2026-07-10,20,12,20:45:00,2026-08-05T02:04:56.870816+00:00,2026-08-05T02:05:00.549461+00:00,2026-08-05T02:05:00.549461+00:00,,6,UNSAFE,entry_created_after_closing
2026-07-10,22,1,12:17:00,2026-08-05T02:04:56.870816+00:00,2026-08-05T02:04:58.811864+00:00,2026-08-05T02:04:58.811864+00:00,,6,UNSAFE,entry_created_after_closing
2026-07-10,22,2,12:44:00,2026-08-05T02:04:56.870816+00:00,2026-08-05T02:05:00.549461+00:00,2026-08-05T02:05:00.549461+00:00,,6,UNSAFE,entry_created_after_closing
2026-07-10,22,3,13:16:00,2026-08-05T02:04:56.870816+00:00,2026-08-05T02:04:58.811864+00:00,2026-08-05T02:04:58.811864+00:00,,6,UNSAFE,entry_created_after_closing
2026-07-10,22,4,13:49:00,2026-08-05T02:04:56.870816+00:00,2026-08-05T02:05:00.549461+00:00,2026-08-05T02:05:00.549461+00:00,,6,UNSAFE,entry_created_after_closing
2026-07-10,22,5,14:21:00,2026-08-05T02:04:56.870816+00:00,2026-08-05T02:04:58.811864+00:00,2026-08-05T02:04:58.811864+00:00,,6,UNSAFE,entry_created_after_closing
2026-07-10,22,6,14:48:00,2026-08-05T02:04:56.870816+00:00,2026-08-05T02:05:00.549461+00:00,2026-08-05T02:05:00.549461+00:00,,6,UNSAFE,entry_created_after_closing
2026-07-10,22,7,15:21:00,2026-08-05T02:04:56.870816+00:00,2026-08-05T02:04:58.811864+00:00,2026-08-05T02:04:58.811864+00:00,,6,UNSAFE,entry_created_after_closing
2026-07-10,22,8,15:49:00,2026-08-05T02:04:56.870816+00:00,2026-08-05T02:05:00.549461+00:00,2026-08-05T02:05:00.549461+00:00,,6,UNSAFE,entry_created_after_closing
2026-07-10,22,9,16:16:00,2026-08-05T02:04:57.737423+00:00,2026-08-05T02:05:00.549461+00:00,2026-08-05T02:05:00.549461+00:00,,6,UNSAFE,entry_created_after_closing
2026-07-10,22,10,16:54:00,2026-08-05T02:04:56.870816+00:00,2026-08-05T02:04:58.811864+00:00,2026-08-05T02:04:58.811864+00:00,,6,UNSAFE,entry_created_after_closing
2026-07-10,22,11,17:23:00,2026-08-05T02:04:56.870816+00:00,2026-08-05T02:04:58.811864+00:00,2026-08-05T02:04:58.811864+00:00,,6,UNSAFE,entry_created_after_closing
2026-07-10,22,12,18:00:00,2026-08-05T02:04:56.870816+00:00,2026-08-05T02:04:58.811864+00:00,2026-08-05T02:04:58.811864+00:00,,6,UNSAFE,entry_created_after_closing
2026-07-10,23,1,08:39:00,2026-08-05T02:04:56.870816+00:00,2026-08-05T02:04:58.811864+00:00,2026-08-05T02:04:58.811864+00:00,,6,UNSAFE,entry_created_after_closing
2026-07-10,23,2,09:05:00,2026-08-05T02:04:58.811864+00:00,2026-08-05T02:04:58.811864+00:00,2026-08-05T02:04:58.811864+00:00,,6,UNSAFE,entry_created_after_closing
2026-07-10,23,3,09:31:00,2026-08-05T02:04:58.811864+00:00,2026-08-05T02:04:58.811864+00:00,2026-08-05T02:04:58.811864+00:00,,6,UNSAFE,entry_created_after_closing
2026-07-10,23,4,09:57:00,2026-08-05T02:04:58.811864+00:00,2026-08-05T02:04:58.811864+00:00,2026-08-05T02:04:58.811864+00:00,,6,UNSAFE,entry_created_after_closing
2026-07-10,23,5,10:23:00,2026-08-05T02:04:58.811864+00:00,2026-08-05T02:05:00.549461+00:00,2026-08-05T02:05:00.549461+00:00,,6,UNSAFE,entry_created_after_closing
2026-07-10,23,6,10:52:00,2026-08-05T02:04:58.811864+00:00,2026-08-05T02:04:58.811864+00:00,2026-08-05T02:04:58.811864+00:00,,6,UNSAFE,entry_created_after_closing
2026-07-10,23,7,11:20:00,2026-08-05T02:04:58.811864+00:00,2026-08-05T02:04:58.811864+00:00,2026-08-05T02:04:58.811864+00:00,,6,UNSAFE,entry_created_after_closing
2026-07-10,23,8,11:49:00,2026-08-05T02:04:58.811864+00:00,2026-08-05T02:04:58.811864+00:00,2026-08-05T02:04:58.811864+00:00,,6,UNSAFE,entry_created_after_closing
2026-07-10,23,9,12:19:00,2026-08-05T02:04:58.811864+00:00,2026-08-05T02:05:00.549461+00:00,2026-08-05T02:05:00.549461+00:00,,6,UNSAFE,entry_created_after_closing
2026-07-10,23,10,12:51:00,2026-08-05T02:04:58.811864+00:00,2026-08-05T02:04:58.811864+00:00,2026-08-05T02:04:58.811864+00:00,,6,UNSAFE,entry_created_after_closing
2026-07-10,23,11,13:23:00,2026-08-05T02:04:58.811864+00:00,2026-08-05T02:05:00.549461+00:00,2026-08-05T02:05:00.549461+00:00,,6,UNSAFE,entry_created_after_closing
2026-07-10,23,12,14:01:00,2026-08-05T02:04:58.811864+00:00,2026-08-05T02:05:00.549461+00:00,2026-08-05T02:05:00.549461+00:00,,6,UNSAFE,entry_created_after_closing
2026-07-11,2,1,10:31:00,2026-08-05T02:05:47.243635+00:00,2026-08-05T02:05:48.981157+00:00,2026-08-05T02:05:48.981157+00:00,,6,UNSAFE,entry_created_after_closing
2026-07-11,2,2,10:58:00,2026-08-05T02:05:47.243635+00:00,2026-08-05T02:05:48.981157+00:00,2026-08-05T02:05:48.981157+00:00,,6,UNSAFE,entry_created_after_closing
2026-07-11,2,3,11:26:00,2026-08-05T02:05:47.243635+00:00,2026-08-05T02:05:49.834988+00:00,2026-08-05T02:05:49.834988+00:00,,6,UNSAFE,entry_created_after_closing
2026-07-11,2,4,11:55:00,2026-08-05T02:05:47.243635+00:00,2026-08-05T02:05:48.981157+00:00,2026-08-05T02:05:48.981157+00:00,,6,UNSAFE,entry_created_after_closing
2026-07-11,2,5,12:26:00,2026-08-05T02:05:47.243635+00:00,2026-08-05T02:05:48.981157+00:00,2026-08-05T02:05:48.981157+00:00,,6,UNSAFE,entry_created_after_closing
2026-07-11,2,6,12:57:00,2026-08-05T02:05:47.243635+00:00,2026-08-05T02:05:48.981157+00:00,2026-08-05T02:05:48.981157+00:00,,6,UNSAFE,entry_created_after_closing
2026-07-11,2,7,13:29:00,2026-08-05T02:05:47.243635+00:00,2026-08-05T02:05:49.834988+00:00,2026-08-05T02:05:49.834988+00:00,,6,UNSAFE,entry_created_after_closing
2026-07-11,2,8,14:02:00,2026-08-05T02:05:47.243635+00:00,2026-08-05T02:05:49.834988+00:00,2026-08-05T02:05:49.834988+00:00,,6,UNSAFE,entry_created_after_closing
2026-07-11,2,9,14:36:00,2026-08-05T02:05:47.243635+00:00,2026-08-05T02:05:48.981157+00:00,2026-08-05T02:05:48.981157+00:00,,6,UNSAFE,entry_created_after_closing
2026-07-11,2,10,15:13:00,2026-08-05T02:05:47.243635+00:00,2026-08-05T02:05:48.981157+00:00,2026-08-05T02:05:48.981157+00:00,,6,UNSAFE,entry_created_after_closing
2026-07-11,2,11,15:51:00,2026-08-05T02:05:47.243635+00:00,2026-08-05T02:05:50.562467+00:00,2026-08-05T02:05:50.562467+00:00,,6,UNSAFE,entry_created_after_closing
2026-07-11,2,12,16:30:00,2026-08-05T02:05:47.243635+00:00,2026-08-05T02:05:50.562467+00:00,2026-08-05T02:05:50.562467+00:00,,6,UNSAFE,entry_created_after_closing
2026-07-11,3,1,11:14:00,2026-08-05T02:05:52.046176+00:00,2026-08-05T02:05:54.130117+00:00,2026-08-05T02:05:54.130117+00:00,,6,UNSAFE,entry_created_after_closing
2026-07-11,3,2,11:41:00,2026-08-05T02:05:52.046176+00:00,2026-08-05T02:05:54.130117+00:00,2026-08-05T02:05:54.130117+00:00,,6,UNSAFE,entry_created_after_closing
2026-07-11,3,3,12:08:00,2026-08-05T02:05:52.046176+00:00,2026-08-05T02:05:54.130117+00:00,2026-08-05T02:05:54.130117+00:00,,6,UNSAFE,entry_created_after_closing
2026-07-11,3,4,12:35:00,2026-08-05T02:05:52.046176+00:00,2026-08-05T02:05:54.130117+00:00,2026-08-05T02:05:54.130117+00:00,,6,UNSAFE,entry_created_after_closing
2026-07-11,3,5,13:02:00,2026-08-05T02:05:52.046176+00:00,2026-08-05T02:05:54.130117+00:00,2026-08-05T02:05:54.130117+00:00,,6,UNSAFE,entry_created_after_closing
2026-07-11,3,6,13:29:00,2026-08-05T02:05:52.046176+00:00,2026-08-05T02:05:54.130117+00:00,2026-08-05T02:05:54.130117+00:00,,6,UNSAFE,entry_created_after_closing
2026-07-11,3,7,13:56:00,2026-08-05T02:05:52.046176+00:00,2026-08-05T02:05:54.130117+00:00,2026-08-05T02:05:54.130117+00:00,,6,UNSAFE,entry_created_after_closing
2026-07-11,3,8,14:24:00,2026-08-05T02:05:52.046176+00:00,2026-08-05T02:05:54.130117+00:00,2026-08-05T02:05:54.130117+00:00,,6,UNSAFE,entry_created_after_closing
2026-07-11,3,9,14:52:00,2026-08-05T02:05:52.046176+00:00,2026-08-05T02:05:54.130117+00:00,2026-08-05T02:05:54.130117+00:00,,6,UNSAFE,entry_created_after_closing
2026-07-11,3,10,15:22:00,2026-08-05T02:05:52.046176+00:00,2026-08-05T02:05:54.130117+00:00,2026-08-05T02:05:54.130117+00:00,,6,UNSAFE,entry_created_after_closing
2026-07-11,3,11,15:53:00,2026-08-05T02:05:52.046176+00:00,2026-08-05T02:05:54.130117+00:00,2026-08-05T02:05:54.130117+00:00,,6,UNSAFE,entry_created_after_closing
2026-07-11,3,12,16:25:00,2026-08-05T02:05:52.046176+00:00,2026-08-05T02:05:54.130117+00:00,2026-08-05T02:05:54.130117+00:00,,6,UNSAFE,entry_created_after_closing
2026-07-11,4,1,11:55:00,2026-08-05T02:05:47.243635+00:00,2026-08-05T02:05:48.981157+00:00,2026-08-05T02:05:48.981157+00:00,,6,UNSAFE,entry_created_after_closing
2026-07-11,4,2,12:24:00,2026-08-05T02:05:47.243635+00:00,2026-08-05T02:05:49.834988+00:00,2026-08-05T02:05:49.834988+00:00,,6,UNSAFE,entry_created_after_closing
2026-07-11,4,3,12:54:00,2026-08-05T02:05:47.243635+00:00,2026-08-05T02:05:50.562467+00:00,2026-08-05T02:05:50.562467+00:00,,6,UNSAFE,entry_created_after_closing
2026-07-11,4,4,13:25:00,2026-08-05T02:05:47.243635+00:00,2026-08-05T02:05:50.562467+00:00,2026-08-05T02:05:50.562467+00:00,,6,UNSAFE,entry_created_after_closing
2026-07-11,4,5,13:55:00,2026-08-05T02:05:47.243635+00:00,2026-08-05T02:05:50.562467+00:00,2026-08-05T02:05:50.562467+00:00,,6,UNSAFE,entry_created_after_closing
2026-07-11,4,6,14:28:00,2026-08-05T02:05:47.243635+00:00,2026-08-05T02:05:50.562467+00:00,2026-08-05T02:05:50.562467+00:00,,6,UNSAFE,entry_created_after_closing
2026-07-11,4,7,15:00:00,2026-08-05T02:05:47.243635+00:00,2026-08-05T02:05:50.562467+00:00,2026-08-05T02:05:50.562467+00:00,,6,UNSAFE,entry_created_after_closing
2026-07-11,4,8,15:32:00,2026-08-05T02:05:47.243635+00:00,2026-08-05T02:05:50.562467+00:00,2026-08-05T02:05:50.562467+00:00,,6,UNSAFE,entry_created_after_closing
2026-07-11,4,9,16:05:00,2026-08-05T02:05:47.243635+00:00,2026-08-05T02:05:49.834988+00:00,2026-08-05T02:05:49.834988+00:00,,6,UNSAFE,entry_created_after_closing
2026-07-11,4,10,16:37:00,2026-08-05T02:05:47.243635+00:00,2026-08-05T02:05:49.834988+00:00,2026-08-05T02:05:49.834988+00:00,,6,UNSAFE,entry_created_after_closing
2026-07-11,4,11,17:08:00,2026-08-05T02:05:47.243635+00:00,2026-08-05T02:05:50.562467+00:00,2026-08-05T02:05:50.562467+00:00,,6,UNSAFE,entry_created_after_closing
2026-07-11,4,12,17:42:00,2026-08-05T02:05:47.243635+00:00,2026-08-05T02:05:50.562467+00:00,2026-08-05T02:05:50.562467+00:00,,6,UNSAFE,entry_created_after_closing
2026-07-11,6,1,11:32:00,2026-08-05T02:05:47.243635+00:00,2026-08-05T02:05:49.834988+00:00,2026-08-05T02:05:49.834988+00:00,,6,UNSAFE,entry_created_after_closing
2026-07-11,6,2,11:58:00,2026-08-05T02:05:47.243635+00:00,2026-08-05T02:05:50.562467+00:00,2026-08-05T02:05:50.562467+00:00,,6,UNSAFE,entry_created_after_closing
2026-07-11,6,3,12:23:00,2026-08-05T02:05:47.243635+00:00,2026-08-05T02:05:48.981157+00:00,2026-08-05T02:05:48.981157+00:00,,6,UNSAFE,entry_created_after_closing
2026-07-11,6,4,12:49:00,2026-08-05T02:05:47.243635+00:00,2026-08-05T02:05:48.981157+00:00,2026-08-05T02:05:48.981157+00:00,,6,UNSAFE,entry_created_after_closing
2026-07-11,6,5,13:18:00,2026-08-05T02:05:47.243635+00:00,2026-08-05T02:05:49.834988+00:00,2026-08-05T02:05:49.834988+00:00,,6,UNSAFE,entry_created_after_closing
2026-07-11,6,6,13:51:00,2026-08-05T02:05:47.243635+00:00,2026-08-05T02:05:48.981157+00:00,2026-08-05T02:05:48.981157+00:00,,6,UNSAFE,entry_created_after_closing
2026-07-11,6,7,14:32:00,2026-08-05T02:05:47.243635+00:00,2026-08-05T02:05:49.834988+00:00,2026-08-05T02:05:49.834988+00:00,,6,UNSAFE,entry_created_after_closing
2026-07-11,6,8,15:06:00,2026-08-05T02:05:47.243635+00:00,2026-08-05T02:05:48.981157+00:00,2026-08-05T02:05:48.981157+00:00,,6,UNSAFE,entry_created_after_closing
2026-07-11,6,9,15:37:00,2026-08-05T02:05:47.243635+00:00,2026-08-05T02:05:48.981157+00:00,2026-08-05T02:05:48.981157+00:00,,6,UNSAFE,entry_created_after_closing
2026-07-11,6,10,16:08:00,2026-08-05T02:05:47.243635+00:00,2026-08-05T02:05:48.981157+00:00,2026-08-05T02:05:48.981157+00:00,,6,UNSAFE,entry_created_after_closing
2026-07-11,6,11,16:35:00,2026-08-05T02:05:47.243635+00:00,2026-08-05T02:05:50.562467+00:00,2026-08-05T02:05:50.562467+00:00,,6,UNSAFE,entry_created_after_closing
2026-07-11,6,12,17:06:00,2026-08-05T02:05:47.243635+00:00,2026-08-05T02:05:48.981157+00:00,2026-08-05T02:05:48.981157+00:00,,6,UNSAFE,entry_created_after_closing
2026-07-11,8,1,10:36:00,2026-08-05T02:05:52.046176+00:00,2026-08-05T02:05:54.130117+00:00,2026-08-05T02:05:54.130117+00:00,,6,UNSAFE,entry_created_after_closing
2026-07-11,8,2,11:06:00,2026-08-05T02:05:52.046176+00:00,2026-08-05T02:05:54.130117+00:00,2026-08-05T02:05:54.130117+00:00,,6,UNSAFE,entry_created_after_closing
2026-07-11,8,3,11:34:00,2026-08-05T02:05:52.046176+00:00,2026-08-05T02:05:54.130117+00:00,2026-08-05T02:05:54.130117+00:00,,6,UNSAFE,entry_created_after_closing
2026-07-11,8,4,12:02:00,2026-08-05T02:05:52.046176+00:00,2026-08-05T02:05:54.130117+00:00,2026-08-05T02:05:54.130117+00:00,,6,UNSAFE,entry_created_after_closing
2026-07-11,8,5,12:33:00,2026-08-05T02:05:52.046176+00:00,2026-08-05T02:05:54.130117+00:00,2026-08-05T02:05:54.130117+00:00,,6,UNSAFE,entry_created_after_closing
2026-07-11,8,6,13:00:00,2026-08-05T02:05:52.046176+00:00,2026-08-05T02:05:54.130117+00:00,2026-08-05T02:05:54.130117+00:00,,6,UNSAFE,entry_created_after_closing
2026-07-11,8,7,13:33:00,2026-08-05T02:05:52.046176+00:00,2026-08-05T02:05:54.130117+00:00,2026-08-05T02:05:54.130117+00:00,,6,UNSAFE,entry_created_after_closing
2026-07-11,8,8,14:11:00,2026-08-05T02:05:52.046176+00:00,2026-08-05T02:05:54.130117+00:00,2026-08-05T02:05:54.130117+00:00,,6,UNSAFE,entry_created_after_closing
2026-07-11,8,9,14:39:00,2026-08-05T02:05:52.046176+00:00,2026-08-05T02:05:54.130117+00:00,2026-08-05T02:05:54.130117+00:00,,6,UNSAFE,entry_created_after_closing
2026-07-11,8,10,15:09:00,2026-08-05T02:05:52.046176+00:00,2026-08-05T02:05:54.130117+00:00,2026-08-05T02:05:54.130117+00:00,,6,UNSAFE,entry_created_after_closing
2026-07-11,8,11,15:40:00,2026-08-05T02:05:52.046176+00:00,2026-08-05T02:05:54.130117+00:00,2026-08-05T02:05:54.130117+00:00,,6,UNSAFE,entry_created_after_closing
2026-07-11,8,12,16:18:00,2026-08-05T02:05:52.046176+00:00,2026-08-05T02:05:54.130117+00:00,2026-08-05T02:05:54.130117+00:00,,6,UNSAFE,entry_created_after_closing
2026-07-11,9,1,10:40:00,2026-08-05T02:05:47.243635+00:00,2026-08-05T02:05:48.981157+00:00,2026-08-05T02:05:48.981157+00:00,,6,UNSAFE,entry_created_after_closing
2026-07-11,9,2,11:08:00,2026-08-05T02:05:47.243635+00:00,2026-08-05T02:05:50.562467+00:00,2026-08-05T02:05:50.562467+00:00,,6,UNSAFE,entry_created_after_closing
2026-07-11,9,3,11:36:00,2026-08-05T02:05:49.834988+00:00,2026-08-05T02:05:50.562467+00:00,2026-08-05T02:05:50.562467+00:00,,6,UNSAFE,entry_created_after_closing
2026-07-11,9,4,12:05:00,2026-08-05T02:05:47.243635+00:00,2026-08-05T02:05:48.981157+00:00,2026-08-05T02:05:48.981157+00:00,,6,UNSAFE,entry_created_after_closing
2026-07-11,9,5,12:36:00,2026-08-05T02:05:47.243635+00:00,2026-08-05T02:05:48.981157+00:00,2026-08-05T02:05:48.981157+00:00,,6,UNSAFE,entry_created_after_closing
2026-07-11,9,6,13:07:00,2026-08-05T02:05:47.243635+00:00,2026-08-05T02:05:49.834988+00:00,2026-08-05T02:05:49.834988+00:00,,6,UNSAFE,entry_created_after_closing
2026-07-11,9,7,13:38:00,2026-08-05T02:05:47.243635+00:00,2026-08-05T02:05:50.562467+00:00,2026-08-05T02:05:50.562467+00:00,,6,UNSAFE,entry_created_after_closing
2026-07-11,9,8,14:09:00,2026-08-05T02:05:47.243635+00:00,2026-08-05T02:05:49.834988+00:00,2026-08-05T02:05:49.834988+00:00,,6,UNSAFE,entry_created_after_closing
2026-07-11,9,9,14:42:00,2026-08-05T02:05:47.243635+00:00,2026-08-05T02:05:50.562467+00:00,2026-08-05T02:05:50.562467+00:00,,6,UNSAFE,entry_created_after_closing
2026-07-11,9,10,15:17:00,2026-08-05T02:05:47.243635+00:00,2026-08-05T02:05:48.981157+00:00,2026-08-05T02:05:48.981157+00:00,,6,UNSAFE,entry_created_after_closing
2026-07-11,9,11,15:46:00,2026-08-05T02:05:47.243635+00:00,2026-08-05T02:05:49.834988+00:00,2026-08-05T02:05:49.834988+00:00,,6,UNSAFE,entry_created_after_closing
2026-07-11,9,12,16:25:00,2026-08-05T02:05:47.243635+00:00,2026-08-05T02:05:48.981157+00:00,2026-08-05T02:05:48.981157+00:00,,6,UNSAFE,entry_created_after_closing
2026-07-11,10,1,08:32:00,2026-08-05T02:05:47.243635+00:00,2026-08-05T02:05:48.981157+00:00,2026-08-05T02:05:48.981157+00:00,,6,UNSAFE,entry_created_after_closing
2026-07-11,10,2,08:58:00,2026-08-05T02:05:47.243635+00:00,2026-08-05T02:05:48.981157+00:00,2026-08-05T02:05:48.981157+00:00,,6,UNSAFE,entry_created_after_closing
2026-07-11,10,3,09:24:00,2026-08-05T02:05:47.243635+00:00,2026-08-05T02:05:48.981157+00:00,2026-08-05T02:05:48.981157+00:00,,6,UNSAFE,entry_created_after_closing
2026-07-11,10,4,09:50:00,2026-08-05T02:05:47.243635+00:00,2026-08-05T02:05:50.562467+00:00,2026-08-05T02:05:50.562467+00:00,,6,UNSAFE,entry_created_after_closing
2026-07-11,10,5,10:16:00,2026-08-05T02:05:47.243635+00:00,2026-08-05T02:05:50.562467+00:00,2026-08-05T02:05:50.562467+00:00,,6,UNSAFE,entry_created_after_closing
2026-07-11,10,6,10:44:00,2026-08-05T02:05:47.243635+00:00,2026-08-05T02:05:48.981157+00:00,2026-08-05T02:05:48.981157+00:00,,6,UNSAFE,entry_created_after_closing
2026-07-11,10,7,11:17:00,2026-08-05T02:05:47.243635+00:00,2026-08-05T02:05:48.981157+00:00,2026-08-05T02:05:48.981157+00:00,,6,UNSAFE,entry_created_after_closing
2026-07-11,10,8,11:45:00,2026-08-05T02:05:47.243635+00:00,2026-08-05T02:05:50.562467+00:00,2026-08-05T02:05:50.562467+00:00,,6,UNSAFE,entry_created_after_closing
2026-07-11,10,9,12:14:00,2026-08-05T02:05:47.243635+00:00,2026-08-05T02:05:49.834988+00:00,2026-08-05T02:05:49.834988+00:00,,6,UNSAFE,entry_created_after_closing
2026-07-11,10,10,12:46:00,2026-08-05T02:05:47.243635+00:00,2026-08-05T02:05:48.981157+00:00,2026-08-05T02:05:48.981157+00:00,,6,UNSAFE,entry_created_after_closing
2026-07-11,10,11,13:20:00,2026-08-05T02:05:48.095547+00:00,2026-08-05T02:05:50.562467+00:00,2026-08-05T02:05:50.562467+00:00,,6,UNSAFE,entry_created_after_closing
2026-07-11,10,12,13:59:00,2026-08-05T02:05:48.095547+00:00,2026-08-05T02:05:49.834988+00:00,2026-08-05T02:05:49.834988+00:00,,6,UNSAFE,entry_created_after_closing
2026-07-11,11,1,10:38:00,2026-08-05T02:05:48.095547+00:00,2026-08-05T02:05:48.981157+00:00,2026-08-05T02:05:48.981157+00:00,,6,UNSAFE,entry_created_after_closing
2026-07-11,11,2,11:10:00,2026-08-05T02:05:47.243635+00:00,2026-08-05T02:05:48.981157+00:00,2026-08-05T02:05:48.981157+00:00,,6,UNSAFE,entry_created_after_closing
2026-07-11,11,3,11:38:00,2026-08-05T02:05:47.243635+00:00,2026-08-05T02:05:48.981157+00:00,2026-08-05T02:05:48.981157+00:00,,6,UNSAFE,entry_created_after_closing
2026-07-11,11,4,12:07:00,2026-08-05T02:05:47.243635+00:00,2026-08-05T02:05:48.981157+00:00,2026-08-05T02:05:48.981157+00:00,,6,UNSAFE,entry_created_after_closing
2026-07-11,11,5,12:40:00,2026-08-05T02:05:47.243635+00:00,2026-08-05T02:05:48.981157+00:00,2026-08-05T02:05:48.981157+00:00,,6,UNSAFE,entry_created_after_closing
2026-07-11,11,6,13:13:00,2026-08-05T02:05:47.243635+00:00,2026-08-05T02:05:48.981157+00:00,2026-08-05T02:05:48.981157+00:00,,6,UNSAFE,entry_created_after_closing
2026-07-11,11,7,13:45:00,2026-08-05T02:05:47.243635+00:00,2026-08-05T02:05:48.981157+00:00,2026-08-05T02:05:48.981157+00:00,,6,UNSAFE,entry_created_after_closing
2026-07-11,11,8,14:18:00,2026-08-05T02:05:47.243635+00:00,2026-08-05T02:05:50.562467+00:00,2026-08-05T02:05:50.562467+00:00,,6,UNSAFE,entry_created_after_closing
2026-07-11,11,9,14:51:00,2026-08-05T02:05:47.243635+00:00,2026-08-05T02:05:49.834988+00:00,2026-08-05T02:05:49.834988+00:00,,6,UNSAFE,entry_created_after_closing
2026-07-11,11,10,15:28:00,2026-08-05T02:05:47.243635+00:00,2026-08-05T02:05:48.981157+00:00,2026-08-05T02:05:48.981157+00:00,,6,UNSAFE,entry_created_after_closing
2026-07-11,11,11,16:03:00,2026-08-05T02:05:47.243635+00:00,2026-08-05T02:05:48.981157+00:00,2026-08-05T02:05:48.981157+00:00,,6,UNSAFE,entry_created_after_closing
2026-07-11,11,12,16:38:00,2026-08-05T02:05:47.243635+00:00,2026-08-05T02:05:48.981157+00:00,2026-08-05T02:05:48.981157+00:00,,6,UNSAFE,entry_created_after_closing
2026-07-11,14,1,08:46:00,2026-08-05T02:05:47.243635+00:00,2026-08-05T02:05:48.981157+00:00,2026-08-05T02:05:48.981157+00:00,,6,UNSAFE,entry_created_after_closing
2026-07-11,14,2,09:12:00,2026-08-05T02:05:47.243635+00:00,2026-08-05T02:05:48.981157+00:00,2026-08-05T02:05:48.981157+00:00,,6,UNSAFE,entry_created_after_closing
2026-07-11,14,3,09:38:00,2026-08-05T02:05:47.243635+00:00,2026-08-05T02:05:48.981157+00:00,2026-08-05T02:05:48.981157+00:00,,6,UNSAFE,entry_created_after_closing
2026-07-11,14,4,10:04:00,2026-08-05T02:05:47.243635+00:00,2026-08-05T02:05:49.834988+00:00,2026-08-05T02:05:49.834988+00:00,,6,UNSAFE,entry_created_after_closing
2026-07-11,14,5,10:30:00,2026-08-05T02:05:47.243635+00:00,2026-08-05T02:05:48.981157+00:00,2026-08-05T02:05:48.981157+00:00,,6,UNSAFE,entry_created_after_closing
2026-07-11,14,6,11:02:00,2026-08-05T02:05:47.243635+00:00,2026-08-05T02:05:49.834988+00:00,2026-08-05T02:05:49.834988+00:00,,6,UNSAFE,entry_created_after_closing
2026-07-11,14,7,11:31:00,2026-08-05T02:05:47.243635+00:00,2026-08-05T02:05:50.562467+00:00,2026-08-05T02:05:50.562467+00:00,,6,UNSAFE,entry_created_after_closing
2026-07-11,14,8,12:00:00,2026-08-05T02:05:47.243635+00:00,2026-08-05T02:05:49.834988+00:00,2026-08-05T02:05:49.834988+00:00,,6,UNSAFE,entry_created_after_closing
2026-07-11,14,9,12:38:00,2026-08-05T02:05:47.243635+00:00,2026-08-05T02:05:49.834988+00:00,2026-08-05T02:05:49.834988+00:00,,6,UNSAFE,entry_created_after_closing
2026-07-11,14,10,13:09:00,2026-08-05T02:05:47.243635+00:00,2026-08-05T02:05:49.834988+00:00,2026-08-05T02:05:49.834988+00:00,,6,UNSAFE,entry_created_after_closing
2026-07-11,14,11,13:40:00,2026-08-05T02:05:47.243635+00:00,2026-08-05T02:05:51.230922+00:00,2026-08-05T02:05:51.230922+00:00,,6,UNSAFE,entry_created_after_closing
2026-07-11,14,12,14:13:00,2026-08-05T02:05:47.243635+00:00,2026-08-05T02:05:48.981157+00:00,2026-08-05T02:05:48.981157+00:00,,6,UNSAFE,entry_created_after_closing
2026-07-11,15,1,15:23:00,2026-08-05T02:05:47.243635+00:00,2026-08-05T02:05:49.834988+00:00,2026-08-05T02:05:49.834988+00:00,,6,UNSAFE,entry_created_after_closing
2026-07-11,15,2,15:57:00,2026-08-05T02:05:47.243635+00:00,2026-08-05T02:05:49.834988+00:00,2026-08-05T02:05:49.834988+00:00,,6,UNSAFE,entry_created_after_closing
2026-07-11,15,3,16:23:00,2026-08-05T02:05:47.243635+00:00,2026-08-05T02:05:50.562467+00:00,2026-08-05T02:05:50.562467+00:00,,6,UNSAFE,entry_created_after_closing
2026-07-11,15,4,17:01:00,2026-08-05T02:05:47.243635+00:00,2026-08-05T02:05:47.243635+00:00,2026-08-05T02:05:47.243635+00:00,,6,UNSAFE,entry_created_after_closing
2026-07-11,15,5,17:27:00,2026-08-05T02:05:47.243635+00:00,2026-08-05T02:05:47.243635+00:00,2026-08-05T02:05:47.243635+00:00,,6,UNSAFE,entry_created_after_closing
2026-07-11,15,6,17:53:00,2026-08-05T02:05:47.243635+00:00,2026-08-05T02:05:47.243635+00:00,2026-08-05T02:05:47.243635+00:00,,6,UNSAFE,entry_created_after_closing
2026-07-11,15,7,18:18:00,2026-08-05T02:05:47.243635+00:00,2026-08-05T02:05:49.834988+00:00,2026-08-05T02:05:49.834988+00:00,,6,UNSAFE,entry_created_after_closing
2026-07-11,15,8,18:44:00,2026-08-05T02:05:47.243635+00:00,2026-08-05T02:05:49.834988+00:00,2026-08-05T02:05:49.834988+00:00,,6,UNSAFE,entry_created_after_closing
2026-07-11,15,9,19:13:00,2026-08-05T02:05:47.243635+00:00,2026-08-05T02:05:47.243635+00:00,2026-08-05T02:05:47.243635+00:00,,6,UNSAFE,entry_created_after_closing
2026-07-11,15,10,19:40:00,2026-08-05T02:05:47.243635+00:00,2026-08-05T02:05:49.834988+00:00,2026-08-05T02:05:49.834988+00:00,,6,UNSAFE,entry_created_after_closing
2026-07-11,15,11,20:06:00,2026-08-05T02:05:47.243635+00:00,2026-08-05T02:05:49.834988+00:00,2026-08-05T02:05:49.834988+00:00,,6,UNSAFE,entry_created_after_closing
2026-07-11,15,12,20:35:00,2026-08-05T02:05:47.243635+00:00,2026-08-05T02:05:49.834988+00:00,2026-08-05T02:05:49.834988+00:00,,6,UNSAFE,entry_created_after_closing
2026-07-11,16,1,11:52:00,2026-08-05T02:05:52.046176+00:00,2026-08-05T02:05:54.130117+00:00,2026-08-05T02:05:54.130117+00:00,,6,UNSAFE,entry_created_after_closing
2026-07-11,16,2,12:21:00,2026-08-05T02:05:52.046176+00:00,2026-08-05T02:05:54.130117+00:00,2026-08-05T02:05:54.130117+00:00,,6,UNSAFE,entry_created_after_closing
2026-07-11,16,3,12:52:00,2026-08-05T02:05:52.046176+00:00,2026-08-05T02:05:54.130117+00:00,2026-08-05T02:05:54.130117+00:00,,6,UNSAFE,entry_created_after_closing
2026-07-11,16,4,13:21:00,2026-08-05T02:05:52.046176+00:00,2026-08-05T02:05:54.130117+00:00,2026-08-05T02:05:54.130117+00:00,,6,UNSAFE,entry_created_after_closing
2026-07-11,16,5,13:49:00,2026-08-05T02:05:52.046176+00:00,2026-08-05T02:05:54.130117+00:00,2026-08-05T02:05:54.130117+00:00,,6,UNSAFE,entry_created_after_closing
2026-07-11,16,6,14:22:00,2026-08-05T02:05:52.046176+00:00,2026-08-05T02:05:54.130117+00:00,2026-08-05T02:05:54.130117+00:00,,6,UNSAFE,entry_created_after_closing
2026-07-11,16,7,14:58:00,2026-08-05T02:05:52.046176+00:00,2026-08-05T02:05:54.130117+00:00,2026-08-05T02:05:54.130117+00:00,,6,UNSAFE,entry_created_after_closing
2026-07-11,16,8,15:35:00,2026-08-05T02:05:52.046176+00:00,2026-08-05T02:05:54.130117+00:00,2026-08-05T02:05:54.130117+00:00,,6,UNSAFE,entry_created_after_closing
2026-07-11,16,9,16:13:00,2026-08-05T02:05:52.046176+00:00,2026-08-05T02:05:54.130117+00:00,2026-08-05T02:05:54.130117+00:00,,6,UNSAFE,entry_created_after_closing
2026-07-11,16,10,16:43:00,2026-08-05T02:05:52.046176+00:00,2026-08-05T02:05:54.130117+00:00,2026-08-05T02:05:54.130117+00:00,,6,UNSAFE,entry_created_after_closing
2026-07-11,16,11,17:18:00,2026-08-05T02:05:52.046176+00:00,2026-08-05T02:05:54.130117+00:00,2026-08-05T02:05:54.130117+00:00,,6,UNSAFE,entry_created_after_closing
2026-07-11,16,12,17:50:00,2026-08-05T02:05:52.046176+00:00,2026-08-05T02:05:54.130117+00:00,2026-08-05T02:05:54.130117+00:00,,6,UNSAFE,entry_created_after_closing
2026-07-11,19,1,17:41:00,2026-08-05T02:05:47.243635+00:00,2026-08-05T02:05:49.834988+00:00,2026-08-05T02:05:49.834988+00:00,,6,UNSAFE,entry_created_after_closing
2026-07-11,19,2,18:08:00,2026-08-05T02:05:47.243635+00:00,2026-08-05T02:05:49.834988+00:00,2026-08-05T02:05:49.834988+00:00,,6,UNSAFE,entry_created_after_closing
2026-07-11,19,3,18:34:00,2026-08-05T02:05:47.243635+00:00,2026-08-05T02:05:49.834988+00:00,2026-08-05T02:05:49.834988+00:00,,6,UNSAFE,entry_created_after_closing
2026-07-11,19,4,19:03:00,2026-08-05T02:05:47.243635+00:00,2026-08-05T02:05:48.981157+00:00,2026-08-05T02:05:48.981157+00:00,,6,UNSAFE,entry_created_after_closing
2026-07-11,19,5,19:30:00,2026-08-05T02:05:47.243635+00:00,2026-08-05T02:05:48.981157+00:00,2026-08-05T02:05:48.981157+00:00,,6,UNSAFE,entry_created_after_closing
2026-07-11,19,6,19:56:00,2026-08-05T02:05:47.243635+00:00,2026-08-05T02:05:48.981157+00:00,2026-08-05T02:05:48.981157+00:00,,6,UNSAFE,entry_created_after_closing
2026-07-11,19,7,20:25:00,2026-08-05T02:05:47.243635+00:00,2026-08-05T02:05:48.981157+00:00,2026-08-05T02:05:48.981157+00:00,,6,UNSAFE,entry_created_after_closing
2026-07-11,19,8,20:56:00,2026-08-05T02:05:47.243635+00:00,2026-08-05T02:05:48.981157+00:00,2026-08-05T02:05:48.981157+00:00,,6,UNSAFE,entry_created_after_closing
2026-07-11,19,9,21:19:00,2026-08-05T02:05:47.243635+00:00,2026-08-05T02:05:48.981157+00:00,2026-08-05T02:05:48.981157+00:00,,6,UNSAFE,entry_created_after_closing
2026-07-11,19,10,21:42:00,2026-08-05T02:05:47.243635+00:00,2026-08-05T02:05:48.981157+00:00,2026-08-05T02:05:48.981157+00:00,,6,UNSAFE,entry_created_after_closing
2026-07-11,19,11,22:05:00,2026-08-05T02:05:47.243635+00:00,2026-08-05T02:05:49.834988+00:00,2026-08-05T02:05:49.834988+00:00,,6,UNSAFE,entry_created_after_closing
2026-07-11,19,12,22:30:00,2026-08-05T02:05:47.243635+00:00,2026-08-05T02:05:48.981157+00:00,2026-08-05T02:05:48.981157+00:00,,6,UNSAFE,entry_created_after_closing
2026-07-11,20,1,15:25:00,2026-08-05T02:05:47.243635+00:00,2026-08-05T02:05:49.834988+00:00,2026-08-05T02:05:49.834988+00:00,,6,UNSAFE,entry_created_after_closing
2026-07-11,20,2,16:10:00,2026-08-05T02:05:47.243635+00:00,2026-08-05T02:05:50.562467+00:00,2026-08-05T02:05:50.562467+00:00,,6,UNSAFE,entry_created_after_closing
2026-07-11,20,3,16:45:00,2026-08-05T02:05:47.243635+00:00,2026-08-05T02:05:49.834988+00:00,2026-08-05T02:05:49.834988+00:00,,6,UNSAFE,entry_created_after_closing
2026-07-11,20,4,17:11:00,2026-08-05T02:05:47.243635+00:00,2026-08-05T02:05:49.834988+00:00,2026-08-05T02:05:49.834988+00:00,,6,UNSAFE,entry_created_after_closing
2026-07-11,20,5,17:36:00,2026-08-05T02:05:47.243635+00:00,2026-08-05T02:05:49.834988+00:00,2026-08-05T02:05:49.834988+00:00,,6,UNSAFE,entry_created_after_closing
2026-07-11,20,6,18:03:00,2026-08-05T02:05:47.243635+00:00,2026-08-05T02:05:49.834988+00:00,2026-08-05T02:05:49.834988+00:00,,6,UNSAFE,entry_created_after_closing
2026-07-11,20,7,18:28:00,2026-08-05T02:05:47.243635+00:00,2026-08-05T02:05:50.562467+00:00,2026-08-05T02:05:50.562467+00:00,,6,UNSAFE,entry_created_after_closing
2026-07-11,20,8,18:54:00,2026-08-05T02:05:47.243635+00:00,2026-08-05T02:05:48.981157+00:00,2026-08-05T02:05:48.981157+00:00,,6,UNSAFE,entry_created_after_closing
2026-07-11,20,9,19:23:00,2026-08-05T02:05:49.834988+00:00,2026-08-05T02:05:50.562467+00:00,2026-08-05T02:05:50.562467+00:00,,6,UNSAFE,entry_created_after_closing
2026-07-11,20,10,19:50:00,2026-08-05T02:05:47.243635+00:00,2026-08-05T02:05:48.981157+00:00,2026-08-05T02:05:48.981157+00:00,,6,UNSAFE,entry_created_after_closing
2026-07-11,20,11,20:16:00,2026-08-05T02:05:47.243635+00:00,2026-08-05T02:05:50.562467+00:00,2026-08-05T02:05:50.562467+00:00,,6,UNSAFE,entry_created_after_closing
2026-07-11,20,12,20:45:00,2026-08-05T02:05:47.243635+00:00,2026-08-05T02:05:48.981157+00:00,2026-08-05T02:05:48.981157+00:00,,6,UNSAFE,entry_created_after_closing
2026-07-11,22,1,12:17:00,2026-08-05T02:05:47.243635+00:00,2026-08-05T02:05:48.981157+00:00,2026-08-05T02:05:48.981157+00:00,,6,UNSAFE,entry_created_after_closing
2026-07-11,22,2,12:44:00,2026-08-05T02:05:47.243635+00:00,2026-08-05T02:05:48.981157+00:00,2026-08-05T02:05:48.981157+00:00,,6,UNSAFE,entry_created_after_closing
2026-07-11,22,3,13:16:00,2026-08-05T02:05:47.243635+00:00,2026-08-05T02:05:48.981157+00:00,2026-08-05T02:05:48.981157+00:00,,6,UNSAFE,entry_created_after_closing
2026-07-11,22,4,13:43:00,2026-08-05T02:05:47.243635+00:00,2026-08-05T02:05:48.981157+00:00,2026-08-05T02:05:48.981157+00:00,,6,UNSAFE,entry_created_after_closing
2026-07-11,22,5,14:16:00,2026-08-05T02:05:47.243635+00:00,2026-08-05T02:05:50.562467+00:00,2026-08-05T02:05:50.562467+00:00,,6,UNSAFE,entry_created_after_closing
2026-07-11,22,6,14:47:00,2026-08-05T02:05:47.243635+00:00,2026-08-05T02:05:48.981157+00:00,2026-08-05T02:05:48.981157+00:00,,6,UNSAFE,entry_created_after_closing
2026-07-11,22,7,15:20:00,2026-08-05T02:05:47.243635+00:00,2026-08-05T02:05:48.981157+00:00,2026-08-05T02:05:48.981157+00:00,,6,UNSAFE,entry_created_after_closing
2026-07-11,22,8,15:49:00,2026-08-05T02:05:47.243635+00:00,2026-08-05T02:05:48.981157+00:00,2026-08-05T02:05:48.981157+00:00,,6,UNSAFE,entry_created_after_closing
2026-07-11,22,9,16:21:00,2026-08-05T02:05:47.243635+00:00,2026-08-05T02:05:49.834988+00:00,2026-08-05T02:05:49.834988+00:00,,6,UNSAFE,entry_created_after_closing
2026-07-11,22,10,16:53:00,2026-08-05T02:05:47.243635+00:00,2026-08-05T02:05:50.562467+00:00,2026-08-05T02:05:50.562467+00:00,,6,UNSAFE,entry_created_after_closing
2026-07-11,22,11,17:22:00,2026-08-05T02:05:47.243635+00:00,2026-08-05T02:05:50.562467+00:00,2026-08-05T02:05:50.562467+00:00,,6,UNSAFE,entry_created_after_closing
2026-07-11,22,12,18:00:00,2026-08-05T02:05:47.243635+00:00,2026-08-05T02:05:50.562467+00:00,2026-08-05T02:05:50.562467+00:00,,6,UNSAFE,entry_created_after_closing
2026-07-11,23,1,08:39:00,2026-08-05T02:05:47.243635+00:00,2026-08-05T02:05:47.243635+00:00,2026-08-05T02:05:47.243635+00:00,,6,UNSAFE,entry_created_after_closing
2026-07-11,23,2,09:05:00,2026-08-05T02:05:47.243635+00:00,2026-08-05T02:05:49.834988+00:00,2026-08-05T02:05:49.834988+00:00,,6,UNSAFE,entry_created_after_closing
2026-07-11,23,3,09:31:00,2026-08-05T02:05:47.243635+00:00,2026-08-05T02:05:49.834988+00:00,2026-08-05T02:05:49.834988+00:00,,6,UNSAFE,entry_created_after_closing
2026-07-11,23,4,09:57:00,2026-08-05T02:05:47.243635+00:00,2026-08-05T02:05:48.981157+00:00,2026-08-05T02:05:48.981157+00:00,,6,UNSAFE,entry_created_after_closing
2026-07-11,23,5,10:23:00,2026-08-05T02:05:47.243635+00:00,2026-08-05T02:05:48.981157+00:00,2026-08-05T02:05:48.981157+00:00,,6,UNSAFE,entry_created_after_closing
2026-07-11,23,6,10:52:00,2026-08-05T02:05:47.243635+00:00,2026-08-05T02:05:47.243635+00:00,2026-08-05T02:05:47.243635+00:00,,6,UNSAFE,entry_created_after_closing
2026-07-11,23,7,11:20:00,2026-08-05T02:05:47.243635+00:00,2026-08-05T02:05:49.834988+00:00,2026-08-05T02:05:49.834988+00:00,,6,UNSAFE,entry_created_after_closing
2026-07-11,23,8,11:49:00,2026-08-05T02:05:47.243635+00:00,2026-08-05T02:05:47.243635+00:00,2026-08-05T02:05:47.243635+00:00,,6,UNSAFE,entry_created_after_closing
2026-07-11,23,9,12:19:00,2026-08-05T02:05:47.243635+00:00,2026-08-05T02:05:47.243635+00:00,2026-08-05T02:05:47.243635+00:00,,6,UNSAFE,entry_created_after_closing
2026-07-11,23,10,12:51:00,2026-08-05T02:05:47.243635+00:00,2026-08-05T02:05:49.834988+00:00,2026-08-05T02:05:49.834988+00:00,,6,UNSAFE,entry_created_after_closing
2026-07-11,23,11,13:23:00,2026-08-05T02:05:47.243635+00:00,2026-08-05T02:05:49.834988+00:00,2026-08-05T02:05:49.834988+00:00,,6,UNSAFE,entry_created_after_closing
2026-07-11,23,12,14:06:00,2026-08-05T02:05:47.243635+00:00,2026-08-05T02:05:49.834988+00:00,2026-08-05T02:05:49.834988+00:00,,6,UNSAFE,entry_created_after_closing
2026-07-12,2,1,10:31:00,2026-08-05T02:06:40.608698+00:00,2026-08-05T02:06:42.50431+00:00,2026-08-05T02:06:42.50431+00:00,,6,UNSAFE,entry_created_after_closing
2026-07-12,2,2,10:59:00,2026-08-05T02:06:40.608698+00:00,2026-08-05T02:06:42.50431+00:00,2026-08-05T02:06:42.50431+00:00,,6,UNSAFE,entry_created_after_closing
2026-07-12,2,3,11:27:00,2026-08-05T02:06:40.608698+00:00,2026-08-05T02:06:42.50431+00:00,2026-08-05T02:06:42.50431+00:00,,6,UNSAFE,entry_created_after_closing
2026-07-12,2,4,11:55:00,2026-08-05T02:06:40.608698+00:00,2026-08-05T02:06:43.395035+00:00,2026-08-05T02:06:43.395035+00:00,,6,UNSAFE,entry_created_after_closing
2026-07-12,2,5,12:25:00,2026-08-05T02:06:40.608698+00:00,2026-08-05T02:06:44.184729+00:00,2026-08-05T02:06:44.184729+00:00,,6,UNSAFE,entry_created_after_closing
2026-07-12,2,6,12:55:00,2026-08-05T02:06:40.608698+00:00,2026-08-05T02:06:42.50431+00:00,2026-08-05T02:06:42.50431+00:00,,6,UNSAFE,entry_created_after_closing
2026-07-12,2,7,13:26:00,2026-08-05T02:06:40.608698+00:00,2026-08-05T02:06:43.395035+00:00,2026-08-05T02:06:43.395035+00:00,,6,UNSAFE,entry_created_after_closing
2026-07-12,2,8,13:58:00,2026-08-05T02:06:40.608698+00:00,2026-08-05T02:06:43.395035+00:00,2026-08-05T02:06:43.395035+00:00,,6,UNSAFE,entry_created_after_closing
2026-07-12,2,9,14:33:00,2026-08-05T02:06:40.608698+00:00,2026-08-05T02:06:44.184729+00:00,2026-08-05T02:06:44.184729+00:00,,6,UNSAFE,entry_created_after_closing
2026-07-12,2,10,15:10:00,2026-08-05T02:06:43.395035+00:00,2026-08-05T02:06:44.184729+00:00,2026-08-05T02:06:44.184729+00:00,,6,UNSAFE,entry_created_after_closing
2026-07-12,2,11,15:48:00,2026-08-05T02:06:40.608698+00:00,2026-08-05T02:06:44.184729+00:00,2026-08-05T02:06:44.184729+00:00,,6,UNSAFE,entry_created_after_closing
2026-07-12,2,12,16:30:00,2026-08-05T02:06:40.608698+00:00,2026-08-05T02:06:44.184729+00:00,2026-08-05T02:06:44.184729+00:00,,6,UNSAFE,entry_created_after_closing
2026-07-12,3,1,11:14:00,2026-08-05T02:06:45.822654+00:00,2026-08-05T02:06:48.188607+00:00,2026-08-05T02:06:48.188607+00:00,,6,UNSAFE,entry_created_after_closing
2026-07-12,3,2,11:41:00,2026-08-05T02:06:45.822654+00:00,2026-08-05T02:06:48.188607+00:00,2026-08-05T02:06:48.188607+00:00,,6,UNSAFE,entry_created_after_closing
2026-07-12,3,3,12:08:00,2026-08-05T02:06:45.822654+00:00,2026-08-05T02:06:48.188607+00:00,2026-08-05T02:06:48.188607+00:00,,6,UNSAFE,entry_created_after_closing
2026-07-12,3,4,12:35:00,2026-08-05T02:06:45.822654+00:00,2026-08-05T02:06:48.188607+00:00,2026-08-05T02:06:48.188607+00:00,,6,UNSAFE,entry_created_after_closing
2026-07-12,3,5,13:02:00,2026-08-05T02:06:45.822654+00:00,2026-08-05T02:06:48.188607+00:00,2026-08-05T02:06:48.188607+00:00,,6,UNSAFE,entry_created_after_closing
2026-07-12,3,6,13:29:00,2026-08-05T02:06:45.822654+00:00,2026-08-05T02:06:48.188607+00:00,2026-08-05T02:06:48.188607+00:00,,6,UNSAFE,entry_created_after_closing
2026-07-12,3,7,13:56:00,2026-08-05T02:06:45.822654+00:00,2026-08-05T02:06:48.188607+00:00,2026-08-05T02:06:48.188607+00:00,,6,UNSAFE,entry_created_after_closing
2026-07-12,3,8,14:24:00,2026-08-05T02:06:45.822654+00:00,2026-08-05T02:06:48.188607+00:00,2026-08-05T02:06:48.188607+00:00,,6,UNSAFE,entry_created_after_closing
2026-07-12,3,9,14:52:00,2026-08-05T02:06:45.822654+00:00,2026-08-05T02:06:48.188607+00:00,2026-08-05T02:06:48.188607+00:00,,6,UNSAFE,entry_created_after_closing
2026-07-12,3,10,15:22:00,2026-08-05T02:06:45.822654+00:00,2026-08-05T02:06:47.317232+00:00,2026-08-05T02:06:47.317232+00:00,,6,UNSAFE,entry_created_after_closing
2026-07-12,3,11,15:53:00,2026-08-05T02:06:45.822654+00:00,2026-08-05T02:06:47.317232+00:00,2026-08-05T02:06:47.317232+00:00,,6,UNSAFE,entry_created_after_closing
2026-07-12,3,12,16:25:00,2026-08-05T02:06:45.822654+00:00,2026-08-05T02:06:48.188607+00:00,2026-08-05T02:06:48.188607+00:00,,6,UNSAFE,entry_created_after_closing
2026-07-12,4,1,11:55:00,2026-08-05T02:06:40.608698+00:00,2026-08-05T02:06:42.50431+00:00,2026-08-05T02:06:42.50431+00:00,,6,UNSAFE,entry_created_after_closing
2026-07-12,4,2,12:24:00,2026-08-05T02:06:40.608698+00:00,2026-08-05T02:06:42.50431+00:00,2026-08-05T02:06:42.50431+00:00,,6,UNSAFE,entry_created_after_closing
2026-07-12,4,3,12:54:00,2026-08-05T02:06:40.608698+00:00,2026-08-05T02:06:43.395035+00:00,2026-08-05T02:06:43.395035+00:00,,6,UNSAFE,entry_created_after_closing
2026-07-12,4,4,13:25:00,2026-08-05T02:06:40.608698+00:00,2026-08-05T02:06:42.50431+00:00,2026-08-05T02:06:42.50431+00:00,,6,UNSAFE,entry_created_after_closing
2026-07-12,4,5,13:55:00,2026-08-05T02:06:40.608698+00:00,2026-08-05T02:06:43.395035+00:00,2026-08-05T02:06:43.395035+00:00,,6,UNSAFE,entry_created_after_closing
2026-07-12,4,6,14:28:00,2026-08-05T02:06:40.608698+00:00,2026-08-05T02:06:44.184729+00:00,2026-08-05T02:06:44.184729+00:00,,6,UNSAFE,entry_created_after_closing
2026-07-12,4,7,15:00:00,2026-08-05T02:06:40.608698+00:00,2026-08-05T02:06:43.395035+00:00,2026-08-05T02:06:43.395035+00:00,,6,UNSAFE,entry_created_after_closing
2026-07-12,4,8,15:32:00,2026-08-05T02:06:40.608698+00:00,2026-08-05T02:06:43.395035+00:00,2026-08-05T02:06:43.395035+00:00,,6,UNSAFE,entry_created_after_closing
2026-07-12,4,9,16:05:00,2026-08-05T02:06:40.608698+00:00,2026-08-05T02:06:42.50431+00:00,2026-08-05T02:06:42.50431+00:00,,6,UNSAFE,entry_created_after_closing
2026-07-12,4,10,16:37:00,2026-08-05T02:06:40.608698+00:00,2026-08-05T02:06:42.50431+00:00,2026-08-05T02:06:42.50431+00:00,,6,UNSAFE,entry_created_after_closing
2026-07-12,4,11,17:08:00,2026-08-05T02:06:40.608698+00:00,2026-08-05T02:06:43.395035+00:00,2026-08-05T02:06:43.395035+00:00,,6,UNSAFE,entry_created_after_closing
2026-07-12,4,12,17:42:00,2026-08-05T02:06:40.608698+00:00,2026-08-05T02:06:43.395035+00:00,2026-08-05T02:06:43.395035+00:00,,6,UNSAFE,entry_created_after_closing
2026-07-12,5,1,11:35:00,2026-08-05T02:06:40.608698+00:00,2026-08-05T02:06:44.184729+00:00,2026-08-05T02:06:44.184729+00:00,,6,UNSAFE,entry_created_after_closing
2026-07-12,5,2,12:04:00,2026-08-05T02:06:40.608698+00:00,2026-08-05T02:06:44.184729+00:00,2026-08-05T02:06:44.184729+00:00,,6,UNSAFE,entry_created_after_closing
2026-07-12,5,3,12:34:00,2026-08-05T02:06:40.608698+00:00,2026-08-05T02:06:43.395035+00:00,2026-08-05T02:06:43.395035+00:00,,6,UNSAFE,entry_created_after_closing
2026-07-12,5,4,13:03:00,2026-08-05T02:06:40.608698+00:00,2026-08-05T02:06:43.395035+00:00,2026-08-05T02:06:43.395035+00:00,,6,UNSAFE,entry_created_after_closing
2026-07-12,5,5,13:36:00,2026-08-05T02:06:40.608698+00:00,2026-08-05T02:06:42.50431+00:00,2026-08-05T02:06:42.50431+00:00,,6,UNSAFE,entry_created_after_closing
2026-07-12,5,6,14:04:00,2026-08-05T02:06:40.608698+00:00,2026-08-05T02:06:42.50431+00:00,2026-08-05T02:06:42.50431+00:00,,6,UNSAFE,entry_created_after_closing
2026-07-12,5,7,14:35:00,2026-08-05T02:06:40.608698+00:00,2026-08-05T02:06:42.50431+00:00,2026-08-05T02:06:42.50431+00:00,,6,UNSAFE,entry_created_after_closing
2026-07-12,5,8,15:07:00,2026-08-05T02:06:40.608698+00:00,2026-08-05T02:06:42.50431+00:00,2026-08-05T02:06:42.50431+00:00,,6,UNSAFE,entry_created_after_closing
2026-07-12,5,9,15:42:00,2026-08-05T02:06:40.608698+00:00,2026-08-05T02:06:44.184729+00:00,2026-08-05T02:06:44.184729+00:00,,6,UNSAFE,entry_created_after_closing
2026-07-12,5,10,16:12:00,2026-08-05T02:06:40.608698+00:00,2026-08-05T02:06:42.50431+00:00,2026-08-05T02:06:42.50431+00:00,,6,UNSAFE,entry_created_after_closing
2026-07-12,5,11,16:48:00,2026-08-05T02:06:40.608698+00:00,2026-08-05T02:06:42.50431+00:00,2026-08-05T02:06:42.50431+00:00,,6,UNSAFE,entry_created_after_closing
2026-07-12,5,12,17:20:00,2026-08-05T02:06:40.608698+00:00,2026-08-05T02:06:44.184729+00:00,2026-08-05T02:06:44.184729+00:00,,6,UNSAFE,entry_created_after_closing
2026-07-12,6,1,11:32:00,2026-08-05T02:06:40.608698+00:00,2026-08-05T02:06:42.50431+00:00,2026-08-05T02:06:42.50431+00:00,,6,UNSAFE,entry_created_after_closing
2026-07-12,6,2,11:58:00,2026-08-05T02:06:40.608698+00:00,2026-08-05T02:06:42.50431+00:00,2026-08-05T02:06:42.50431+00:00,,6,UNSAFE,entry_created_after_closing
2026-07-12,6,3,12:23:00,2026-08-05T02:06:40.608698+00:00,2026-08-05T02:06:42.50431+00:00,2026-08-05T02:06:42.50431+00:00,,6,UNSAFE,entry_created_after_closing
2026-07-12,6,4,12:49:00,2026-08-05T02:06:40.608698+00:00,2026-08-05T02:06:43.395035+00:00,2026-08-05T02:06:43.395035+00:00,,6,UNSAFE,entry_created_after_closing
2026-07-12,6,5,13:18:00,2026-08-05T02:06:40.608698+00:00,2026-08-05T02:06:44.184729+00:00,2026-08-05T02:06:44.184729+00:00,,6,UNSAFE,entry_created_after_closing
2026-07-12,6,6,13:51:00,2026-08-05T02:06:40.608698+00:00,2026-08-05T02:06:42.50431+00:00,2026-08-05T02:06:42.50431+00:00,,6,UNSAFE,entry_created_after_closing
2026-07-12,6,7,14:22:00,2026-08-05T02:06:40.608698+00:00,2026-08-05T02:06:42.50431+00:00,2026-08-05T02:06:42.50431+00:00,,6,UNSAFE,entry_created_after_closing
2026-07-12,6,8,14:56:00,2026-08-05T02:06:40.608698+00:00,2026-08-05T02:06:42.50431+00:00,2026-08-05T02:06:42.50431+00:00,,6,UNSAFE,entry_created_after_closing
2026-07-12,6,9,15:37:00,2026-08-05T02:06:40.608698+00:00,2026-08-05T02:06:44.184729+00:00,2026-08-05T02:06:44.184729+00:00,,6,UNSAFE,entry_created_after_closing
2026-07-12,6,10,16:08:00,2026-08-05T02:06:40.608698+00:00,2026-08-05T02:06:43.395035+00:00,2026-08-05T02:06:43.395035+00:00,,6,UNSAFE,entry_created_after_closing
2026-07-12,6,11,16:35:00,2026-08-05T02:06:40.608698+00:00,2026-08-05T02:06:43.395035+00:00,2026-08-05T02:06:43.395035+00:00,,6,UNSAFE,entry_created_after_closing
2026-07-12,6,12,17:06:00,2026-08-05T02:06:40.608698+00:00,2026-08-05T02:06:44.184729+00:00,2026-08-05T02:06:44.184729+00:00,,6,UNSAFE,entry_created_after_closing
2026-07-12,8,1,10:36:00,2026-08-05T02:06:45.822654+00:00,2026-08-05T02:06:48.188607+00:00,2026-08-05T02:06:48.188607+00:00,,6,UNSAFE,entry_created_after_closing
2026-07-12,8,2,11:06:00,2026-08-05T02:06:45.822654+00:00,2026-08-05T02:06:48.188607+00:00,2026-08-05T02:06:48.188607+00:00,,6,UNSAFE,entry_created_after_closing
2026-07-12,8,3,11:34:00,2026-08-05T02:06:45.822654+00:00,2026-08-05T02:06:48.188607+00:00,2026-08-05T02:06:48.188607+00:00,,6,UNSAFE,entry_created_after_closing
2026-07-12,8,4,12:02:00,2026-08-05T02:06:45.822654+00:00,2026-08-05T02:06:48.188607+00:00,2026-08-05T02:06:48.188607+00:00,,6,UNSAFE,entry_created_after_closing
2026-07-12,8,5,12:30:00,2026-08-05T02:06:46.575712+00:00,2026-08-05T02:06:48.188607+00:00,2026-08-05T02:06:48.188607+00:00,,6,UNSAFE,entry_created_after_closing
2026-07-12,8,6,13:00:00,2026-08-05T02:06:45.822654+00:00,2026-08-05T02:06:48.188607+00:00,2026-08-05T02:06:48.188607+00:00,,6,UNSAFE,entry_created_after_closing
2026-07-12,8,7,13:32:00,2026-08-05T02:06:45.822654+00:00,2026-08-05T02:06:48.188607+00:00,2026-08-05T02:06:48.188607+00:00,,6,UNSAFE,entry_created_after_closing
2026-07-12,8,8,14:02:00,2026-08-05T02:06:45.822654+00:00,2026-08-05T02:06:48.188607+00:00,2026-08-05T02:06:48.188607+00:00,,6,UNSAFE,entry_created_after_closing
2026-07-12,8,9,14:38:00,2026-08-05T02:06:45.822654+00:00,2026-08-05T02:06:48.188607+00:00,2026-08-05T02:06:48.188607+00:00,,6,UNSAFE,entry_created_after_closing
2026-07-12,8,10,15:04:00,2026-08-05T02:06:45.822654+00:00,2026-08-05T02:06:48.188607+00:00,2026-08-05T02:06:48.188607+00:00,,6,UNSAFE,entry_created_after_closing
2026-07-12,8,11,15:35:00,2026-08-05T02:06:45.822654+00:00,2026-08-05T02:06:48.188607+00:00,2026-08-05T02:06:48.188607+00:00,,6,UNSAFE,entry_created_after_closing
2026-07-12,8,12,16:20:00,2026-08-05T02:06:45.822654+00:00,2026-08-05T02:06:48.188607+00:00,2026-08-05T02:06:48.188607+00:00,,6,UNSAFE,entry_created_after_closing
2026-07-12,9,1,10:40:00,2026-08-05T02:06:40.608698+00:00,2026-08-05T02:06:42.50431+00:00,2026-08-05T02:06:42.50431+00:00,,6,UNSAFE,entry_created_after_closing
2026-07-12,9,2,11:08:00,2026-08-05T02:06:40.608698+00:00,2026-08-05T02:06:42.50431+00:00,2026-08-05T02:06:42.50431+00:00,,6,UNSAFE,entry_created_after_closing
2026-07-12,9,3,11:36:00,2026-08-05T02:06:40.608698+00:00,2026-08-05T02:06:42.50431+00:00,2026-08-05T02:06:42.50431+00:00,,6,UNSAFE,entry_created_after_closing
2026-07-12,9,4,12:05:00,2026-08-05T02:06:40.608698+00:00,2026-08-05T02:06:42.50431+00:00,2026-08-05T02:06:42.50431+00:00,,6,UNSAFE,entry_created_after_closing
2026-07-12,9,5,12:36:00,2026-08-05T02:06:40.608698+00:00,2026-08-05T02:06:42.50431+00:00,2026-08-05T02:06:42.50431+00:00,,6,UNSAFE,entry_created_after_closing
2026-07-12,9,6,13:07:00,2026-08-05T02:06:40.608698+00:00,2026-08-05T02:06:42.50431+00:00,2026-08-05T02:06:42.50431+00:00,,6,UNSAFE,entry_created_after_closing
2026-07-12,9,7,13:38:00,2026-08-05T02:06:40.608698+00:00,2026-08-05T02:06:42.50431+00:00,2026-08-05T02:06:42.50431+00:00,,6,UNSAFE,entry_created_after_closing
2026-07-12,9,8,14:09:00,2026-08-05T02:06:40.608698+00:00,2026-08-05T02:06:44.184729+00:00,2026-08-05T02:06:44.184729+00:00,,6,UNSAFE,entry_created_after_closing
2026-07-12,9,9,14:42:00,2026-08-05T02:06:40.608698+00:00,2026-08-05T02:06:44.184729+00:00,2026-08-05T02:06:44.184729+00:00,,6,UNSAFE,entry_created_after_closing
2026-07-12,9,10,15:15:00,2026-08-05T02:06:40.608698+00:00,2026-08-05T02:06:44.184729+00:00,2026-08-05T02:06:44.184729+00:00,,6,UNSAFE,entry_created_after_closing
2026-07-12,9,11,15:45:00,2026-08-05T02:06:40.608698+00:00,2026-08-05T02:06:43.395035+00:00,2026-08-05T02:06:43.395035+00:00,,6,UNSAFE,entry_created_after_closing
2026-07-12,9,12,16:25:00,2026-08-05T02:06:40.608698+00:00,2026-08-05T02:06:42.50431+00:00,2026-08-05T02:06:42.50431+00:00,,6,UNSAFE,entry_created_after_closing
2026-07-12,10,1,08:32:00,2026-08-05T02:06:40.608698+00:00,2026-08-05T02:06:43.395035+00:00,2026-08-05T02:06:43.395035+00:00,,6,UNSAFE,entry_created_after_closing
2026-07-12,10,2,08:58:00,2026-08-05T02:06:40.608698+00:00,2026-08-05T02:06:42.50431+00:00,2026-08-05T02:06:42.50431+00:00,,6,UNSAFE,entry_created_after_closing
2026-07-12,10,3,09:24:00,2026-08-05T02:06:40.608698+00:00,2026-08-05T02:06:42.50431+00:00,2026-08-05T02:06:42.50431+00:00,,6,UNSAFE,entry_created_after_closing
2026-07-12,10,4,09:50:00,2026-08-05T02:06:40.608698+00:00,2026-08-05T02:06:42.50431+00:00,2026-08-05T02:06:42.50431+00:00,,6,UNSAFE,entry_created_after_closing
2026-07-12,10,5,10:16:00,2026-08-05T02:06:40.608698+00:00,2026-08-05T02:06:42.50431+00:00,2026-08-05T02:06:42.50431+00:00,,6,UNSAFE,entry_created_after_closing
2026-07-12,10,6,10:44:00,2026-08-05T02:06:40.608698+00:00,2026-08-05T02:06:42.50431+00:00,2026-08-05T02:06:42.50431+00:00,,6,UNSAFE,entry_created_after_closing
2026-07-12,10,7,11:17:00,2026-08-05T02:06:40.608698+00:00,2026-08-05T02:06:44.94893+00:00,2026-08-05T02:06:44.94893+00:00,,6,UNSAFE,entry_created_after_closing
2026-07-12,10,8,11:45:00,2026-08-05T02:06:40.608698+00:00,2026-08-05T02:06:44.184729+00:00,2026-08-05T02:06:44.184729+00:00,,6,UNSAFE,entry_created_after_closing
2026-07-12,10,9,12:14:00,2026-08-05T02:06:40.608698+00:00,2026-08-05T02:06:42.50431+00:00,2026-08-05T02:06:42.50431+00:00,,6,UNSAFE,entry_created_after_closing
2026-07-12,10,10,12:46:00,2026-08-05T02:06:40.608698+00:00,2026-08-05T02:06:42.50431+00:00,2026-08-05T02:06:42.50431+00:00,,6,UNSAFE,entry_created_after_closing
2026-07-12,10,11,13:20:00,2026-08-05T02:06:40.608698+00:00,2026-08-05T02:06:44.184729+00:00,2026-08-05T02:06:44.184729+00:00,,6,UNSAFE,entry_created_after_closing
2026-07-12,10,12,14:00:00,2026-08-05T02:06:40.608698+00:00,2026-08-05T02:06:42.50431+00:00,2026-08-05T02:06:42.50431+00:00,,6,UNSAFE,entry_created_after_closing
2026-07-12,11,1,10:38:00,2026-08-05T02:06:40.608698+00:00,2026-08-05T02:06:42.50431+00:00,2026-08-05T02:06:42.50431+00:00,,6,UNSAFE,entry_created_after_closing
2026-07-12,11,2,11:10:00,2026-08-05T02:06:40.608698+00:00,2026-08-05T02:06:43.395035+00:00,2026-08-05T02:06:43.395035+00:00,,6,UNSAFE,entry_created_after_closing
2026-07-12,11,3,11:38:00,2026-08-05T02:06:40.608698+00:00,2026-08-05T02:06:43.395035+00:00,2026-08-05T02:06:43.395035+00:00,,6,UNSAFE,entry_created_after_closing
2026-07-12,11,4,12:07:00,2026-08-05T02:06:40.608698+00:00,2026-08-05T02:06:44.184729+00:00,2026-08-05T02:06:44.184729+00:00,,6,UNSAFE,entry_created_after_closing
2026-07-12,11,5,12:40:00,2026-08-05T02:06:40.608698+00:00,2026-08-05T02:06:42.50431+00:00,2026-08-05T02:06:42.50431+00:00,,6,UNSAFE,entry_created_after_closing
2026-07-12,11,6,13:13:00,2026-08-05T02:06:40.608698+00:00,2026-08-05T02:06:43.395035+00:00,2026-08-05T02:06:43.395035+00:00,,6,UNSAFE,entry_created_after_closing
2026-07-12,11,7,13:45:00,2026-08-05T02:06:40.608698+00:00,2026-08-05T02:06:44.184729+00:00,2026-08-05T02:06:44.184729+00:00,,6,UNSAFE,entry_created_after_closing
2026-07-12,11,8,14:18:00,2026-08-05T02:06:40.608698+00:00,2026-08-05T02:06:44.184729+00:00,2026-08-05T02:06:44.184729+00:00,,6,UNSAFE,entry_created_after_closing
2026-07-12,11,9,14:51:00,2026-08-05T02:06:40.608698+00:00,2026-08-05T02:06:44.184729+00:00,2026-08-05T02:06:44.184729+00:00,,6,UNSAFE,entry_created_after_closing
2026-07-12,11,10,15:28:00,2026-08-05T02:06:40.608698+00:00,2026-08-05T02:06:43.395035+00:00,2026-08-05T02:06:43.395035+00:00,,6,UNSAFE,entry_created_after_closing
2026-07-12,11,11,16:01:00,2026-08-05T02:06:40.608698+00:00,2026-08-05T02:06:42.50431+00:00,2026-08-05T02:06:42.50431+00:00,,6,UNSAFE,entry_created_after_closing
2026-07-12,11,12,16:38:00,2026-08-05T02:06:40.608698+00:00,2026-08-05T02:06:42.50431+00:00,2026-08-05T02:06:42.50431+00:00,,6,UNSAFE,entry_created_after_closing
2026-07-12,14,1,08:46:00,2026-08-05T02:06:40.608698+00:00,2026-08-05T02:06:42.50431+00:00,2026-08-05T02:06:42.50431+00:00,,6,UNSAFE,entry_created_after_closing
2026-07-12,14,2,09:12:00,2026-08-05T02:06:40.608698+00:00,2026-08-05T02:06:42.50431+00:00,2026-08-05T02:06:42.50431+00:00,,6,UNSAFE,entry_created_after_closing
2026-07-12,14,3,09:38:00,2026-08-05T02:06:40.608698+00:00,2026-08-05T02:06:42.50431+00:00,2026-08-05T02:06:42.50431+00:00,,6,UNSAFE,entry_created_after_closing
2026-07-12,14,4,10:04:00,2026-08-05T02:06:40.608698+00:00,2026-08-05T02:06:42.50431+00:00,2026-08-05T02:06:42.50431+00:00,,6,UNSAFE,entry_created_after_closing
2026-07-12,14,5,10:30:00,2026-08-05T02:06:40.608698+00:00,2026-08-05T02:06:44.184729+00:00,2026-08-05T02:06:44.184729+00:00,,6,UNSAFE,entry_created_after_closing
2026-07-12,14,6,11:02:00,2026-08-05T02:06:40.608698+00:00,2026-08-05T02:06:42.50431+00:00,2026-08-05T02:06:42.50431+00:00,,6,UNSAFE,entry_created_after_closing
2026-07-12,14,7,11:31:00,2026-08-05T02:06:40.608698+00:00,2026-08-05T02:06:42.50431+00:00,2026-08-05T02:06:42.50431+00:00,,6,UNSAFE,entry_created_after_closing
2026-07-12,14,8,12:00:00,2026-08-05T02:06:40.608698+00:00,2026-08-05T02:06:42.50431+00:00,2026-08-05T02:06:42.50431+00:00,,6,UNSAFE,entry_created_after_closing
2026-07-12,14,9,12:38:00,2026-08-05T02:06:40.608698+00:00,2026-08-05T02:06:44.184729+00:00,2026-08-05T02:06:44.184729+00:00,,6,UNSAFE,entry_created_after_closing
2026-07-12,14,10,13:09:00,2026-08-05T02:06:40.608698+00:00,2026-08-05T02:06:44.184729+00:00,2026-08-05T02:06:44.184729+00:00,,6,UNSAFE,entry_created_after_closing
2026-07-12,14,11,13:40:00,2026-08-05T02:06:40.608698+00:00,2026-08-05T02:06:44.184729+00:00,2026-08-05T02:06:44.184729+00:00,,6,UNSAFE,entry_created_after_closing
2026-07-12,14,12,14:13:00,2026-08-05T02:06:40.608698+00:00,2026-08-05T02:06:43.395035+00:00,2026-08-05T02:06:43.395035+00:00,,6,UNSAFE,entry_created_after_closing
2026-07-12,15,1,15:23:00,2026-08-05T02:06:40.608698+00:00,2026-08-05T02:06:43.395035+00:00,2026-08-05T02:06:43.395035+00:00,,6,UNSAFE,entry_created_after_closing
2026-07-12,15,2,15:55:00,2026-08-05T02:06:40.608698+00:00,2026-08-05T02:06:43.395035+00:00,2026-08-05T02:06:43.395035+00:00,,6,UNSAFE,entry_created_after_closing
2026-07-12,15,3,16:23:00,2026-08-05T02:06:40.608698+00:00,2026-08-05T02:06:43.395035+00:00,2026-08-05T02:06:43.395035+00:00,,6,UNSAFE,entry_created_after_closing
2026-07-12,15,4,17:01:00,2026-08-05T02:06:40.608698+00:00,2026-08-05T02:06:40.608698+00:00,2026-08-05T02:06:40.608698+00:00,,6,UNSAFE,entry_created_after_closing
2026-07-12,15,5,17:27:00,2026-08-05T02:06:40.608698+00:00,2026-08-05T02:06:43.395035+00:00,2026-08-05T02:06:43.395035+00:00,,6,UNSAFE,entry_created_after_closing
2026-07-12,15,6,17:53:00,2026-08-05T02:06:40.608698+00:00,2026-08-05T02:06:40.608698+00:00,2026-08-05T02:06:40.608698+00:00,,6,UNSAFE,entry_created_after_closing
2026-07-12,15,7,18:18:00,2026-08-05T02:06:40.608698+00:00,2026-08-05T02:06:40.608698+00:00,2026-08-05T02:06:40.608698+00:00,,6,UNSAFE,entry_created_after_closing
2026-07-12,15,8,18:44:00,2026-08-05T02:06:40.608698+00:00,2026-08-05T02:06:40.608698+00:00,2026-08-05T02:06:40.608698+00:00,,6,UNSAFE,entry_created_after_closing
2026-07-12,15,9,19:13:00,2026-08-05T02:06:40.608698+00:00,2026-08-05T02:06:43.395035+00:00,2026-08-05T02:06:43.395035+00:00,,6,UNSAFE,entry_created_after_closing
2026-07-12,15,10,19:40:00,2026-08-05T02:06:40.608698+00:00,2026-08-05T02:06:40.608698+00:00,2026-08-05T02:06:40.608698+00:00,,6,UNSAFE,entry_created_after_closing
2026-07-12,15,11,20:06:00,2026-08-05T02:06:40.608698+00:00,2026-08-05T02:06:43.395035+00:00,2026-08-05T02:06:43.395035+00:00,,6,UNSAFE,entry_created_after_closing
2026-07-12,15,12,20:35:00,2026-08-05T02:06:40.608698+00:00,2026-08-05T02:06:43.395035+00:00,2026-08-05T02:06:43.395035+00:00,,6,UNSAFE,entry_created_after_closing
2026-07-12,16,1,11:52:00,2026-08-05T02:06:45.822654+00:00,2026-08-05T02:06:48.188607+00:00,2026-08-05T02:06:48.188607+00:00,,6,UNSAFE,entry_created_after_closing
2026-07-12,16,2,12:21:00,2026-08-05T02:06:45.822654+00:00,2026-08-05T02:06:48.188607+00:00,2026-08-05T02:06:48.188607+00:00,,6,UNSAFE,entry_created_after_closing
2026-07-12,16,3,12:53:00,2026-08-05T02:06:45.822654+00:00,2026-08-05T02:06:48.188607+00:00,2026-08-05T02:06:48.188607+00:00,,6,UNSAFE,entry_created_after_closing
2026-07-12,16,4,13:30:00,2026-08-05T02:06:45.822654+00:00,2026-08-05T02:06:48.188607+00:00,2026-08-05T02:06:48.188607+00:00,,6,UNSAFE,entry_created_after_closing
2026-07-12,16,5,14:07:00,2026-08-05T02:06:46.575712+00:00,2026-08-05T02:06:48.188607+00:00,2026-08-05T02:06:48.188607+00:00,,6,UNSAFE,entry_created_after_closing
2026-07-12,16,6,14:40:00,2026-08-05T02:06:45.822654+00:00,2026-08-05T02:06:48.188607+00:00,2026-08-05T02:06:48.188607+00:00,,6,UNSAFE,entry_created_after_closing
2026-07-12,16,7,15:13:00,2026-08-05T02:06:45.822654+00:00,2026-08-05T02:06:48.188607+00:00,2026-08-05T02:06:48.188607+00:00,,6,UNSAFE,entry_created_after_closing
2026-07-12,16,8,15:40:00,2026-08-05T02:06:45.822654+00:00,2026-08-05T02:06:48.188607+00:00,2026-08-05T02:06:48.188607+00:00,,6,UNSAFE,entry_created_after_closing
2026-07-12,16,9,16:16:00,2026-08-05T02:06:45.822654+00:00,2026-08-05T02:06:48.188607+00:00,2026-08-05T02:06:48.188607+00:00,,6,UNSAFE,entry_created_after_closing
2026-07-12,16,10,16:46:00,2026-08-05T02:06:45.822654+00:00,2026-08-05T02:06:48.188607+00:00,2026-08-05T02:06:48.188607+00:00,,6,UNSAFE,entry_created_after_closing
2026-07-12,16,11,17:18:00,2026-08-05T02:06:45.822654+00:00,2026-08-05T02:06:48.188607+00:00,2026-08-05T02:06:48.188607+00:00,,6,UNSAFE,entry_created_after_closing
2026-07-12,16,12,17:50:00,2026-08-05T02:06:45.822654+00:00,2026-08-05T02:06:48.188607+00:00,2026-08-05T02:06:48.188607+00:00,,6,UNSAFE,entry_created_after_closing
2026-07-12,19,1,17:41:00,2026-08-05T02:06:40.608698+00:00,2026-08-05T02:06:42.50431+00:00,2026-08-05T02:06:42.50431+00:00,,6,UNSAFE,entry_created_after_closing
2026-07-12,19,2,18:08:00,2026-08-05T02:06:40.608698+00:00,2026-08-05T02:06:42.50431+00:00,2026-08-05T02:06:42.50431+00:00,,6,UNSAFE,entry_created_after_closing
2026-07-12,19,3,18:34:00,2026-08-05T02:06:40.608698+00:00,2026-08-05T02:06:42.50431+00:00,2026-08-05T02:06:42.50431+00:00,,6,UNSAFE,entry_created_after_closing
2026-07-12,19,4,19:03:00,2026-08-05T02:06:40.608698+00:00,2026-08-05T02:06:42.50431+00:00,2026-08-05T02:06:42.50431+00:00,,6,UNSAFE,entry_created_after_closing
2026-07-12,19,5,19:30:00,2026-08-05T02:06:40.608698+00:00,2026-08-05T02:06:42.50431+00:00,2026-08-05T02:06:42.50431+00:00,,6,UNSAFE,entry_created_after_closing
2026-07-12,19,6,19:56:00,2026-08-05T02:06:40.608698+00:00,2026-08-05T02:06:44.184729+00:00,2026-08-05T02:06:44.184729+00:00,,6,UNSAFE,entry_created_after_closing
2026-07-12,19,7,20:25:00,2026-08-05T02:06:40.608698+00:00,2026-08-05T02:06:42.50431+00:00,2026-08-05T02:06:42.50431+00:00,,6,UNSAFE,entry_created_after_closing
2026-07-12,19,8,20:56:00,2026-08-05T02:06:40.608698+00:00,2026-08-05T02:06:42.50431+00:00,2026-08-05T02:06:42.50431+00:00,,6,UNSAFE,entry_created_after_closing
2026-07-12,19,9,21:19:00,2026-08-05T02:06:40.608698+00:00,2026-08-05T02:06:42.50431+00:00,2026-08-05T02:06:42.50431+00:00,,6,UNSAFE,entry_created_after_closing
2026-07-12,19,10,21:42:00,2026-08-05T02:06:40.608698+00:00,2026-08-05T02:06:42.50431+00:00,2026-08-05T02:06:42.50431+00:00,,6,UNSAFE,entry_created_after_closing
2026-07-12,19,11,22:05:00,2026-08-05T02:06:40.608698+00:00,2026-08-05T02:06:42.50431+00:00,2026-08-05T02:06:42.50431+00:00,,6,UNSAFE,entry_created_after_closing
2026-07-12,19,12,22:30:00,2026-08-05T02:06:40.608698+00:00,2026-08-05T02:06:42.50431+00:00,2026-08-05T02:06:42.50431+00:00,,6,UNSAFE,entry_created_after_closing
2026-07-12,20,1,15:27:00,2026-08-05T02:06:40.608698+00:00,2026-08-05T02:06:42.50431+00:00,2026-08-05T02:06:42.50431+00:00,,6,UNSAFE,entry_created_after_closing
2026-07-12,20,2,15:59:00,2026-08-05T02:06:40.608698+00:00,2026-08-05T02:06:44.184729+00:00,2026-08-05T02:06:44.184729+00:00,,6,UNSAFE,entry_created_after_closing
2026-07-12,20,3,16:40:00,2026-08-05T02:06:41.526148+00:00,2026-08-05T02:06:42.50431+00:00,2026-08-05T02:06:42.50431+00:00,,6,UNSAFE,entry_created_after_closing
2026-07-12,20,4,17:11:00,2026-08-05T02:06:41.526148+00:00,2026-08-05T02:06:44.184729+00:00,2026-08-05T02:06:44.184729+00:00,,6,UNSAFE,entry_created_after_closing
2026-07-12,20,5,17:36:00,2026-08-05T02:06:41.526148+00:00,2026-08-05T02:06:43.395035+00:00,2026-08-05T02:06:43.395035+00:00,,6,UNSAFE,entry_created_after_closing
2026-07-12,20,6,18:03:00,2026-08-05T02:06:41.526148+00:00,2026-08-05T02:06:42.50431+00:00,2026-08-05T02:06:42.50431+00:00,,6,UNSAFE,entry_created_after_closing
2026-07-12,20,7,18:28:00,2026-08-05T02:06:41.526148+00:00,2026-08-05T02:06:43.395035+00:00,2026-08-05T02:06:43.395035+00:00,,6,UNSAFE,entry_created_after_closing
2026-07-12,20,8,18:54:00,2026-08-05T02:06:41.526148+00:00,2026-08-05T02:06:43.395035+00:00,2026-08-05T02:06:43.395035+00:00,,6,UNSAFE,entry_created_after_closing
2026-07-12,20,9,19:23:00,2026-08-05T02:06:41.526148+00:00,2026-08-05T02:06:44.184729+00:00,2026-08-05T02:06:44.184729+00:00,,6,UNSAFE,entry_created_after_closing
2026-07-12,20,10,19:50:00,2026-08-05T02:06:41.526148+00:00,2026-08-05T02:06:42.50431+00:00,2026-08-05T02:06:42.50431+00:00,,6,UNSAFE,entry_created_after_closing
2026-07-12,20,11,20:16:00,2026-08-05T02:06:41.526148+00:00,2026-08-05T02:06:42.50431+00:00,2026-08-05T02:06:42.50431+00:00,,6,UNSAFE,entry_created_after_closing
2026-07-12,20,12,20:45:00,2026-08-05T02:06:40.608698+00:00,2026-08-05T02:06:44.184729+00:00,2026-08-05T02:06:44.184729+00:00,,6,UNSAFE,entry_created_after_closing
2026-07-12,22,1,12:17:00,2026-08-05T02:06:40.608698+00:00,2026-08-05T02:06:43.395035+00:00,2026-08-05T02:06:43.395035+00:00,,6,UNSAFE,entry_created_after_closing
2026-07-12,22,2,12:44:00,2026-08-05T02:06:40.608698+00:00,2026-08-05T02:06:43.395035+00:00,2026-08-05T02:06:43.395035+00:00,,6,UNSAFE,entry_created_after_closing
2026-07-12,22,3,13:16:00,2026-08-05T02:06:40.608698+00:00,2026-08-05T02:06:42.50431+00:00,2026-08-05T02:06:42.50431+00:00,,6,UNSAFE,entry_created_after_closing
2026-07-12,22,4,13:43:00,2026-08-05T02:06:40.608698+00:00,2026-08-05T02:06:42.50431+00:00,2026-08-05T02:06:42.50431+00:00,,6,UNSAFE,entry_created_after_closing
2026-07-12,22,5,14:16:00,2026-08-05T02:06:40.608698+00:00,2026-08-05T02:06:42.50431+00:00,2026-08-05T02:06:42.50431+00:00,,6,UNSAFE,entry_created_after_closing
2026-07-12,22,6,14:47:00,2026-08-05T02:06:40.608698+00:00,2026-08-05T02:06:43.395035+00:00,2026-08-05T02:06:43.395035+00:00,,6,UNSAFE,entry_created_after_closing
2026-07-12,22,7,15:19:00,2026-08-05T02:06:40.608698+00:00,2026-08-05T02:06:43.395035+00:00,2026-08-05T02:06:43.395035+00:00,,6,UNSAFE,entry_created_after_closing
2026-07-12,22,8,15:51:00,2026-08-05T02:06:40.608698+00:00,2026-08-05T02:06:42.50431+00:00,2026-08-05T02:06:42.50431+00:00,,6,UNSAFE,entry_created_after_closing
2026-07-12,22,9,16:18:00,2026-08-05T02:06:40.608698+00:00,2026-08-05T02:06:42.50431+00:00,2026-08-05T02:06:42.50431+00:00,,6,UNSAFE,entry_created_after_closing
2026-07-12,22,10,16:55:00,2026-08-05T02:06:40.608698+00:00,2026-08-05T02:06:43.395035+00:00,2026-08-05T02:06:43.395035+00:00,,6,UNSAFE,entry_created_after_closing
2026-07-12,22,11,17:24:00,2026-08-05T02:06:40.608698+00:00,2026-08-05T02:06:43.395035+00:00,2026-08-05T02:06:43.395035+00:00,,6,UNSAFE,entry_created_after_closing
2026-07-12,22,12,18:00:00,2026-08-05T02:06:40.608698+00:00,2026-08-05T02:06:44.94893+00:00,2026-08-05T02:06:44.94893+00:00,,6,UNSAFE,entry_created_after_closing
2026-07-12,23,1,08:39:00,2026-08-05T02:06:40.608698+00:00,2026-08-05T02:06:40.608698+00:00,2026-08-05T02:06:40.608698+00:00,,6,UNSAFE,entry_created_after_closing
2026-07-12,23,2,09:05:00,2026-08-05T02:06:40.608698+00:00,2026-08-05T02:06:43.395035+00:00,2026-08-05T02:06:43.395035+00:00,,6,UNSAFE,entry_created_after_closing
2026-07-12,23,3,09:31:00,2026-08-05T02:06:40.608698+00:00,2026-08-05T02:06:43.395035+00:00,2026-08-05T02:06:43.395035+00:00,,6,UNSAFE,entry_created_after_closing
2026-07-12,23,4,09:57:00,2026-08-05T02:06:40.608698+00:00,2026-08-05T02:06:40.608698+00:00,2026-08-05T02:06:40.608698+00:00,,6,UNSAFE,entry_created_after_closing
2026-07-12,23,5,10:23:00,2026-08-05T02:06:40.608698+00:00,2026-08-05T02:06:40.608698+00:00,2026-08-05T02:06:40.608698+00:00,,6,UNSAFE,entry_created_after_closing
2026-07-12,23,6,10:52:00,2026-08-05T02:06:40.608698+00:00,2026-08-05T02:06:43.395035+00:00,2026-08-05T02:06:43.395035+00:00,,6,UNSAFE,entry_created_after_closing
2026-07-12,23,7,11:20:00,2026-08-05T02:06:41.526148+00:00,2026-08-05T02:06:43.395035+00:00,2026-08-05T02:06:43.395035+00:00,,6,UNSAFE,entry_created_after_closing
2026-07-12,23,8,11:49:00,2026-08-05T02:06:41.526148+00:00,2026-08-05T02:06:43.395035+00:00,2026-08-05T02:06:43.395035+00:00,,6,UNSAFE,entry_created_after_closing
2026-07-12,23,9,12:19:00,2026-08-05T02:06:41.526148+00:00,2026-08-05T02:06:41.526148+00:00,2026-08-05T02:06:41.526148+00:00,,6,UNSAFE,entry_created_after_closing
2026-07-12,23,10,12:51:00,2026-08-05T02:06:41.526148+00:00,2026-08-05T02:06:41.526148+00:00,2026-08-05T02:06:41.526148+00:00,,6,UNSAFE,entry_created_after_closing
2026-07-12,23,11,13:23:00,2026-08-05T02:06:41.526148+00:00,2026-08-05T02:06:41.526148+00:00,2026-08-05T02:06:41.526148+00:00,,6,UNSAFE,entry_created_after_closing
2026-07-12,23,12,14:05:00,2026-08-05T02:06:41.526148+00:00,2026-08-05T02:06:41.526148+00:00,2026-08-05T02:06:41.526148+00:00,,6,UNSAFE,entry_created_after_closing
2026-07-13,3,1,11:14:00,2026-08-05T02:07:43.440604+00:00,2026-08-05T02:07:47.898904+00:00,2026-08-05T02:07:47.898904+00:00,,6,UNSAFE,entry_created_after_closing
2026-07-13,3,2,11:41:00,2026-08-05T02:07:43.440604+00:00,2026-08-05T02:07:46.778838+00:00,2026-08-05T02:07:46.778838+00:00,,6,UNSAFE,entry_created_after_closing
2026-07-13,3,3,12:08:00,2026-08-05T02:07:43.440604+00:00,2026-08-05T02:07:45.733086+00:00,2026-08-05T02:07:45.733086+00:00,,6,UNSAFE,entry_created_after_closing
2026-07-13,3,4,12:35:00,2026-08-05T02:07:43.440604+00:00,2026-08-05T02:07:45.733086+00:00,2026-08-05T02:07:45.733086+00:00,,6,UNSAFE,entry_created_after_closing
2026-07-13,3,5,13:02:00,2026-08-05T02:07:43.440604+00:00,2026-08-05T02:07:45.733086+00:00,2026-08-05T02:07:45.733086+00:00,,6,UNSAFE,entry_created_after_closing
2026-07-13,3,6,13:29:00,2026-08-05T02:07:43.440604+00:00,2026-08-05T02:07:45.733086+00:00,2026-08-05T02:07:45.733086+00:00,,6,UNSAFE,entry_created_after_closing
2026-07-13,3,7,13:56:00,2026-08-05T02:07:43.440604+00:00,2026-08-05T02:07:45.733086+00:00,2026-08-05T02:07:45.733086+00:00,,6,UNSAFE,entry_created_after_closing
2026-07-13,3,8,14:24:00,2026-08-05T02:07:43.440604+00:00,2026-08-05T02:07:45.733086+00:00,2026-08-05T02:07:45.733086+00:00,,6,UNSAFE,entry_created_after_closing
2026-07-13,3,9,14:52:00,2026-08-05T02:07:43.440604+00:00,2026-08-05T02:07:46.778838+00:00,2026-08-05T02:07:46.778838+00:00,,6,UNSAFE,entry_created_after_closing
2026-07-13,3,10,15:22:00,2026-08-05T02:07:43.440604+00:00,2026-08-05T02:07:45.733086+00:00,2026-08-05T02:07:45.733086+00:00,,6,UNSAFE,entry_created_after_closing
2026-07-13,3,11,15:53:00,2026-08-05T02:07:43.440604+00:00,2026-08-05T02:07:45.733086+00:00,2026-08-05T02:07:45.733086+00:00,,6,UNSAFE,entry_created_after_closing
2026-07-13,3,12,16:25:00,2026-08-05T02:07:43.440604+00:00,2026-08-05T02:07:45.733086+00:00,2026-08-05T02:07:45.733086+00:00,,6,UNSAFE,entry_created_after_closing
2026-07-13,4,1,11:55:00,2026-08-05T02:07:43.440604+00:00,2026-08-05T02:07:45.733086+00:00,2026-08-05T02:07:45.733086+00:00,,6,UNSAFE,entry_created_after_closing
2026-07-13,4,2,12:24:00,2026-08-05T02:07:43.440604+00:00,2026-08-05T02:07:46.778838+00:00,2026-08-05T02:07:46.778838+00:00,,6,UNSAFE,entry_created_after_closing
2026-07-13,4,3,12:54:00,2026-08-05T02:07:43.440604+00:00,2026-08-05T02:07:47.898904+00:00,2026-08-05T02:07:47.898904+00:00,,6,UNSAFE,entry_created_after_closing
2026-07-13,4,4,13:25:00,2026-08-05T02:07:43.440604+00:00,2026-08-05T02:07:45.733086+00:00,2026-08-05T02:07:45.733086+00:00,,6,UNSAFE,entry_created_after_closing
2026-07-13,4,5,13:55:00,2026-08-05T02:07:43.440604+00:00,2026-08-05T02:07:45.733086+00:00,2026-08-05T02:07:45.733086+00:00,,6,UNSAFE,entry_created_after_closing
2026-07-13,4,6,14:28:00,2026-08-05T02:07:46.778838+00:00,2026-08-05T02:07:47.898904+00:00,2026-08-05T02:07:47.898904+00:00,,6,UNSAFE,entry_created_after_closing
2026-07-13,4,7,15:00:00,2026-08-05T02:07:43.440604+00:00,2026-08-05T02:07:48.910617+00:00,2026-08-05T02:07:48.910617+00:00,,6,UNSAFE,entry_created_after_closing
2026-07-13,4,8,15:32:00,2026-08-05T02:07:43.440604+00:00,2026-08-05T02:07:47.898904+00:00,2026-08-05T02:07:47.898904+00:00,,6,UNSAFE,entry_created_after_closing
2026-07-13,4,9,16:05:00,2026-08-05T02:07:43.440604+00:00,2026-08-05T02:07:45.733086+00:00,2026-08-05T02:07:45.733086+00:00,,6,UNSAFE,entry_created_after_closing
2026-07-13,4,10,16:37:00,2026-08-05T02:07:43.440604+00:00,2026-08-05T02:07:45.733086+00:00,2026-08-05T02:07:45.733086+00:00,,6,UNSAFE,entry_created_after_closing
2026-07-13,4,11,17:08:00,2026-08-05T02:07:43.440604+00:00,2026-08-05T02:07:46.778838+00:00,2026-08-05T02:07:46.778838+00:00,,6,UNSAFE,entry_created_after_closing
2026-07-13,4,12,17:42:00,2026-08-05T02:07:43.440604+00:00,2026-08-05T02:07:45.733086+00:00,2026-08-05T02:07:45.733086+00:00,,6,UNSAFE,entry_created_after_closing
2026-07-13,5,1,11:35:00,2026-08-05T02:07:43.440604+00:00,2026-08-05T02:07:45.733086+00:00,2026-08-05T02:07:45.733086+00:00,,6,UNSAFE,entry_created_after_closing
2026-07-13,5,2,12:04:00,2026-08-05T02:07:43.440604+00:00,2026-08-05T02:07:45.733086+00:00,2026-08-05T02:07:45.733086+00:00,,6,UNSAFE,entry_created_after_closing
2026-07-13,5,3,12:34:00,2026-08-05T02:07:43.440604+00:00,2026-08-05T02:07:47.898904+00:00,2026-08-05T02:07:47.898904+00:00,,6,UNSAFE,entry_created_after_closing
2026-07-13,5,4,13:03:00,2026-08-05T02:07:43.440604+00:00,2026-08-05T02:07:47.898904+00:00,2026-08-05T02:07:47.898904+00:00,,6,UNSAFE,entry_created_after_closing
2026-07-13,5,5,13:36:00,2026-08-05T02:07:43.440604+00:00,2026-08-05T02:07:45.733086+00:00,2026-08-05T02:07:45.733086+00:00,,6,UNSAFE,entry_created_after_closing
2026-07-13,5,6,14:04:00,2026-08-05T02:07:43.440604+00:00,2026-08-05T02:07:45.733086+00:00,2026-08-05T02:07:45.733086+00:00,,6,UNSAFE,entry_created_after_closing
2026-07-13,5,7,14:35:00,2026-08-05T02:07:43.440604+00:00,2026-08-05T02:07:45.733086+00:00,2026-08-05T02:07:45.733086+00:00,,6,UNSAFE,entry_created_after_closing
2026-07-13,5,8,15:07:00,2026-08-05T02:07:43.440604+00:00,2026-08-05T02:07:47.898904+00:00,2026-08-05T02:07:47.898904+00:00,,6,UNSAFE,entry_created_after_closing
2026-07-13,5,9,15:42:00,2026-08-05T02:07:43.440604+00:00,2026-08-05T02:07:45.733086+00:00,2026-08-05T02:07:45.733086+00:00,,6,UNSAFE,entry_created_after_closing
2026-07-13,5,10,16:12:00,2026-08-05T02:07:43.440604+00:00,2026-08-05T02:07:45.733086+00:00,2026-08-05T02:07:45.733086+00:00,,6,UNSAFE,entry_created_after_closing
2026-07-13,5,11,16:48:00,2026-08-05T02:07:43.440604+00:00,2026-08-05T02:07:47.898904+00:00,2026-08-05T02:07:47.898904+00:00,,6,UNSAFE,entry_created_after_closing
2026-07-13,5,12,17:20:00,2026-08-05T02:07:43.440604+00:00,2026-08-05T02:07:45.733086+00:00,2026-08-05T02:07:45.733086+00:00,,6,UNSAFE,entry_created_after_closing
2026-07-13,6,1,11:45:00,2026-08-05T02:07:43.440604+00:00,2026-08-05T02:07:45.733086+00:00,2026-08-05T02:07:45.733086+00:00,,6,UNSAFE,entry_created_after_closing
2026-07-13,6,2,12:12:00,2026-08-05T02:07:43.440604+00:00,2026-08-05T02:07:46.778838+00:00,2026-08-05T02:07:46.778838+00:00,,6,UNSAFE,entry_created_after_closing
2026-07-13,6,3,12:37:00,2026-08-05T02:07:43.440604+00:00,2026-08-05T02:07:47.898904+00:00,2026-08-05T02:07:47.898904+00:00,,6,UNSAFE,entry_created_after_closing
2026-07-13,6,4,13:07:00,2026-08-05T02:07:43.440604+00:00,2026-08-05T02:07:47.898904+00:00,2026-08-05T02:07:47.898904+00:00,,6,UNSAFE,entry_created_after_closing
2026-07-13,6,5,13:34:00,2026-08-05T02:07:43.440604+00:00,2026-08-05T02:07:45.733086+00:00,2026-08-05T02:07:45.733086+00:00,,6,UNSAFE,entry_created_after_closing
2026-07-13,6,6,14:00:00,2026-08-05T02:07:43.440604+00:00,2026-08-05T02:07:45.733086+00:00,2026-08-05T02:07:45.733086+00:00,,6,UNSAFE,entry_created_after_closing
2026-07-13,6,7,14:33:00,2026-08-05T02:07:43.440604+00:00,2026-08-05T02:07:45.733086+00:00,2026-08-05T02:07:45.733086+00:00,,6,UNSAFE,entry_created_after_closing
2026-07-13,6,8,15:05:00,2026-08-05T02:07:43.440604+00:00,2026-08-05T02:07:45.733086+00:00,2026-08-05T02:07:45.733086+00:00,,6,UNSAFE,entry_created_after_closing
2026-07-13,6,9,15:39:00,2026-08-05T02:07:43.440604+00:00,2026-08-05T02:07:46.778838+00:00,2026-08-05T02:07:46.778838+00:00,,6,UNSAFE,entry_created_after_closing
2026-07-13,6,10,16:10:00,2026-08-05T02:07:43.440604+00:00,2026-08-05T02:07:45.733086+00:00,2026-08-05T02:07:45.733086+00:00,,6,UNSAFE,entry_created_after_closing
2026-07-13,6,11,16:40:00,2026-08-05T02:07:43.440604+00:00,2026-08-05T02:07:45.733086+00:00,2026-08-05T02:07:45.733086+00:00,,6,UNSAFE,entry_created_after_closing
2026-07-13,6,12,17:10:00,2026-08-05T02:07:43.440604+00:00,2026-08-05T02:07:46.778838+00:00,2026-08-05T02:07:46.778838+00:00,,6,UNSAFE,entry_created_after_closing
2026-07-13,7,1,15:20:00,2026-08-05T02:07:43.440604+00:00,2026-08-05T02:07:45.733086+00:00,2026-08-05T02:07:45.733086+00:00,,6,UNSAFE,entry_created_after_closing
2026-07-13,7,2,15:47:00,2026-08-05T02:07:43.440604+00:00,2026-08-05T02:07:46.778838+00:00,2026-08-05T02:07:46.778838+00:00,,6,UNSAFE,entry_created_after_closing
2026-07-13,7,3,16:15:00,2026-08-05T02:07:43.440604+00:00,2026-08-05T02:07:45.733086+00:00,2026-08-05T02:07:45.733086+00:00,,6,UNSAFE,entry_created_after_closing
2026-07-13,7,4,16:44:00,2026-08-05T02:07:43.440604+00:00,2026-08-05T02:07:47.898904+00:00,2026-08-05T02:07:47.898904+00:00,,6,UNSAFE,entry_created_after_closing
2026-07-13,7,5,17:13:00,2026-08-05T02:07:43.440604+00:00,2026-08-05T02:07:47.898904+00:00,2026-08-05T02:07:47.898904+00:00,,6,UNSAFE,entry_created_after_closing
2026-07-13,7,6,17:42:00,2026-08-05T02:07:43.440604+00:00,2026-08-05T02:07:47.898904+00:00,2026-08-05T02:07:47.898904+00:00,,6,UNSAFE,entry_created_after_closing
2026-07-13,7,7,18:12:00,2026-08-05T02:07:43.440604+00:00,2026-08-05T02:07:47.898904+00:00,2026-08-05T02:07:47.898904+00:00,,6,UNSAFE,entry_created_after_closing
2026-07-13,7,8,18:42:00,2026-08-05T02:07:43.440604+00:00,2026-08-05T02:07:47.898904+00:00,2026-08-05T02:07:47.898904+00:00,,6,UNSAFE,entry_created_after_closing
2026-07-13,7,9,19:12:00,2026-08-05T02:07:43.440604+00:00,2026-08-05T02:07:46.778838+00:00,2026-08-05T02:07:46.778838+00:00,,6,UNSAFE,entry_created_after_closing
2026-07-13,7,10,19:42:00,2026-08-05T02:07:43.440604+00:00,2026-08-05T02:07:45.733086+00:00,2026-08-05T02:07:45.733086+00:00,,6,UNSAFE,entry_created_after_closing
2026-07-13,7,11,20:13:00,2026-08-05T02:07:46.778838+00:00,2026-08-05T02:07:47.898904+00:00,2026-08-05T02:07:47.898904+00:00,,6,UNSAFE,entry_created_after_closing
2026-07-13,7,12,20:45:00,2026-08-05T02:07:43.440604+00:00,2026-08-05T02:07:47.898904+00:00,2026-08-05T02:07:47.898904+00:00,,6,UNSAFE,entry_created_after_closing
2026-07-13,9,1,10:38:00,2026-08-05T02:07:43.440604+00:00,2026-08-05T02:07:45.733086+00:00,2026-08-05T02:07:45.733086+00:00,,6,UNSAFE,entry_created_after_closing
2026-07-13,9,2,11:08:00,2026-08-05T02:07:43.440604+00:00,2026-08-05T02:07:45.733086+00:00,2026-08-05T02:07:45.733086+00:00,,6,UNSAFE,entry_created_after_closing
2026-07-13,9,3,11:37:00,2026-08-05T02:07:43.440604+00:00,2026-08-05T02:07:45.733086+00:00,2026-08-05T02:07:45.733086+00:00,,6,UNSAFE,entry_created_after_closing
2026-07-13,9,4,12:08:00,2026-08-05T02:07:43.440604+00:00,2026-08-05T02:07:45.733086+00:00,2026-08-05T02:07:45.733086+00:00,,6,UNSAFE,entry_created_after_closing
2026-07-13,9,5,12:39:00,2026-08-05T02:07:43.440604+00:00,2026-08-05T02:07:47.898904+00:00,2026-08-05T02:07:47.898904+00:00,,6,UNSAFE,entry_created_after_closing
2026-07-13,9,6,13:10:00,2026-08-05T02:07:43.440604+00:00,2026-08-05T02:07:45.733086+00:00,2026-08-05T02:07:45.733086+00:00,,6,UNSAFE,entry_created_after_closing
2026-07-13,9,7,13:41:00,2026-08-05T02:07:43.440604+00:00,2026-08-05T02:07:46.778838+00:00,2026-08-05T02:07:46.778838+00:00,,6,UNSAFE,entry_created_after_closing
2026-07-13,9,8,14:12:00,2026-08-05T02:07:43.440604+00:00,2026-08-05T02:07:45.733086+00:00,2026-08-05T02:07:45.733086+00:00,,6,UNSAFE,entry_created_after_closing
2026-07-13,9,9,14:45:00,2026-08-05T02:07:43.440604+00:00,2026-08-05T02:07:45.733086+00:00,2026-08-05T02:07:45.733086+00:00,,6,UNSAFE,entry_created_after_closing
2026-07-13,9,10,15:15:00,2026-08-05T02:07:43.440604+00:00,2026-08-05T02:07:46.778838+00:00,2026-08-05T02:07:46.778838+00:00,,6,UNSAFE,entry_created_after_closing
2026-07-13,9,11,15:50:00,2026-08-05T02:07:43.440604+00:00,2026-08-05T02:07:45.733086+00:00,2026-08-05T02:07:45.733086+00:00,,6,UNSAFE,entry_created_after_closing
2026-07-13,9,12,16:25:00,2026-08-05T02:07:43.440604+00:00,2026-08-05T02:07:45.733086+00:00,2026-08-05T02:07:45.733086+00:00,,6,UNSAFE,entry_created_after_closing
2026-07-13,13,1,10:40:00,2026-08-05T02:07:43.440604+00:00,2026-08-05T02:07:46.778838+00:00,2026-08-05T02:07:46.778838+00:00,,6,UNSAFE,entry_created_after_closing
2026-07-13,13,2,11:05:00,2026-08-05T02:07:43.440604+00:00,2026-08-05T02:07:46.778838+00:00,2026-08-05T02:07:46.778838+00:00,,6,UNSAFE,entry_created_after_closing
2026-07-13,13,3,11:32:00,2026-08-05T02:07:43.440604+00:00,2026-08-05T02:07:44.685646+00:00,2026-08-05T02:07:44.685646+00:00,,6,UNSAFE,entry_created_after_closing
2026-07-13,13,4,12:01:00,2026-08-05T02:07:43.440604+00:00,2026-08-05T02:07:44.685646+00:00,2026-08-05T02:07:44.685646+00:00,,6,UNSAFE,entry_created_after_closing
2026-07-13,13,5,12:30:00,2026-08-05T02:07:43.440604+00:00,2026-08-05T02:07:43.440604+00:00,2026-08-05T02:07:43.440604+00:00,,6,UNSAFE,entry_created_after_closing
2026-07-13,13,6,12:59:00,2026-08-05T02:07:43.440604+00:00,2026-08-05T02:07:44.685646+00:00,2026-08-05T02:07:44.685646+00:00,,6,UNSAFE,entry_created_after_closing
2026-07-13,13,7,13:33:00,2026-08-05T02:07:43.440604+00:00,2026-08-05T02:07:46.778838+00:00,2026-08-05T02:07:46.778838+00:00,,6,UNSAFE,entry_created_after_closing
2026-07-13,13,8,14:07:00,2026-08-05T02:07:43.440604+00:00,2026-08-05T02:07:44.685646+00:00,2026-08-05T02:07:44.685646+00:00,,6,UNSAFE,entry_created_after_closing
2026-07-13,13,9,14:42:00,2026-08-05T02:07:43.440604+00:00,2026-08-05T02:07:44.685646+00:00,2026-08-05T02:07:44.685646+00:00,,6,UNSAFE,entry_created_after_closing
2026-07-13,13,10,15:18:00,2026-08-05T02:07:43.440604+00:00,2026-08-05T02:07:45.733086+00:00,2026-08-05T02:07:45.733086+00:00,,6,UNSAFE,entry_created_after_closing
2026-07-13,13,11,15:56:00,2026-08-05T02:07:43.440604+00:00,2026-08-05T02:07:44.685646+00:00,2026-08-05T02:07:44.685646+00:00,,6,UNSAFE,entry_created_after_closing
2026-07-13,13,12,16:35:00,2026-08-05T02:07:43.440604+00:00,2026-08-05T02:07:46.778838+00:00,2026-08-05T02:07:46.778838+00:00,,6,UNSAFE,entry_created_after_closing
2026-07-13,14,1,08:44:00,2026-08-05T02:07:43.440604+00:00,2026-08-05T02:07:46.778838+00:00,2026-08-05T02:07:46.778838+00:00,,6,UNSAFE,entry_created_after_closing
2026-07-13,14,2,09:10:00,2026-08-05T02:07:43.440604+00:00,2026-08-05T02:07:47.898904+00:00,2026-08-05T02:07:47.898904+00:00,,6,UNSAFE,entry_created_after_closing
2026-07-13,14,3,09:36:00,2026-08-05T02:07:43.440604+00:00,2026-08-05T02:07:46.778838+00:00,2026-08-05T02:07:46.778838+00:00,,6,UNSAFE,entry_created_after_closing
2026-07-13,14,4,10:02:00,2026-08-05T02:07:43.440604+00:00,2026-08-05T02:07:47.898904+00:00,2026-08-05T02:07:47.898904+00:00,,6,UNSAFE,entry_created_after_closing
2026-07-13,14,5,10:30:00,2026-08-05T02:07:43.440604+00:00,2026-08-05T02:07:47.898904+00:00,2026-08-05T02:07:47.898904+00:00,,6,UNSAFE,entry_created_after_closing
2026-07-13,14,6,10:58:00,2026-08-05T02:07:43.440604+00:00,2026-08-05T02:07:46.778838+00:00,2026-08-05T02:07:46.778838+00:00,,6,UNSAFE,entry_created_after_closing
2026-07-13,14,7,11:27:00,2026-08-05T02:07:43.440604+00:00,2026-08-05T02:07:45.733086+00:00,2026-08-05T02:07:45.733086+00:00,,6,UNSAFE,entry_created_after_closing
2026-07-13,14,8,11:57:00,2026-08-05T02:07:43.440604+00:00,2026-08-05T02:07:47.898904+00:00,2026-08-05T02:07:47.898904+00:00,,6,UNSAFE,entry_created_after_closing
2026-07-13,14,9,12:27:00,2026-08-05T02:07:43.440604+00:00,2026-08-05T02:07:47.898904+00:00,2026-08-05T02:07:47.898904+00:00,,6,UNSAFE,entry_created_after_closing
2026-07-13,14,10,13:05:00,2026-08-05T02:07:43.440604+00:00,2026-08-05T02:07:47.898904+00:00,2026-08-05T02:07:47.898904+00:00,,6,UNSAFE,entry_created_after_closing
2026-07-13,14,11,13:37:00,2026-08-05T02:07:43.440604+00:00,2026-08-05T02:07:47.898904+00:00,2026-08-05T02:07:47.898904+00:00,,6,UNSAFE,entry_created_after_closing
2026-07-13,14,12,14:13:00,2026-08-05T02:07:43.440604+00:00,2026-08-05T02:07:47.898904+00:00,2026-08-05T02:07:47.898904+00:00,,6,UNSAFE,entry_created_after_closing
2026-07-13,15,1,15:23:00,2026-08-05T02:07:43.440604+00:00,2026-08-05T02:07:46.778838+00:00,2026-08-05T02:07:46.778838+00:00,,6,UNSAFE,entry_created_after_closing
2026-07-13,15,2,15:48:00,2026-08-05T02:07:43.440604+00:00,2026-08-05T02:07:46.778838+00:00,2026-08-05T02:07:46.778838+00:00,,6,UNSAFE,entry_created_after_closing
2026-07-13,15,3,16:13:00,2026-08-05T02:07:43.440604+00:00,2026-08-05T02:07:44.685646+00:00,2026-08-05T02:07:44.685646+00:00,,6,UNSAFE,entry_created_after_closing
2026-07-13,15,4,16:38:00,2026-08-05T02:07:43.440604+00:00,2026-08-05T02:07:44.685646+00:00,2026-08-05T02:07:44.685646+00:00,,6,UNSAFE,entry_created_after_closing
2026-07-13,15,5,17:04:00,2026-08-05T02:07:43.440604+00:00,2026-08-05T02:07:44.685646+00:00,2026-08-05T02:07:44.685646+00:00,,6,UNSAFE,entry_created_after_closing
2026-07-13,15,6,17:31:00,2026-08-05T02:07:43.440604+00:00,2026-08-05T02:07:43.440604+00:00,2026-08-05T02:07:43.440604+00:00,,6,UNSAFE,entry_created_after_closing
2026-07-13,15,7,17:58:00,2026-08-05T02:07:43.440604+00:00,2026-08-05T02:07:44.685646+00:00,2026-08-05T02:07:44.685646+00:00,,6,UNSAFE,entry_created_after_closing
2026-07-13,15,8,18:27:00,2026-08-05T02:07:43.440604+00:00,2026-08-05T02:07:46.778838+00:00,2026-08-05T02:07:46.778838+00:00,,6,UNSAFE,entry_created_after_closing
2026-07-13,15,9,18:55:00,2026-08-05T02:07:43.440604+00:00,2026-08-05T02:07:46.778838+00:00,2026-08-05T02:07:46.778838+00:00,,6,UNSAFE,entry_created_after_closing
2026-07-13,15,10,19:24:00,2026-08-05T02:07:43.440604+00:00,2026-08-05T02:07:46.778838+00:00,2026-08-05T02:07:46.778838+00:00,,6,UNSAFE,entry_created_after_closing
2026-07-13,15,11,20:03:00,2026-08-05T02:07:43.440604+00:00,2026-08-05T02:07:46.778838+00:00,2026-08-05T02:07:46.778838+00:00,,6,UNSAFE,entry_created_after_closing
2026-07-13,15,12,20:35:00,2026-08-05T02:07:43.440604+00:00,2026-08-05T02:07:44.685646+00:00,2026-08-05T02:07:44.685646+00:00,,6,UNSAFE,entry_created_after_closing
2026-07-13,16,1,11:52:00,2026-08-05T02:07:43.440604+00:00,2026-08-05T02:07:47.898904+00:00,2026-08-05T02:07:47.898904+00:00,,6,UNSAFE,entry_created_after_closing
2026-07-13,16,2,12:19:00,2026-08-05T02:07:43.440604+00:00,2026-08-05T02:07:47.898904+00:00,2026-08-05T02:07:47.898904+00:00,,6,UNSAFE,entry_created_after_closing
2026-07-13,16,3,12:50:00,2026-08-05T02:07:43.440604+00:00,2026-08-05T02:07:47.898904+00:00,2026-08-05T02:07:47.898904+00:00,,6,UNSAFE,entry_created_after_closing
2026-07-13,16,4,13:21:00,2026-08-05T02:07:43.440604+00:00,2026-08-05T02:07:46.778838+00:00,2026-08-05T02:07:46.778838+00:00,,6,UNSAFE,entry_created_after_closing
2026-07-13,16,5,13:53:00,2026-08-05T02:07:43.440604+00:00,2026-08-05T02:07:47.898904+00:00,2026-08-05T02:07:47.898904+00:00,,6,UNSAFE,entry_created_after_closing
2026-07-13,16,6,14:22:00,2026-08-05T02:07:43.440604+00:00,2026-08-05T02:07:46.778838+00:00,2026-08-05T02:07:46.778838+00:00,,6,UNSAFE,entry_created_after_closing
2026-07-13,16,7,14:58:00,2026-08-05T02:07:43.440604+00:00,2026-08-05T02:07:45.733086+00:00,2026-08-05T02:07:45.733086+00:00,,6,UNSAFE,entry_created_after_closing
2026-07-13,16,8,15:30:00,2026-08-05T02:07:43.440604+00:00,2026-08-05T02:07:45.733086+00:00,2026-08-05T02:07:45.733086+00:00,,6,UNSAFE,entry_created_after_closing
2026-07-13,16,9,16:03:00,2026-08-05T02:07:43.440604+00:00,2026-08-05T02:07:47.898904+00:00,2026-08-05T02:07:47.898904+00:00,,6,UNSAFE,entry_created_after_closing
2026-07-13,16,10,16:33:00,2026-08-05T02:07:43.440604+00:00,2026-08-05T02:07:46.778838+00:00,2026-08-05T02:07:46.778838+00:00,,6,UNSAFE,entry_created_after_closing
2026-07-13,16,11,17:06:00,2026-08-05T02:07:43.440604+00:00,2026-08-05T02:07:45.733086+00:00,2026-08-05T02:07:45.733086+00:00,,6,UNSAFE,entry_created_after_closing
2026-07-13,16,12,17:50:00,2026-08-05T02:07:43.440604+00:00,2026-08-05T02:07:45.733086+00:00,2026-08-05T02:07:45.733086+00:00,,6,UNSAFE,entry_created_after_closing
2026-07-13,19,1,17:39:00,2026-08-05T02:07:43.440604+00:00,2026-08-05T02:07:47.898904+00:00,2026-08-05T02:07:47.898904+00:00,,6,UNSAFE,entry_created_after_closing
2026-07-13,19,2,18:04:00,2026-08-05T02:07:43.440604+00:00,2026-08-05T02:07:45.733086+00:00,2026-08-05T02:07:45.733086+00:00,,6,UNSAFE,entry_created_after_closing
2026-07-13,19,3,18:34:00,2026-08-05T02:07:43.440604+00:00,2026-08-05T02:07:46.778838+00:00,2026-08-05T02:07:46.778838+00:00,,6,UNSAFE,entry_created_after_closing
2026-07-13,19,4,19:03:00,2026-08-05T02:07:43.440604+00:00,2026-08-05T02:07:45.733086+00:00,2026-08-05T02:07:45.733086+00:00,,6,UNSAFE,entry_created_after_closing
2026-07-13,19,5,19:30:00,2026-08-05T02:07:43.440604+00:00,2026-08-05T02:07:47.898904+00:00,2026-08-05T02:07:47.898904+00:00,,6,UNSAFE,entry_created_after_closing
2026-07-13,19,6,19:56:00,2026-08-05T02:07:43.440604+00:00,2026-08-05T02:07:45.733086+00:00,2026-08-05T02:07:45.733086+00:00,,6,UNSAFE,entry_created_after_closing
2026-07-13,19,7,20:25:00,2026-08-05T02:07:43.440604+00:00,2026-08-05T02:07:45.733086+00:00,2026-08-05T02:07:45.733086+00:00,,6,UNSAFE,entry_created_after_closing
2026-07-13,19,8,20:56:00,2026-08-05T02:07:43.440604+00:00,2026-08-05T02:07:46.778838+00:00,2026-08-05T02:07:46.778838+00:00,,6,UNSAFE,entry_created_after_closing
2026-07-13,19,9,21:19:00,2026-08-05T02:07:43.440604+00:00,2026-08-05T02:07:45.733086+00:00,2026-08-05T02:07:45.733086+00:00,,6,UNSAFE,entry_created_after_closing
2026-07-13,19,10,21:42:00,2026-08-05T02:07:43.440604+00:00,2026-08-05T02:07:47.898904+00:00,2026-08-05T02:07:47.898904+00:00,,6,UNSAFE,entry_created_after_closing
2026-07-13,19,11,22:05:00,2026-08-05T02:07:43.440604+00:00,2026-08-05T02:07:45.733086+00:00,2026-08-05T02:07:45.733086+00:00,,6,UNSAFE,entry_created_after_closing
2026-07-13,19,12,22:30:00,2026-08-05T02:07:43.440604+00:00,2026-08-05T02:07:47.898904+00:00,2026-08-05T02:07:47.898904+00:00,,6,UNSAFE,entry_created_after_closing
2026-07-13,22,1,12:16:00,2026-08-05T02:07:43.440604+00:00,2026-08-05T02:07:45.733086+00:00,2026-08-05T02:07:45.733086+00:00,,6,UNSAFE,entry_created_after_closing
2026-07-13,22,2,12:44:00,2026-08-05T02:07:43.440604+00:00,2026-08-05T02:07:47.898904+00:00,2026-08-05T02:07:47.898904+00:00,,6,UNSAFE,entry_created_after_closing
2026-07-13,22,3,13:15:00,2026-08-05T02:07:43.440604+00:00,2026-08-05T02:07:47.898904+00:00,2026-08-05T02:07:47.898904+00:00,,6,UNSAFE,entry_created_after_closing
2026-07-13,22,4,13:46:00,2026-08-05T02:07:43.440604+00:00,2026-08-05T02:07:45.733086+00:00,2026-08-05T02:07:45.733086+00:00,,6,UNSAFE,entry_created_after_closing
2026-07-13,22,5,14:18:00,2026-08-05T02:07:43.440604+00:00,2026-08-05T02:07:46.778838+00:00,2026-08-05T02:07:46.778838+00:00,,6,UNSAFE,entry_created_after_closing
2026-07-13,22,6,14:47:00,2026-08-05T02:07:43.440604+00:00,2026-08-05T02:07:45.733086+00:00,2026-08-05T02:07:45.733086+00:00,,6,UNSAFE,entry_created_after_closing
2026-07-13,22,7,15:13:00,2026-08-05T02:07:43.440604+00:00,2026-08-05T02:07:45.733086+00:00,2026-08-05T02:07:45.733086+00:00,,6,UNSAFE,entry_created_after_closing
2026-07-13,22,8,15:45:00,2026-08-05T02:07:43.440604+00:00,2026-08-05T02:07:45.733086+00:00,2026-08-05T02:07:45.733086+00:00,,6,UNSAFE,entry_created_after_closing
2026-07-13,22,9,16:20:00,2026-08-05T02:07:43.440604+00:00,2026-08-05T02:07:47.898904+00:00,2026-08-05T02:07:47.898904+00:00,,6,UNSAFE,entry_created_after_closing
2026-07-13,22,10,16:57:00,2026-08-05T02:07:43.440604+00:00,2026-08-05T02:07:47.898904+00:00,2026-08-05T02:07:47.898904+00:00,,6,UNSAFE,entry_created_after_closing
2026-07-13,22,11,17:26:00,2026-08-05T02:07:43.440604+00:00,2026-08-05T02:07:45.733086+00:00,2026-08-05T02:07:45.733086+00:00,,6,UNSAFE,entry_created_after_closing
2026-07-13,22,12,18:00:00,2026-08-05T02:07:43.440604+00:00,2026-08-05T02:07:45.733086+00:00,2026-08-05T02:07:45.733086+00:00,,6,UNSAFE,entry_created_after_closing
2026-07-13,23,1,08:32:00,2026-08-05T02:07:43.440604+00:00,2026-08-05T02:07:44.685646+00:00,2026-08-05T02:07:44.685646+00:00,,6,UNSAFE,entry_created_after_closing
2026-07-13,23,2,08:58:00,2026-08-05T02:07:43.440604+00:00,2026-08-05T02:07:44.685646+00:00,2026-08-05T02:07:44.685646+00:00,,6,UNSAFE,entry_created_after_closing
2026-07-13,23,3,09:24:00,2026-08-05T02:07:43.440604+00:00,2026-08-05T02:07:44.685646+00:00,2026-08-05T02:07:44.685646+00:00,,6,UNSAFE,entry_created_after_closing
2026-07-13,23,4,09:50:00,2026-08-05T02:07:43.440604+00:00,2026-08-05T02:07:46.778838+00:00,2026-08-05T02:07:46.778838+00:00,,6,UNSAFE,entry_created_after_closing
2026-07-13,23,5,10:18:00,2026-08-05T02:07:43.440604+00:00,2026-08-05T02:07:46.778838+00:00,2026-08-05T02:07:46.778838+00:00,,6,UNSAFE,entry_created_after_closing
2026-07-13,23,6,10:47:00,2026-08-05T02:07:43.440604+00:00,2026-08-05T02:07:44.685646+00:00,2026-08-05T02:07:44.685646+00:00,,6,UNSAFE,entry_created_after_closing
2026-07-13,23,7,11:17:00,2026-08-05T02:07:43.440604+00:00,2026-08-05T02:07:43.440604+00:00,2026-08-05T02:07:43.440604+00:00,,6,UNSAFE,entry_created_after_closing
2026-07-13,23,8,11:48:00,2026-08-05T02:07:43.440604+00:00,2026-08-05T02:07:43.440604+00:00,2026-08-05T02:07:43.440604+00:00,,6,UNSAFE,entry_created_after_closing
2026-07-13,23,9,12:21:00,2026-08-05T02:07:43.440604+00:00,2026-08-05T02:07:46.778838+00:00,2026-08-05T02:07:46.778838+00:00,,6,UNSAFE,entry_created_after_closing
2026-07-13,23,10,12:52:00,2026-08-05T02:07:43.440604+00:00,2026-08-05T02:07:46.778838+00:00,2026-08-05T02:07:46.778838+00:00,,6,UNSAFE,entry_created_after_closing
2026-07-13,23,11,13:23:00,2026-08-05T02:07:43.440604+00:00,2026-08-05T02:07:44.685646+00:00,2026-08-05T02:07:44.685646+00:00,,6,UNSAFE,entry_created_after_closing
2026-07-13,23,12,14:03:00,2026-08-05T02:07:43.440604+00:00,2026-08-05T02:07:46.778838+00:00,2026-08-05T02:07:46.778838+00:00,,6,UNSAFE,entry_created_after_closing
2026-07-14,1,1,15:23:00,2026-08-05T02:08:47.124229+00:00,2026-08-05T02:08:48.352645+00:00,2026-08-05T02:08:48.352645+00:00,,6,UNSAFE,entry_created_after_closing
2026-07-14,1,2,15:54:00,2026-08-05T02:08:47.124229+00:00,2026-08-05T02:08:49.454458+00:00,2026-08-05T02:08:49.454458+00:00,,6,UNSAFE,entry_created_after_closing
2026-07-14,1,3,16:23:00,2026-08-05T02:08:47.124229+00:00,2026-08-05T02:08:48.352645+00:00,2026-08-05T02:08:48.352645+00:00,,6,UNSAFE,entry_created_after_closing
2026-07-14,1,4,16:50:00,2026-08-05T02:08:50.652255+00:00,2026-08-05T02:08:50.652255+00:00,2026-08-05T02:08:50.652255+00:00,,6,UNSAFE,entry_created_after_closing
2026-07-14,1,5,17:17:00,2026-08-05T02:08:50.652255+00:00,2026-08-05T02:08:52.724956+00:00,2026-08-05T02:08:52.724956+00:00,,6,UNSAFE,entry_created_after_closing
2026-07-14,1,6,17:45:00,2026-08-05T02:08:50.652255+00:00,2026-08-05T02:08:52.724956+00:00,2026-08-05T02:08:52.724956+00:00,,6,UNSAFE,entry_created_after_closing
2026-07-14,1,7,18:10:00,2026-08-05T02:08:50.652255+00:00,2026-08-05T02:08:52.724956+00:00,2026-08-05T02:08:52.724956+00:00,,6,UNSAFE,entry_created_after_closing
2026-07-14,1,8,18:37:00,2026-08-05T02:08:50.652255+00:00,2026-08-05T02:08:52.724956+00:00,2026-08-05T02:08:52.724956+00:00,,6,UNSAFE,entry_created_after_closing
2026-07-14,1,9,19:06:00,2026-08-05T02:08:50.652255+00:00,2026-08-05T02:08:52.724956+00:00,2026-08-05T02:08:52.724956+00:00,,6,UNSAFE,entry_created_after_closing
2026-07-14,1,10,19:33:00,2026-08-05T02:08:50.652255+00:00,2026-08-05T02:08:50.652255+00:00,2026-08-05T02:08:50.652255+00:00,,6,UNSAFE,entry_created_after_closing
2026-07-14,1,11,20:05:00,2026-08-05T02:08:50.652255+00:00,2026-08-05T02:08:50.652255+00:00,2026-08-05T02:08:50.652255+00:00,,6,UNSAFE,entry_created_after_closing
2026-07-14,1,12,20:38:00,2026-08-05T02:08:50.652255+00:00,2026-08-05T02:08:52.724956+00:00,2026-08-05T02:08:52.724956+00:00,,6,UNSAFE,entry_created_after_closing
2026-07-14,3,1,11:14:00,2026-08-05T02:08:50.652255+00:00,2026-08-05T02:08:53.638677+00:00,2026-08-05T02:08:53.638677+00:00,,6,UNSAFE,entry_created_after_closing
2026-07-14,3,2,11:41:00,2026-08-05T02:08:50.652255+00:00,2026-08-05T02:08:53.638677+00:00,2026-08-05T02:08:53.638677+00:00,,6,UNSAFE,entry_created_after_closing
2026-07-14,3,3,12:08:00,2026-08-05T02:08:50.652255+00:00,2026-08-05T02:08:52.724956+00:00,2026-08-05T02:08:52.724956+00:00,,6,UNSAFE,entry_created_after_closing
2026-07-14,3,4,12:35:00,2026-08-05T02:08:50.652255+00:00,2026-08-05T02:08:52.724956+00:00,2026-08-05T02:08:52.724956+00:00,,6,UNSAFE,entry_created_after_closing
2026-07-14,3,5,13:02:00,2026-08-05T02:08:50.652255+00:00,2026-08-05T02:08:53.638677+00:00,2026-08-05T02:08:53.638677+00:00,,6,UNSAFE,entry_created_after_closing
2026-07-14,3,6,13:29:00,2026-08-05T02:08:50.652255+00:00,2026-08-05T02:08:51.759428+00:00,2026-08-05T02:08:51.759428+00:00,,6,UNSAFE,entry_created_after_closing
2026-07-14,3,7,13:56:00,2026-08-05T02:08:50.652255+00:00,2026-08-05T02:08:53.638677+00:00,2026-08-05T02:08:53.638677+00:00,,6,UNSAFE,entry_created_after_closing
2026-07-14,3,8,14:24:00,2026-08-05T02:08:50.652255+00:00,2026-08-05T02:08:53.638677+00:00,2026-08-05T02:08:53.638677+00:00,,6,UNSAFE,entry_created_after_closing
2026-07-14,3,9,14:52:00,2026-08-05T02:08:50.652255+00:00,2026-08-05T02:08:51.759428+00:00,2026-08-05T02:08:51.759428+00:00,,6,UNSAFE,entry_created_after_closing
2026-07-14,3,10,15:22:00,2026-08-05T02:08:50.652255+00:00,2026-08-05T02:08:51.759428+00:00,2026-08-05T02:08:51.759428+00:00,,6,UNSAFE,entry_created_after_closing
2026-07-14,3,11,15:53:00,2026-08-05T02:08:50.652255+00:00,2026-08-05T02:08:51.759428+00:00,2026-08-05T02:08:51.759428+00:00,,6,UNSAFE,entry_created_after_closing
2026-07-14,3,12,16:25:00,2026-08-05T02:08:50.652255+00:00,2026-08-05T02:08:51.759428+00:00,2026-08-05T02:08:51.759428+00:00,,6,UNSAFE,entry_created_after_closing
2026-07-14,4,1,11:55:00,2026-08-05T02:08:40.063645+00:00,2026-08-05T02:08:42.120767+00:00,2026-08-05T02:08:42.120767+00:00,,6,UNSAFE,entry_created_after_closing
2026-07-14,4,2,12:24:00,2026-08-05T02:08:40.063645+00:00,2026-08-05T02:08:45.964232+00:00,2026-08-05T02:08:45.964232+00:00,,6,UNSAFE,entry_created_after_closing
2026-07-14,4,3,12:54:00,2026-08-05T02:08:40.063645+00:00,2026-08-05T02:08:45.964232+00:00,2026-08-05T02:08:45.964232+00:00,,6,UNSAFE,entry_created_after_closing
2026-07-14,4,4,13:25:00,2026-08-05T02:08:40.063645+00:00,2026-08-05T02:08:42.120767+00:00,2026-08-05T02:08:42.120767+00:00,,6,UNSAFE,entry_created_after_closing
2026-07-14,4,5,13:55:00,2026-08-05T02:08:40.063645+00:00,2026-08-05T02:08:45.964232+00:00,2026-08-05T02:08:45.964232+00:00,,6,UNSAFE,entry_created_after_closing
2026-07-14,4,6,14:28:00,2026-08-05T02:08:40.063645+00:00,2026-08-05T02:08:42.120767+00:00,2026-08-05T02:08:42.120767+00:00,,6,UNSAFE,entry_created_after_closing
2026-07-14,4,7,15:00:00,2026-08-05T02:08:40.063645+00:00,2026-08-05T02:08:45.964232+00:00,2026-08-05T02:08:45.964232+00:00,,6,UNSAFE,entry_created_after_closing
2026-07-14,4,8,15:32:00,2026-08-05T02:08:40.063645+00:00,2026-08-05T02:08:42.120767+00:00,2026-08-05T02:08:42.120767+00:00,,6,UNSAFE,entry_created_after_closing
2026-07-14,4,9,16:05:00,2026-08-05T02:08:40.063645+00:00,2026-08-05T02:08:42.120767+00:00,2026-08-05T02:08:42.120767+00:00,,6,UNSAFE,entry_created_after_closing
2026-07-14,4,10,16:37:00,2026-08-05T02:08:40.063645+00:00,2026-08-05T02:08:45.964232+00:00,2026-08-05T02:08:45.964232+00:00,,6,UNSAFE,entry_created_after_closing
2026-07-14,4,11,17:08:00,2026-08-05T02:08:50.652255+00:00,2026-08-05T02:08:51.759428+00:00,2026-08-05T02:08:51.759428+00:00,,6,UNSAFE,entry_created_after_closing
2026-07-14,4,12,17:42:00,2026-08-05T02:08:50.652255+00:00,2026-08-05T02:08:52.724956+00:00,2026-08-05T02:08:52.724956+00:00,,6,UNSAFE,entry_created_after_closing
2026-07-14,5,1,11:35:00,2026-08-05T02:08:40.063645+00:00,2026-08-05T02:08:45.964232+00:00,2026-08-05T02:08:45.964232+00:00,,6,UNSAFE,entry_created_after_closing
2026-07-14,5,2,12:04:00,2026-08-05T02:08:40.063645+00:00,2026-08-05T02:08:45.964232+00:00,2026-08-05T02:08:45.964232+00:00,,6,UNSAFE,entry_created_after_closing
2026-07-14,5,3,12:34:00,2026-08-05T02:08:40.063645+00:00,2026-08-05T02:08:45.964232+00:00,2026-08-05T02:08:45.964232+00:00,,6,UNSAFE,entry_created_after_closing
2026-07-14,5,4,13:03:00,2026-08-05T02:08:40.063645+00:00,2026-08-05T02:08:45.964232+00:00,2026-08-05T02:08:45.964232+00:00,,6,UNSAFE,entry_created_after_closing
2026-07-14,5,5,13:36:00,2026-08-05T02:08:40.063645+00:00,2026-08-05T02:08:45.964232+00:00,2026-08-05T02:08:45.964232+00:00,,6,UNSAFE,entry_created_after_closing
2026-07-14,5,6,14:04:00,2026-08-05T02:08:40.063645+00:00,2026-08-05T02:08:42.120767+00:00,2026-08-05T02:08:42.120767+00:00,,6,UNSAFE,entry_created_after_closing
2026-07-14,5,7,14:35:00,2026-08-05T02:08:40.063645+00:00,2026-08-05T02:08:42.120767+00:00,2026-08-05T02:08:42.120767+00:00,,6,UNSAFE,entry_created_after_closing
2026-07-14,5,8,15:07:00,2026-08-05T02:08:40.063645+00:00,2026-08-05T02:08:42.120767+00:00,2026-08-05T02:08:42.120767+00:00,,6,UNSAFE,entry_created_after_closing
2026-07-14,5,9,15:42:00,2026-08-05T02:08:40.063645+00:00,2026-08-05T02:08:42.120767+00:00,2026-08-05T02:08:42.120767+00:00,,6,UNSAFE,entry_created_after_closing
2026-07-14,5,10,16:12:00,2026-08-05T02:08:40.063645+00:00,2026-08-05T02:08:42.120767+00:00,2026-08-05T02:08:42.120767+00:00,,6,UNSAFE,entry_created_after_closing
2026-07-14,5,11,16:48:00,2026-08-05T02:08:40.063645+00:00,2026-08-05T02:08:45.964232+00:00,2026-08-05T02:08:45.964232+00:00,,6,UNSAFE,entry_created_after_closing
2026-07-14,5,12,17:20:00,2026-08-05T02:08:50.652255+00:00,2026-08-05T02:08:52.724956+00:00,2026-08-05T02:08:52.724956+00:00,,6,UNSAFE,entry_created_after_closing
2026-07-14,6,1,11:34:00,2026-08-05T02:08:40.063645+00:00,2026-08-05T02:08:45.964232+00:00,2026-08-05T02:08:45.964232+00:00,,6,UNSAFE,entry_created_after_closing
2026-07-14,6,2,11:59:00,2026-08-05T02:08:40.063645+00:00,2026-08-05T02:08:45.964232+00:00,2026-08-05T02:08:45.964232+00:00,,6,UNSAFE,entry_created_after_closing
2026-07-14,6,3,12:26:00,2026-08-05T02:08:40.063645+00:00,2026-08-05T02:08:45.964232+00:00,2026-08-05T02:08:45.964232+00:00,,6,UNSAFE,entry_created_after_closing
2026-07-14,6,4,12:52:00,2026-08-05T02:08:40.063645+00:00,2026-08-05T02:08:42.120767+00:00,2026-08-05T02:08:42.120767+00:00,,6,UNSAFE,entry_created_after_closing
2026-07-14,6,5,13:18:00,2026-08-05T02:08:40.063645+00:00,2026-08-05T02:08:45.964232+00:00,2026-08-05T02:08:45.964232+00:00,,6,UNSAFE,entry_created_after_closing
2026-07-14,6,6,13:50:00,2026-08-05T02:08:40.063645+00:00,2026-08-05T02:08:42.120767+00:00,2026-08-05T02:08:42.120767+00:00,,6,UNSAFE,entry_created_after_closing
2026-07-14,6,7,14:33:00,2026-08-05T02:08:40.063645+00:00,2026-08-05T02:08:42.120767+00:00,2026-08-05T02:08:42.120767+00:00,,6,UNSAFE,entry_created_after_closing
2026-07-14,6,8,15:05:00,2026-08-05T02:08:40.063645+00:00,2026-08-05T02:08:42.120767+00:00,2026-08-05T02:08:42.120767+00:00,,6,UNSAFE,entry_created_after_closing
2026-07-14,6,9,15:40:00,2026-08-05T02:08:40.063645+00:00,2026-08-05T02:08:42.120767+00:00,2026-08-05T02:08:42.120767+00:00,,6,UNSAFE,entry_created_after_closing
2026-07-14,6,10,16:11:00,2026-08-05T02:08:40.063645+00:00,2026-08-05T02:08:42.120767+00:00,2026-08-05T02:08:42.120767+00:00,,6,UNSAFE,entry_created_after_closing
2026-07-14,6,11,16:41:00,2026-08-05T02:08:40.063645+00:00,2026-08-05T02:08:45.964232+00:00,2026-08-05T02:08:45.964232+00:00,,6,UNSAFE,entry_created_after_closing
2026-07-14,6,12,17:10:00,2026-08-05T02:08:50.652255+00:00,2026-08-05T02:08:51.759428+00:00,2026-08-05T02:08:51.759428+00:00,,6,UNSAFE,entry_created_after_closing
2026-07-14,7,1,15:20:00,2026-08-05T02:08:40.063645+00:00,2026-08-05T02:08:42.120767+00:00,2026-08-05T02:08:42.120767+00:00,,6,UNSAFE,entry_created_after_closing
2026-07-14,7,2,15:47:00,2026-08-05T02:08:40.063645+00:00,2026-08-05T02:08:42.120767+00:00,2026-08-05T02:08:42.120767+00:00,,6,UNSAFE,entry_created_after_closing
2026-07-14,7,3,16:15:00,2026-08-05T02:08:40.063645+00:00,2026-08-05T02:08:42.120767+00:00,2026-08-05T02:08:42.120767+00:00,,6,UNSAFE,entry_created_after_closing
2026-07-14,7,4,16:44:00,2026-08-05T02:08:40.063645+00:00,2026-08-05T02:08:45.964232+00:00,2026-08-05T02:08:45.964232+00:00,,6,UNSAFE,entry_created_after_closing
2026-07-14,7,5,17:13:00,2026-08-05T02:08:50.652255+00:00,2026-08-05T02:08:53.638677+00:00,2026-08-05T02:08:53.638677+00:00,,6,UNSAFE,entry_created_after_closing
2026-07-14,7,6,17:42:00,2026-08-05T02:08:50.652255+00:00,2026-08-05T02:08:53.638677+00:00,2026-08-05T02:08:53.638677+00:00,,6,UNSAFE,entry_created_after_closing
2026-07-14,7,7,18:12:00,2026-08-05T02:08:50.652255+00:00,2026-08-05T02:08:51.759428+00:00,2026-08-05T02:08:51.759428+00:00,,6,UNSAFE,entry_created_after_closing
2026-07-14,7,8,18:42:00,2026-08-05T02:08:50.652255+00:00,2026-08-05T02:08:51.759428+00:00,2026-08-05T02:08:51.759428+00:00,,6,UNSAFE,entry_created_after_closing
2026-07-14,7,9,19:12:00,2026-08-05T02:08:50.652255+00:00,2026-08-05T02:08:53.638677+00:00,2026-08-05T02:08:53.638677+00:00,,6,UNSAFE,entry_created_after_closing
2026-07-14,7,10,19:42:00,2026-08-05T02:08:50.652255+00:00,2026-08-05T02:08:53.638677+00:00,2026-08-05T02:08:53.638677+00:00,,6,UNSAFE,entry_created_after_closing
2026-07-14,7,11,20:13:00,2026-08-05T02:08:50.652255+00:00,2026-08-05T02:08:53.638677+00:00,2026-08-05T02:08:53.638677+00:00,,6,UNSAFE,entry_created_after_closing
2026-07-14,7,12,20:45:00,2026-08-05T02:08:50.652255+00:00,2026-08-05T02:08:51.759428+00:00,2026-08-05T02:08:51.759428+00:00,,6,UNSAFE,entry_created_after_closing
2026-07-14,9,1,10:38:00,2026-08-05T02:08:40.063645+00:00,2026-08-05T02:08:45.964232+00:00,2026-08-05T02:08:45.964232+00:00,,6,UNSAFE,entry_created_after_closing
2026-07-14,9,2,11:08:00,2026-08-05T02:08:40.063645+00:00,2026-08-05T02:08:45.964232+00:00,2026-08-05T02:08:45.964232+00:00,,6,UNSAFE,entry_created_after_closing
2026-07-14,9,3,11:37:00,2026-08-05T02:08:40.063645+00:00,2026-08-05T02:08:42.120767+00:00,2026-08-05T02:08:42.120767+00:00,,6,UNSAFE,entry_created_after_closing
2026-07-14,9,4,12:08:00,2026-08-05T02:08:40.063645+00:00,2026-08-05T02:08:45.964232+00:00,2026-08-05T02:08:45.964232+00:00,,6,UNSAFE,entry_created_after_closing
2026-07-14,9,5,12:39:00,2026-08-05T02:08:40.063645+00:00,2026-08-05T02:08:42.120767+00:00,2026-08-05T02:08:42.120767+00:00,,6,UNSAFE,entry_created_after_closing
2026-07-14,9,6,13:10:00,2026-08-05T02:08:40.063645+00:00,2026-08-05T02:08:42.120767+00:00,2026-08-05T02:08:42.120767+00:00,,6,UNSAFE,entry_created_after_closing
2026-07-14,9,7,13:41:00,2026-08-05T02:08:40.063645+00:00,2026-08-05T02:08:42.120767+00:00,2026-08-05T02:08:42.120767+00:00,,6,UNSAFE,entry_created_after_closing
2026-07-14,9,8,14:12:00,2026-08-05T02:08:40.063645+00:00,2026-08-05T02:08:42.120767+00:00,2026-08-05T02:08:42.120767+00:00,,6,UNSAFE,entry_created_after_closing
2026-07-14,9,9,14:45:00,2026-08-05T02:08:40.063645+00:00,2026-08-05T02:08:42.120767+00:00,2026-08-05T02:08:42.120767+00:00,,6,UNSAFE,entry_created_after_closing
2026-07-14,9,10,15:15:00,2026-08-05T02:08:40.063645+00:00,2026-08-05T02:08:42.120767+00:00,2026-08-05T02:08:42.120767+00:00,,6,UNSAFE,entry_created_after_closing
2026-07-14,9,11,15:50:00,2026-08-05T02:08:40.063645+00:00,2026-08-05T02:08:42.120767+00:00,2026-08-05T02:08:42.120767+00:00,,6,UNSAFE,entry_created_after_closing
2026-07-14,9,12,16:25:00,2026-08-05T02:08:40.063645+00:00,2026-08-05T02:08:42.120767+00:00,2026-08-05T02:08:42.120767+00:00,,6,UNSAFE,entry_created_after_closing
2026-07-14,13,1,10:40:00,2026-08-05T02:08:43.260918+00:00,2026-08-05T02:08:43.260918+00:00,2026-08-05T02:08:43.260918+00:00,,6,UNSAFE,entry_created_after_closing
2026-07-14,13,2,11:05:00,2026-08-05T02:08:43.260918+00:00,2026-08-05T02:08:43.260918+00:00,2026-08-05T02:08:43.260918+00:00,,6,UNSAFE,entry_created_after_closing
2026-07-14,13,3,11:32:00,2026-08-05T02:08:43.260918+00:00,2026-08-05T02:08:43.260918+00:00,2026-08-05T02:08:43.260918+00:00,,6,UNSAFE,entry_created_after_closing
2026-07-14,13,4,12:01:00,2026-08-05T02:08:43.260918+00:00,2026-08-05T02:08:43.260918+00:00,2026-08-05T02:08:43.260918+00:00,,6,UNSAFE,entry_created_after_closing
2026-07-14,13,5,12:30:00,2026-08-05T02:08:43.260918+00:00,2026-08-05T02:08:43.260918+00:00,2026-08-05T02:08:43.260918+00:00,,6,UNSAFE,entry_created_after_closing
2026-07-14,13,6,12:59:00,2026-08-05T02:08:43.260918+00:00,2026-08-05T02:08:43.260918+00:00,2026-08-05T02:08:43.260918+00:00,,6,UNSAFE,entry_created_after_closing
2026-07-14,13,7,13:33:00,2026-08-05T02:08:43.260918+00:00,2026-08-05T02:08:43.260918+00:00,2026-08-05T02:08:43.260918+00:00,,6,UNSAFE,entry_created_after_closing
2026-07-14,13,8,14:07:00,2026-08-05T02:08:43.260918+00:00,2026-08-05T02:08:44.113114+00:00,2026-08-05T02:08:44.113114+00:00,,6,UNSAFE,entry_created_after_closing
2026-07-14,13,9,14:42:00,2026-08-05T02:08:43.260918+00:00,2026-08-05T02:08:43.260918+00:00,2026-08-05T02:08:43.260918+00:00,,6,UNSAFE,entry_created_after_closing
2026-07-14,13,10,15:18:00,2026-08-05T02:08:43.260918+00:00,2026-08-05T02:08:43.260918+00:00,2026-08-05T02:08:43.260918+00:00,,6,UNSAFE,entry_created_after_closing
2026-07-14,13,11,15:56:00,2026-08-05T02:08:43.260918+00:00,2026-08-05T02:08:43.260918+00:00,2026-08-05T02:08:43.260918+00:00,,6,UNSAFE,entry_created_after_closing
2026-07-14,13,12,16:35:00,2026-08-05T02:08:43.260918+00:00,2026-08-05T02:08:45.006616+00:00,2026-08-05T02:08:45.006616+00:00,,6,UNSAFE,entry_created_after_closing
2026-07-14,15,1,15:24:00,2026-08-05T02:08:40.063645+00:00,2026-08-05T02:08:45.964232+00:00,2026-08-05T02:08:45.964232+00:00,,6,UNSAFE,entry_created_after_closing
2026-07-14,15,2,15:48:00,2026-08-05T02:08:40.063645+00:00,2026-08-05T02:08:45.964232+00:00,2026-08-05T02:08:45.964232+00:00,,6,UNSAFE,entry_created_after_closing
2026-07-14,15,3,16:13:00,2026-08-05T02:08:40.063645+00:00,2026-08-05T02:08:45.964232+00:00,2026-08-05T02:08:45.964232+00:00,,6,UNSAFE,entry_created_after_closing
2026-07-14,15,4,16:39:00,2026-08-05T02:08:40.063645+00:00,2026-08-05T02:08:45.964232+00:00,2026-08-05T02:08:45.964232+00:00,,6,UNSAFE,entry_created_after_closing
2026-07-14,15,5,17:04:00,2026-08-05T02:08:50.652255+00:00,2026-08-05T02:08:50.652255+00:00,2026-08-05T02:08:50.652255+00:00,,6,UNSAFE,entry_created_after_closing
2026-07-14,15,6,17:30:00,2026-08-05T02:08:50.652255+00:00,2026-08-05T02:08:50.652255+00:00,2026-08-05T02:08:50.652255+00:00,,6,UNSAFE,entry_created_after_closing
2026-07-14,15,7,17:57:00,2026-08-05T02:08:50.652255+00:00,2026-08-05T02:08:52.724956+00:00,2026-08-05T02:08:52.724956+00:00,,6,UNSAFE,entry_created_after_closing
2026-07-14,15,8,18:26:00,2026-08-05T02:08:50.652255+00:00,2026-08-05T02:08:52.724956+00:00,2026-08-05T02:08:52.724956+00:00,,6,UNSAFE,entry_created_after_closing
2026-07-14,15,9,18:55:00,2026-08-05T02:08:50.652255+00:00,2026-08-05T02:08:53.638677+00:00,2026-08-05T02:08:53.638677+00:00,,6,UNSAFE,entry_created_after_closing
2026-07-14,15,10,19:24:00,2026-08-05T02:08:50.652255+00:00,2026-08-05T02:08:52.724956+00:00,2026-08-05T02:08:52.724956+00:00,,6,UNSAFE,entry_created_after_closing
2026-07-14,15,11,19:52:00,2026-08-05T02:08:50.652255+00:00,2026-08-05T02:08:50.652255+00:00,2026-08-05T02:08:50.652255+00:00,,6,UNSAFE,entry_created_after_closing
2026-07-14,15,12,20:31:00,2026-08-05T02:08:50.652255+00:00,2026-08-05T02:08:52.724956+00:00,2026-08-05T02:08:52.724956+00:00,,6,UNSAFE,entry_created_after_closing
2026-07-14,21,1,08:32:00,2026-08-05T02:08:40.063645+00:00,2026-08-05T02:08:42.120767+00:00,2026-08-05T02:08:42.120767+00:00,,6,UNSAFE,entry_created_after_closing
2026-07-14,21,2,08:58:00,2026-08-05T02:08:40.063645+00:00,2026-08-05T02:08:45.964232+00:00,2026-08-05T02:08:45.964232+00:00,,6,UNSAFE,entry_created_after_closing
2026-07-14,21,3,09:24:00,2026-08-05T02:08:40.063645+00:00,2026-08-05T02:08:45.964232+00:00,2026-08-05T02:08:45.964232+00:00,,6,UNSAFE,entry_created_after_closing
2026-07-14,21,4,09:50:00,2026-08-05T02:08:40.063645+00:00,2026-08-05T02:08:45.964232+00:00,2026-08-05T02:08:45.964232+00:00,,6,UNSAFE,entry_created_after_closing
2026-07-14,21,5,10:18:00,2026-08-05T02:08:40.063645+00:00,2026-08-05T02:08:45.964232+00:00,2026-08-05T02:08:45.964232+00:00,,6,UNSAFE,entry_created_after_closing
2026-07-14,21,6,10:47:00,2026-08-05T02:08:40.063645+00:00,2026-08-05T02:08:42.120767+00:00,2026-08-05T02:08:42.120767+00:00,,6,UNSAFE,entry_created_after_closing
2026-07-14,21,7,11:18:00,2026-08-05T02:08:40.063645+00:00,2026-08-05T02:08:42.120767+00:00,2026-08-05T02:08:42.120767+00:00,,6,UNSAFE,entry_created_after_closing
2026-07-14,21,8,11:48:00,2026-08-05T02:08:40.063645+00:00,2026-08-05T02:08:42.120767+00:00,2026-08-05T02:08:42.120767+00:00,,6,UNSAFE,entry_created_after_closing
2026-07-14,21,9,12:18:00,2026-08-05T02:08:40.063645+00:00,2026-08-05T02:08:42.120767+00:00,2026-08-05T02:08:42.120767+00:00,,6,UNSAFE,entry_created_after_closing
2026-07-14,21,10,12:49:00,2026-08-05T02:08:40.063645+00:00,2026-08-05T02:08:42.120767+00:00,2026-08-05T02:08:42.120767+00:00,,6,UNSAFE,entry_created_after_closing
2026-07-14,21,11,13:23:00,2026-08-05T02:08:40.063645+00:00,2026-08-05T02:08:42.120767+00:00,2026-08-05T02:08:42.120767+00:00,,6,UNSAFE,entry_created_after_closing
2026-07-14,21,12,14:00:00,2026-08-05T02:08:40.063645+00:00,2026-08-05T02:08:45.964232+00:00,2026-08-05T02:08:45.964232+00:00,,6,UNSAFE,entry_created_after_closing
2026-07-14,22,1,12:16:00,2026-08-05T02:08:40.063645+00:00,2026-08-05T02:08:42.120767+00:00,2026-08-05T02:08:42.120767+00:00,,6,UNSAFE,entry_created_after_closing
2026-07-14,22,2,12:44:00,2026-08-05T02:08:40.063645+00:00,2026-08-05T02:08:42.120767+00:00,2026-08-05T02:08:42.120767+00:00,,6,UNSAFE,entry_created_after_closing
2026-07-14,22,3,13:14:00,2026-08-05T02:08:40.063645+00:00,2026-08-05T02:08:42.120767+00:00,2026-08-05T02:08:42.120767+00:00,,6,UNSAFE,entry_created_after_closing
2026-07-14,22,4,13:46:00,2026-08-05T02:08:40.063645+00:00,2026-08-05T02:08:42.120767+00:00,2026-08-05T02:08:42.120767+00:00,,6,UNSAFE,entry_created_after_closing
2026-07-14,22,5,14:20:00,2026-08-05T02:08:40.063645+00:00,2026-08-05T02:08:45.964232+00:00,2026-08-05T02:08:45.964232+00:00,,6,UNSAFE,entry_created_after_closing
2026-07-14,22,6,14:47:00,2026-08-05T02:08:40.063645+00:00,2026-08-05T02:08:45.964232+00:00,2026-08-05T02:08:45.964232+00:00,,6,UNSAFE,entry_created_after_closing
2026-07-14,22,7,15:14:00,2026-08-05T02:08:40.063645+00:00,2026-08-05T02:08:45.964232+00:00,2026-08-05T02:08:45.964232+00:00,,6,UNSAFE,entry_created_after_closing
2026-07-14,22,8,15:45:00,2026-08-05T02:08:40.063645+00:00,2026-08-05T02:08:42.120767+00:00,2026-08-05T02:08:42.120767+00:00,,6,UNSAFE,entry_created_after_closing
2026-07-14,22,9,16:19:00,2026-08-05T02:08:40.063645+00:00,2026-08-05T02:08:42.120767+00:00,2026-08-05T02:08:42.120767+00:00,,6,UNSAFE,entry_created_after_closing
2026-07-14,22,10,16:57:00,2026-08-05T02:08:50.652255+00:00,2026-08-05T02:08:51.759428+00:00,2026-08-05T02:08:51.759428+00:00,,6,UNSAFE,entry_created_after_closing
2026-07-14,22,11,17:28:00,2026-08-05T02:08:50.652255+00:00,2026-08-05T02:08:52.724956+00:00,2026-08-05T02:08:52.724956+00:00,,6,UNSAFE,entry_created_after_closing
2026-07-14,22,12,18:00:00,2026-08-05T02:08:50.652255+00:00,2026-08-05T02:08:52.724956+00:00,2026-08-05T02:08:52.724956+00:00,,6,UNSAFE,entry_created_after_closing
2026-07-14,23,1,08:44:00,2026-08-05T02:08:40.063645+00:00,2026-08-05T02:08:40.063645+00:00,2026-08-05T02:08:40.063645+00:00,,6,UNSAFE,entry_created_after_closing
2026-07-14,23,2,09:10:00,2026-08-05T02:08:40.063645+00:00,2026-08-05T02:08:40.063645+00:00,2026-08-05T02:08:40.063645+00:00,,6,UNSAFE,entry_created_after_closing
2026-07-14,23,3,09:36:00,2026-08-05T02:08:40.063645+00:00,2026-08-05T02:08:45.964232+00:00,2026-08-05T02:08:45.964232+00:00,,6,UNSAFE,entry_created_after_closing
2026-07-14,23,4,10:02:00,2026-08-05T02:08:40.063645+00:00,2026-08-05T02:08:45.964232+00:00,2026-08-05T02:08:45.964232+00:00,,6,UNSAFE,entry_created_after_closing
2026-07-14,23,5,10:30:00,2026-08-05T02:08:40.063645+00:00,2026-08-05T02:08:45.964232+00:00,2026-08-05T02:08:45.964232+00:00,,6,UNSAFE,entry_created_after_closing
2026-07-14,23,6,10:59:00,2026-08-05T02:08:40.063645+00:00,2026-08-05T02:08:45.964232+00:00,2026-08-05T02:08:45.964232+00:00,,6,UNSAFE,entry_created_after_closing
2026-07-14,23,7,11:29:00,2026-08-05T02:08:40.063645+00:00,2026-08-05T02:08:45.964232+00:00,2026-08-05T02:08:45.964232+00:00,,6,UNSAFE,entry_created_after_closing
2026-07-14,23,8,12:06:00,2026-08-05T02:08:40.063645+00:00,2026-08-05T02:08:42.120767+00:00,2026-08-05T02:08:42.120767+00:00,,6,UNSAFE,entry_created_after_closing
2026-07-14,23,9,12:37:00,2026-08-05T02:08:40.063645+00:00,2026-08-05T02:08:40.063645+00:00,2026-08-05T02:08:40.063645+00:00,,6,UNSAFE,entry_created_after_closing
2026-07-14,23,10,13:08:00,2026-08-05T02:08:40.063645+00:00,2026-08-05T02:08:45.964232+00:00,2026-08-05T02:08:45.964232+00:00,,6,UNSAFE,entry_created_after_closing
2026-07-14,23,11,13:40:00,2026-08-05T02:08:40.063645+00:00,2026-08-05T02:08:40.063645+00:00,2026-08-05T02:08:40.063645+00:00,,6,UNSAFE,entry_created_after_closing
2026-07-14,23,12,14:15:00,2026-08-05T02:08:40.063645+00:00,2026-08-05T02:08:40.063645+00:00,2026-08-05T02:08:40.063645+00:00,,6,UNSAFE,entry_created_after_closing
2026-07-14,24,1,17:41:00,2026-08-05T02:08:50.652255+00:00,2026-08-05T02:08:51.759428+00:00,2026-08-05T02:08:51.759428+00:00,,6,UNSAFE,entry_created_after_closing
2026-07-14,24,2,18:08:00,2026-08-05T02:08:50.652255+00:00,2026-08-05T02:08:51.759428+00:00,2026-08-05T02:08:51.759428+00:00,,6,UNSAFE,entry_created_after_closing
2026-07-14,24,3,18:34:00,2026-08-05T02:08:50.652255+00:00,2026-08-05T02:08:51.759428+00:00,2026-08-05T02:08:51.759428+00:00,,6,UNSAFE,entry_created_after_closing
2026-07-14,24,4,19:03:00,2026-08-05T02:08:50.652255+00:00,2026-08-05T02:08:51.759428+00:00,2026-08-05T02:08:51.759428+00:00,,6,UNSAFE,entry_created_after_closing
2026-07-14,24,5,19:30:00,2026-08-05T02:08:50.652255+00:00,2026-08-05T02:08:52.724956+00:00,2026-08-05T02:08:52.724956+00:00,,6,UNSAFE,entry_created_after_closing
2026-07-14,24,6,19:56:00,2026-08-05T02:08:50.652255+00:00,2026-08-05T02:08:51.759428+00:00,2026-08-05T02:08:51.759428+00:00,,6,UNSAFE,entry_created_after_closing
2026-07-14,24,7,20:25:00,2026-08-05T02:08:50.652255+00:00,2026-08-05T02:08:51.759428+00:00,2026-08-05T02:08:51.759428+00:00,,6,UNSAFE,entry_created_after_closing
2026-07-14,24,8,20:59:00,2026-08-05T02:08:50.652255+00:00,2026-08-05T02:08:51.759428+00:00,2026-08-05T02:08:51.759428+00:00,,6,UNSAFE,entry_created_after_closing
2026-07-14,24,9,21:25:00,2026-08-05T02:08:50.652255+00:00,2026-08-05T02:08:51.759428+00:00,2026-08-05T02:08:51.759428+00:00,,6,UNSAFE,entry_created_after_closing
2026-07-14,24,10,21:51:00,2026-08-05T02:08:50.652255+00:00,2026-08-05T02:08:51.759428+00:00,2026-08-05T02:08:51.759428+00:00,,6,UNSAFE,entry_created_after_closing
2026-07-14,24,11,22:16:00,2026-08-05T02:08:50.652255+00:00,2026-08-05T02:08:51.759428+00:00,2026-08-05T02:08:51.759428+00:00,,6,UNSAFE,entry_created_after_closing
2026-07-14,24,12,22:41:00,2026-08-05T02:08:50.652255+00:00,2026-08-05T02:08:53.638677+00:00,2026-08-05T02:08:53.638677+00:00,,6,UNSAFE,entry_created_after_closing
2026-07-15,1,1,15:23:00,2026-08-05T02:10:12.300046+00:00,2026-08-05T02:10:12.300046+00:00,2026-08-05T02:10:12.300046+00:00,,6,UNSAFE,entry_created_after_closing
2026-07-15,1,2,15:49:00,2026-08-05T02:10:12.300046+00:00,2026-08-05T02:10:12.300046+00:00,2026-08-05T02:10:12.300046+00:00,,6,UNSAFE,entry_created_after_closing
2026-07-15,1,3,16:13:00,2026-08-05T02:10:12.300046+00:00,2026-08-05T02:10:13.295903+00:00,2026-08-05T02:10:13.295903+00:00,,6,UNSAFE,entry_created_after_closing
2026-07-15,1,4,16:40:00,2026-08-05T02:10:12.300046+00:00,2026-08-05T02:10:12.300046+00:00,2026-08-05T02:10:12.300046+00:00,,6,UNSAFE,entry_created_after_closing
2026-07-15,1,5,17:09:00,2026-08-05T02:10:12.300046+00:00,2026-08-05T02:10:12.300046+00:00,2026-08-05T02:10:12.300046+00:00,,6,UNSAFE,entry_created_after_closing
2026-07-15,1,6,17:37:00,2026-08-05T02:10:12.300046+00:00,2026-08-05T02:10:13.295903+00:00,2026-08-05T02:10:13.295903+00:00,,6,UNSAFE,entry_created_after_closing
2026-07-15,1,7,18:05:00,2026-08-05T02:10:12.300046+00:00,2026-08-05T02:10:13.295903+00:00,2026-08-05T02:10:13.295903+00:00,,6,UNSAFE,entry_created_after_closing
2026-07-15,1,8,18:37:00,2026-08-05T02:10:12.300046+00:00,2026-08-05T02:10:13.295903+00:00,2026-08-05T02:10:13.295903+00:00,,6,UNSAFE,entry_created_after_closing
2026-07-15,1,9,19:06:00,2026-08-05T02:10:12.300046+00:00,2026-08-05T02:10:13.295903+00:00,2026-08-05T02:10:13.295903+00:00,,6,UNSAFE,entry_created_after_closing
2026-07-15,1,10,19:39:00,2026-08-05T02:10:12.300046+00:00,2026-08-05T02:10:12.300046+00:00,2026-08-05T02:10:12.300046+00:00,,6,UNSAFE,entry_created_after_closing
2026-07-15,1,11,20:09:00,2026-08-05T02:10:12.300046+00:00,2026-08-05T02:10:13.295903+00:00,2026-08-05T02:10:13.295903+00:00,,6,UNSAFE,entry_created_after_closing
2026-07-15,1,12,20:38:00,2026-08-05T02:10:12.300046+00:00,2026-08-05T02:10:13.295903+00:00,2026-08-05T02:10:13.295903+00:00,,6,UNSAFE,entry_created_after_closing
2026-07-15,3,1,11:14:00,2026-08-05T02:10:21.481904+00:00,2026-08-05T02:10:23.087504+00:00,2026-08-05T02:10:23.087504+00:00,,6,UNSAFE,entry_created_after_closing
2026-07-15,3,2,11:41:00,2026-08-05T02:10:21.481904+00:00,2026-08-05T02:10:23.834819+00:00,2026-08-05T02:10:23.834819+00:00,,6,UNSAFE,entry_created_after_closing
2026-07-15,3,3,12:08:00,2026-08-05T02:10:21.481904+00:00,2026-08-05T02:10:23.834819+00:00,2026-08-05T02:10:23.834819+00:00,,6,UNSAFE,entry_created_after_closing
2026-07-15,3,4,12:35:00,2026-08-05T02:10:21.481904+00:00,2026-08-05T02:10:23.834819+00:00,2026-08-05T02:10:23.834819+00:00,,6,UNSAFE,entry_created_after_closing
2026-07-15,3,5,13:02:00,2026-08-05T02:10:21.481904+00:00,2026-08-05T02:10:24.502754+00:00,2026-08-05T02:10:24.502754+00:00,,6,UNSAFE,entry_created_after_closing
2026-07-15,3,6,13:29:00,2026-08-05T02:10:21.481904+00:00,2026-08-05T02:10:23.834819+00:00,2026-08-05T02:10:23.834819+00:00,,6,UNSAFE,entry_created_after_closing
2026-07-15,3,7,13:56:00,2026-08-05T02:10:21.481904+00:00,2026-08-05T02:10:23.834819+00:00,2026-08-05T02:10:23.834819+00:00,,6,UNSAFE,entry_created_after_closing
2026-07-15,3,8,14:24:00,2026-08-05T02:10:21.481904+00:00,2026-08-05T02:10:23.834819+00:00,2026-08-05T02:10:23.834819+00:00,,6,UNSAFE,entry_created_after_closing
2026-07-15,3,9,14:52:00,2026-08-05T02:10:21.481904+00:00,2026-08-05T02:10:23.087504+00:00,2026-08-05T02:10:23.087504+00:00,,6,UNSAFE,entry_created_after_closing
2026-07-15,3,10,15:22:00,2026-08-05T02:10:21.481904+00:00,2026-08-05T02:10:23.834819+00:00,2026-08-05T02:10:23.834819+00:00,,6,UNSAFE,entry_created_after_closing
2026-07-15,3,11,15:53:00,2026-08-05T02:10:21.481904+00:00,2026-08-05T02:10:23.834819+00:00,2026-08-05T02:10:23.834819+00:00,,6,UNSAFE,entry_created_after_closing
2026-07-15,3,12,16:25:00,2026-08-05T02:10:21.481904+00:00,2026-08-05T02:10:23.834819+00:00,2026-08-05T02:10:23.834819+00:00,,6,UNSAFE,entry_created_after_closing
2026-07-15,5,1,11:35:00,2026-08-05T02:10:14.563363+00:00,2026-08-05T02:10:16.494762+00:00,2026-08-05T02:10:16.494762+00:00,,6,UNSAFE,entry_created_after_closing
2026-07-15,5,2,12:04:00,2026-08-05T02:10:14.563363+00:00,2026-08-05T02:10:17.358204+00:00,2026-08-05T02:10:17.358204+00:00,,6,UNSAFE,entry_created_after_closing
2026-07-15,5,3,12:34:00,2026-08-05T02:10:14.563363+00:00,2026-08-05T02:10:17.358204+00:00,2026-08-05T02:10:17.358204+00:00,,6,UNSAFE,entry_created_after_closing
2026-07-15,5,4,13:03:00,2026-08-05T02:10:14.563363+00:00,2026-08-05T02:10:17.358204+00:00,2026-08-05T02:10:17.358204+00:00,,6,UNSAFE,entry_created_after_closing
2026-07-15,5,5,13:36:00,2026-08-05T02:10:14.563363+00:00,2026-08-05T02:10:17.358204+00:00,2026-08-05T02:10:17.358204+00:00,,6,UNSAFE,entry_created_after_closing
2026-07-15,5,6,14:04:00,2026-08-05T02:10:14.563363+00:00,2026-08-05T02:10:17.358204+00:00,2026-08-05T02:10:17.358204+00:00,,6,UNSAFE,entry_created_after_closing
2026-07-15,5,7,14:35:00,2026-08-05T02:10:14.563363+00:00,2026-08-05T02:10:17.358204+00:00,2026-08-05T02:10:17.358204+00:00,,6,UNSAFE,entry_created_after_closing
2026-07-15,5,8,15:07:00,2026-08-05T02:10:14.563363+00:00,2026-08-05T02:10:17.358204+00:00,2026-08-05T02:10:17.358204+00:00,,6,UNSAFE,entry_created_after_closing
2026-07-15,5,9,15:42:00,2026-08-05T02:10:14.563363+00:00,2026-08-05T02:10:17.358204+00:00,2026-08-05T02:10:17.358204+00:00,,6,UNSAFE,entry_created_after_closing
2026-07-15,5,10,16:12:00,2026-08-05T02:10:14.563363+00:00,2026-08-05T02:10:16.494762+00:00,2026-08-05T02:10:16.494762+00:00,,6,UNSAFE,entry_created_after_closing
2026-07-15,5,11,16:48:00,2026-08-05T02:10:14.563363+00:00,2026-08-05T02:10:17.358204+00:00,2026-08-05T02:10:17.358204+00:00,,6,UNSAFE,entry_created_after_closing
2026-07-15,5,12,17:20:00,2026-08-05T02:10:14.563363+00:00,2026-08-05T02:10:17.358204+00:00,2026-08-05T02:10:17.358204+00:00,,6,UNSAFE,entry_created_after_closing
2026-07-15,6,1,11:33:00,2026-08-05T02:10:14.563363+00:00,2026-08-05T02:10:17.358204+00:00,2026-08-05T02:10:17.358204+00:00,,6,UNSAFE,entry_created_after_closing
2026-07-15,6,2,11:58:00,2026-08-05T02:10:14.563363+00:00,2026-08-05T02:10:17.358204+00:00,2026-08-05T02:10:17.358204+00:00,,6,UNSAFE,entry_created_after_closing
2026-07-15,6,3,12:26:00,2026-08-05T02:10:14.563363+00:00,2026-08-05T02:10:17.358204+00:00,2026-08-05T02:10:17.358204+00:00,,6,UNSAFE,entry_created_after_closing
2026-07-15,6,4,12:52:00,2026-08-05T02:10:14.563363+00:00,2026-08-05T02:10:17.358204+00:00,2026-08-05T02:10:17.358204+00:00,,6,UNSAFE,entry_created_after_closing
2026-07-15,6,5,13:18:00,2026-08-05T02:10:14.563363+00:00,2026-08-05T02:10:17.358204+00:00,2026-08-05T02:10:17.358204+00:00,,6,UNSAFE,entry_created_after_closing
2026-07-15,6,6,13:48:00,2026-08-05T02:10:14.563363+00:00,2026-08-05T02:10:17.358204+00:00,2026-08-05T02:10:17.358204+00:00,,6,UNSAFE,entry_created_after_closing
2026-07-15,6,7,14:31:00,2026-08-05T02:10:14.563363+00:00,2026-08-05T02:10:17.358204+00:00,2026-08-05T02:10:17.358204+00:00,,6,UNSAFE,entry_created_after_closing
2026-07-15,6,8,15:02:00,2026-08-05T02:10:14.563363+00:00,2026-08-05T02:10:17.358204+00:00,2026-08-05T02:10:17.358204+00:00,,6,UNSAFE,entry_created_after_closing
2026-07-15,6,9,15:37:00,2026-08-05T02:10:14.563363+00:00,2026-08-05T02:10:17.358204+00:00,2026-08-05T02:10:17.358204+00:00,,6,UNSAFE,entry_created_after_closing
2026-07-15,6,10,16:11:00,2026-08-05T02:10:14.563363+00:00,2026-08-05T02:10:17.358204+00:00,2026-08-05T02:10:17.358204+00:00,,6,UNSAFE,entry_created_after_closing
2026-07-15,6,11,16:38:00,2026-08-05T02:10:14.563363+00:00,2026-08-05T02:10:17.358204+00:00,2026-08-05T02:10:17.358204+00:00,,6,UNSAFE,entry_created_after_closing
2026-07-15,6,12,17:07:00,2026-08-05T02:10:14.563363+00:00,2026-08-05T02:10:17.358204+00:00,2026-08-05T02:10:17.358204+00:00,,6,UNSAFE,entry_created_after_closing
2026-07-15,7,1,15:20:00,2026-08-05T02:10:14.563363+00:00,2026-08-05T02:10:17.358204+00:00,2026-08-05T02:10:17.358204+00:00,,6,UNSAFE,entry_created_after_closing
2026-07-15,7,2,15:47:00,2026-08-05T02:10:14.563363+00:00,2026-08-05T02:10:17.358204+00:00,2026-08-05T02:10:17.358204+00:00,,6,UNSAFE,entry_created_after_closing
2026-07-15,7,3,16:15:00,2026-08-05T02:10:14.563363+00:00,2026-08-05T02:10:17.358204+00:00,2026-08-05T02:10:17.358204+00:00,,6,UNSAFE,entry_created_after_closing
2026-07-15,7,4,16:44:00,2026-08-05T02:10:14.563363+00:00,2026-08-05T02:10:17.358204+00:00,2026-08-05T02:10:17.358204+00:00,,6,UNSAFE,entry_created_after_closing
2026-07-15,7,5,17:13:00,2026-08-05T02:10:14.563363+00:00,2026-08-05T02:10:17.358204+00:00,2026-08-05T02:10:17.358204+00:00,,6,UNSAFE,entry_created_after_closing
2026-07-15,7,6,17:42:00,2026-08-05T02:10:14.563363+00:00,2026-08-05T02:10:17.358204+00:00,2026-08-05T02:10:17.358204+00:00,,6,UNSAFE,entry_created_after_closing
2026-07-15,7,7,18:12:00,2026-08-05T02:10:14.563363+00:00,2026-08-05T02:10:16.494762+00:00,2026-08-05T02:10:16.494762+00:00,,6,UNSAFE,entry_created_after_closing
2026-07-15,7,8,18:42:00,2026-08-05T02:10:14.563363+00:00,2026-08-05T02:10:17.358204+00:00,2026-08-05T02:10:17.358204+00:00,,6,UNSAFE,entry_created_after_closing
2026-07-15,7,9,19:12:00,2026-08-05T02:10:14.563363+00:00,2026-08-05T02:10:17.358204+00:00,2026-08-05T02:10:17.358204+00:00,,6,UNSAFE,entry_created_after_closing
2026-07-15,7,10,19:42:00,2026-08-05T02:10:14.563363+00:00,2026-08-05T02:10:17.358204+00:00,2026-08-05T02:10:17.358204+00:00,,6,UNSAFE,entry_created_after_closing
2026-07-15,7,11,20:13:00,2026-08-05T02:10:14.563363+00:00,2026-08-05T02:10:17.358204+00:00,2026-08-05T02:10:17.358204+00:00,,6,UNSAFE,entry_created_after_closing
2026-07-15,7,12,20:45:00,2026-08-05T02:10:14.563363+00:00,2026-08-05T02:10:17.358204+00:00,2026-08-05T02:10:17.358204+00:00,,6,UNSAFE,entry_created_after_closing
2026-07-15,8,1,10:40:00,2026-08-05T02:10:21.481904+00:00,2026-08-05T02:10:23.087504+00:00,2026-08-05T02:10:23.087504+00:00,,6,UNSAFE,entry_created_after_closing
2026-07-15,8,2,11:08:00,2026-08-05T02:10:21.481904+00:00,2026-08-05T02:10:23.087504+00:00,2026-08-05T02:10:23.087504+00:00,,6,UNSAFE,entry_created_after_closing
2026-07-15,8,3,11:38:00,2026-08-05T02:10:21.481904+00:00,2026-08-05T02:10:23.834819+00:00,2026-08-05T02:10:23.834819+00:00,,6,UNSAFE,entry_created_after_closing
2026-07-15,8,4,12:06:00,2026-08-05T02:10:21.481904+00:00,2026-08-05T02:10:23.834819+00:00,2026-08-05T02:10:23.834819+00:00,,6,UNSAFE,entry_created_after_closing
2026-07-15,8,5,12:42:00,2026-08-05T02:10:21.481904+00:00,2026-08-05T02:10:23.087504+00:00,2026-08-05T02:10:23.087504+00:00,,6,UNSAFE,entry_created_after_closing
2026-07-15,8,6,13:11:00,2026-08-05T02:10:21.481904+00:00,2026-08-05T02:10:23.087504+00:00,2026-08-05T02:10:23.087504+00:00,,6,UNSAFE,entry_created_after_closing
2026-07-15,8,7,13:43:00,2026-08-05T02:10:21.481904+00:00,2026-08-05T02:10:23.087504+00:00,2026-08-05T02:10:23.087504+00:00,,6,UNSAFE,entry_created_after_closing
2026-07-15,8,8,14:11:00,2026-08-05T02:10:21.481904+00:00,2026-08-05T02:10:23.087504+00:00,2026-08-05T02:10:23.087504+00:00,,6,UNSAFE,entry_created_after_closing
2026-07-15,8,9,14:40:00,2026-08-05T02:10:21.481904+00:00,2026-08-05T02:10:23.087504+00:00,2026-08-05T02:10:23.087504+00:00,,6,UNSAFE,entry_created_after_closing
2026-07-15,8,10,15:11:00,2026-08-05T02:10:21.481904+00:00,2026-08-05T02:10:23.087504+00:00,2026-08-05T02:10:23.087504+00:00,,6,UNSAFE,entry_created_after_closing
2026-07-15,8,11,15:43:00,2026-08-05T02:10:21.481904+00:00,2026-08-05T02:10:23.087504+00:00,2026-08-05T02:10:23.087504+00:00,,6,UNSAFE,entry_created_after_closing
2026-07-15,8,12,16:18:00,2026-08-05T02:10:21.481904+00:00,2026-08-05T02:10:23.087504+00:00,2026-08-05T02:10:23.087504+00:00,,6,UNSAFE,entry_created_after_closing
2026-07-15,12,1,15:17:00,2026-08-05T02:10:21.481904+00:00,2026-08-05T02:10:23.834819+00:00,2026-08-05T02:10:23.834819+00:00,,6,UNSAFE,entry_created_after_closing
2026-07-15,12,2,15:41:00,2026-08-05T02:10:21.481904+00:00,2026-08-05T02:10:23.834819+00:00,2026-08-05T02:10:23.834819+00:00,,6,UNSAFE,entry_created_after_closing
2026-07-15,12,3,16:07:00,2026-08-05T02:10:21.481904+00:00,2026-08-05T02:10:23.834819+00:00,2026-08-05T02:10:23.834819+00:00,,6,UNSAFE,entry_created_after_closing
2026-07-15,12,4,16:32:00,2026-08-05T02:10:21.481904+00:00,2026-08-05T02:10:23.834819+00:00,2026-08-05T02:10:23.834819+00:00,,6,UNSAFE,entry_created_after_closing
2026-07-15,12,5,17:01:00,2026-08-05T02:10:21.481904+00:00,2026-08-05T02:10:23.834819+00:00,2026-08-05T02:10:23.834819+00:00,,6,UNSAFE,entry_created_after_closing
2026-07-15,12,6,17:34:00,2026-08-05T02:10:21.481904+00:00,2026-08-05T02:10:21.481904+00:00,2026-08-05T02:10:21.481904+00:00,,6,UNSAFE,entry_created_after_closing
2026-07-15,12,7,17:58:00,2026-08-05T02:10:21.481904+00:00,2026-08-05T02:10:21.481904+00:00,2026-08-05T02:10:21.481904+00:00,,6,UNSAFE,entry_created_after_closing
2026-07-15,12,8,18:29:00,2026-08-05T02:10:21.481904+00:00,2026-08-05T02:10:21.481904+00:00,2026-08-05T02:10:21.481904+00:00,,6,UNSAFE,entry_created_after_closing
2026-07-15,12,9,18:55:00,2026-08-05T02:10:21.481904+00:00,2026-08-05T02:10:23.834819+00:00,2026-08-05T02:10:23.834819+00:00,,6,UNSAFE,entry_created_after_closing
2026-07-15,12,10,19:25:00,2026-08-05T02:10:21.481904+00:00,2026-08-05T02:10:23.834819+00:00,2026-08-05T02:10:23.834819+00:00,,6,UNSAFE,entry_created_after_closing
2026-07-15,12,11,20:03:00,2026-08-05T02:10:21.481904+00:00,2026-08-05T02:10:23.834819+00:00,2026-08-05T02:10:23.834819+00:00,,6,UNSAFE,entry_created_after_closing
2026-07-15,12,12,20:31:00,2026-08-05T02:10:21.481904+00:00,2026-08-05T02:10:23.834819+00:00,2026-08-05T02:10:23.834819+00:00,,6,UNSAFE,entry_created_after_closing
2026-07-15,13,1,10:35:00,2026-08-05T02:10:18.390165+00:00,2026-08-05T02:10:19.191144+00:00,2026-08-05T02:10:19.191144+00:00,,6,UNSAFE,entry_created_after_closing
2026-07-15,13,2,11:03:00,2026-08-05T02:10:19.191144+00:00,2026-08-05T02:10:19.191144+00:00,2026-08-05T02:10:19.191144+00:00,,6,UNSAFE,entry_created_after_closing
2026-07-15,13,3,11:32:00,2026-08-05T02:10:19.191144+00:00,2026-08-05T02:10:19.191144+00:00,2026-08-05T02:10:19.191144+00:00,,6,UNSAFE,entry_created_after_closing
2026-07-15,13,4,12:01:00,2026-08-05T02:10:19.191144+00:00,2026-08-05T02:10:19.191144+00:00,2026-08-05T02:10:19.191144+00:00,,6,UNSAFE,entry_created_after_closing
2026-07-15,13,5,12:30:00,2026-08-05T02:10:18.390165+00:00,2026-08-05T02:10:19.191144+00:00,2026-08-05T02:10:19.191144+00:00,,6,UNSAFE,entry_created_after_closing
2026-07-15,13,6,12:59:00,2026-08-05T02:10:19.191144+00:00,2026-08-05T02:10:19.191144+00:00,2026-08-05T02:10:19.191144+00:00,,6,UNSAFE,entry_created_after_closing
2026-07-15,13,7,13:33:00,2026-08-05T02:10:19.191144+00:00,2026-08-05T02:10:19.191144+00:00,2026-08-05T02:10:19.191144+00:00,,6,UNSAFE,entry_created_after_closing
2026-07-15,13,8,14:07:00,2026-08-05T02:10:19.191144+00:00,2026-08-05T02:10:19.191144+00:00,2026-08-05T02:10:19.191144+00:00,,6,UNSAFE,entry_created_after_closing
2026-07-15,13,9,14:42:00,2026-08-05T02:10:19.191144+00:00,2026-08-05T02:10:19.191144+00:00,2026-08-05T02:10:19.191144+00:00,,6,UNSAFE,entry_created_after_closing
2026-07-15,13,10,15:18:00,2026-08-05T02:10:19.191144+00:00,2026-08-05T02:10:20.024647+00:00,2026-08-05T02:10:20.024647+00:00,,6,UNSAFE,entry_created_after_closing
2026-07-15,13,11,15:56:00,2026-08-05T02:10:19.191144+00:00,2026-08-05T02:10:19.191144+00:00,2026-08-05T02:10:19.191144+00:00,,6,UNSAFE,entry_created_after_closing
2026-07-15,13,12,16:35:00,2026-08-05T02:10:19.191144+00:00,2026-08-05T02:10:19.191144+00:00,2026-08-05T02:10:19.191144+00:00,,6,UNSAFE,entry_created_after_closing
2026-07-15,17,1,10:43:00,2026-08-05T02:10:14.563363+00:00,2026-08-05T02:10:15.727069+00:00,2026-08-05T02:10:15.727069+00:00,,6,UNSAFE,entry_created_after_closing
2026-07-15,17,2,11:15:00,2026-08-05T02:10:14.563363+00:00,2026-08-05T02:10:15.727069+00:00,2026-08-05T02:10:15.727069+00:00,,6,UNSAFE,entry_created_after_closing
2026-07-15,17,3,11:43:00,2026-08-05T02:10:14.563363+00:00,2026-08-05T02:10:17.358204+00:00,2026-08-05T02:10:17.358204+00:00,,6,UNSAFE,entry_created_after_closing
2026-07-15,17,4,12:13:00,2026-08-05T02:10:14.563363+00:00,2026-08-05T02:10:14.563363+00:00,2026-08-05T02:10:14.563363+00:00,,6,UNSAFE,entry_created_after_closing
2026-07-15,17,5,12:40:00,2026-08-05T02:10:14.563363+00:00,2026-08-05T02:10:14.563363+00:00,2026-08-05T02:10:14.563363+00:00,,6,UNSAFE,entry_created_after_closing
2026-07-15,17,6,13:22:00,2026-08-05T02:10:14.563363+00:00,2026-08-05T02:10:15.727069+00:00,2026-08-05T02:10:15.727069+00:00,,6,UNSAFE,entry_created_after_closing
2026-07-15,17,7,13:57:00,2026-08-05T02:10:14.563363+00:00,2026-08-05T02:10:14.563363+00:00,2026-08-05T02:10:14.563363+00:00,,6,UNSAFE,entry_created_after_closing
2026-07-15,17,8,14:28:00,2026-08-05T02:10:14.563363+00:00,2026-08-05T02:10:14.563363+00:00,2026-08-05T02:10:14.563363+00:00,,6,UNSAFE,entry_created_after_closing
2026-07-15,17,9,14:55:00,2026-08-05T02:10:14.563363+00:00,2026-08-05T02:10:15.727069+00:00,2026-08-05T02:10:15.727069+00:00,,6,UNSAFE,entry_created_after_closing
2026-07-15,17,10,15:32:00,2026-08-05T02:10:14.563363+00:00,2026-08-05T02:10:14.563363+00:00,2026-08-05T02:10:14.563363+00:00,,6,UNSAFE,entry_created_after_closing
2026-07-15,17,11,16:05:00,2026-08-05T02:10:14.563363+00:00,2026-08-05T02:10:14.563363+00:00,2026-08-05T02:10:14.563363+00:00,,6,UNSAFE,entry_created_after_closing
2026-07-15,17,12,16:52:00,2026-08-05T02:10:14.563363+00:00,2026-08-05T02:10:15.727069+00:00,2026-08-05T02:10:15.727069+00:00,,6,UNSAFE,entry_created_after_closing
2026-07-15,18,1,08:46:00,2026-08-05T02:10:19.191144+00:00,2026-08-05T02:10:20.024647+00:00,2026-08-05T02:10:20.024647+00:00,,6,UNSAFE,entry_created_after_closing
2026-07-15,18,2,09:12:00,2026-08-05T02:10:19.191144+00:00,2026-08-05T02:10:20.024647+00:00,2026-08-05T02:10:20.024647+00:00,,6,UNSAFE,entry_created_after_closing
2026-07-15,18,3,09:38:00,2026-08-05T02:10:19.191144+00:00,2026-08-05T02:10:20.024647+00:00,2026-08-05T02:10:20.024647+00:00,,6,UNSAFE,entry_created_after_closing
2026-07-15,18,4,10:04:00,2026-08-05T02:10:19.191144+00:00,2026-08-05T02:10:20.024647+00:00,2026-08-05T02:10:20.024647+00:00,,6,UNSAFE,entry_created_after_closing
2026-07-15,18,5,10:30:00,2026-08-05T02:10:19.191144+00:00,2026-08-05T02:10:20.024647+00:00,2026-08-05T02:10:20.024647+00:00,,6,UNSAFE,entry_created_after_closing
2026-07-15,18,6,10:59:00,2026-08-05T02:10:19.191144+00:00,2026-08-05T02:10:20.024647+00:00,2026-08-05T02:10:20.024647+00:00,,6,UNSAFE,entry_created_after_closing
2026-07-15,18,7,11:30:00,2026-08-05T02:10:19.191144+00:00,2026-08-05T02:10:20.024647+00:00,2026-08-05T02:10:20.024647+00:00,,6,UNSAFE,entry_created_after_closing
2026-07-15,18,8,12:02:00,2026-08-05T02:10:19.191144+00:00,2026-08-05T02:10:20.024647+00:00,2026-08-05T02:10:20.024647+00:00,,6,UNSAFE,entry_created_after_closing
2026-07-15,18,9,12:33:00,2026-08-05T02:10:19.191144+00:00,2026-08-05T02:10:20.024647+00:00,2026-08-05T02:10:20.024647+00:00,,6,UNSAFE,entry_created_after_closing
2026-07-15,18,10,13:06:00,2026-08-05T02:10:19.191144+00:00,2026-08-05T02:10:20.024647+00:00,2026-08-05T02:10:20.024647+00:00,,6,UNSAFE,entry_created_after_closing
2026-07-15,18,11,13:39:00,2026-08-05T02:10:19.191144+00:00,2026-08-05T02:10:20.024647+00:00,2026-08-05T02:10:20.024647+00:00,,6,UNSAFE,entry_created_after_closing
2026-07-15,18,12,14:13:00,2026-08-05T02:10:18.390165+00:00,2026-08-05T02:10:20.670277+00:00,2026-08-05T02:10:20.670277+00:00,,6,UNSAFE,entry_created_after_closing
2026-07-15,21,1,08:32:00,2026-08-05T02:10:14.563363+00:00,2026-08-05T02:10:17.358204+00:00,2026-08-05T02:10:17.358204+00:00,,6,UNSAFE,entry_created_after_closing
2026-07-15,21,2,08:58:00,2026-08-05T02:10:14.563363+00:00,2026-08-05T02:10:17.358204+00:00,2026-08-05T02:10:17.358204+00:00,,6,UNSAFE,entry_created_after_closing
2026-07-15,21,3,09:24:00,2026-08-05T02:10:14.563363+00:00,2026-08-05T02:10:17.358204+00:00,2026-08-05T02:10:17.358204+00:00,,6,UNSAFE,entry_created_after_closing
2026-07-15,21,4,09:50:00,2026-08-05T02:10:14.563363+00:00,2026-08-05T02:10:16.494762+00:00,2026-08-05T02:10:16.494762+00:00,,6,UNSAFE,entry_created_after_closing
2026-07-15,21,5,10:16:00,2026-08-05T02:10:14.563363+00:00,2026-08-05T02:10:17.358204+00:00,2026-08-05T02:10:17.358204+00:00,,6,UNSAFE,entry_created_after_closing
2026-07-15,21,6,10:46:00,2026-08-05T02:10:14.563363+00:00,2026-08-05T02:10:17.358204+00:00,2026-08-05T02:10:17.358204+00:00,,6,UNSAFE,entry_created_after_closing
2026-07-15,21,7,11:17:00,2026-08-05T02:10:14.563363+00:00,2026-08-05T02:10:17.358204+00:00,2026-08-05T02:10:17.358204+00:00,,6,UNSAFE,entry_created_after_closing
2026-07-15,21,8,11:47:00,2026-08-05T02:10:14.563363+00:00,2026-08-05T02:10:17.358204+00:00,2026-08-05T02:10:17.358204+00:00,,6,UNSAFE,entry_created_after_closing
2026-07-15,21,9,12:19:00,2026-08-05T02:10:14.563363+00:00,2026-08-05T02:10:17.358204+00:00,2026-08-05T02:10:17.358204+00:00,,6,UNSAFE,entry_created_after_closing
2026-07-15,21,10,12:50:00,2026-08-05T02:10:14.563363+00:00,2026-08-05T02:10:17.358204+00:00,2026-08-05T02:10:17.358204+00:00,,6,UNSAFE,entry_created_after_closing
2026-07-15,21,11,13:24:00,2026-08-05T02:10:14.563363+00:00,2026-08-05T02:10:16.494762+00:00,2026-08-05T02:10:16.494762+00:00,,6,UNSAFE,entry_created_after_closing
2026-07-15,21,12,14:00:00,2026-08-05T02:10:14.563363+00:00,2026-08-05T02:10:17.358204+00:00,2026-08-05T02:10:17.358204+00:00,,6,UNSAFE,entry_created_after_closing
2026-07-15,22,1,12:16:00,2026-08-05T02:10:14.563363+00:00,2026-08-05T02:10:17.358204+00:00,2026-08-05T02:10:17.358204+00:00,,6,UNSAFE,entry_created_after_closing
2026-07-15,22,2,12:44:00,2026-08-05T02:10:14.563363+00:00,2026-08-05T02:10:17.358204+00:00,2026-08-05T02:10:17.358204+00:00,,6,UNSAFE,entry_created_after_closing
2026-07-15,22,3,13:13:00,2026-08-05T02:10:14.563363+00:00,2026-08-05T02:10:17.358204+00:00,2026-08-05T02:10:17.358204+00:00,,6,UNSAFE,entry_created_after_closing
2026-07-15,22,4,13:45:00,2026-08-05T02:10:14.563363+00:00,2026-08-05T02:10:17.358204+00:00,2026-08-05T02:10:17.358204+00:00,,6,UNSAFE,entry_created_after_closing
2026-07-15,22,5,14:19:00,2026-08-05T02:10:14.563363+00:00,2026-08-05T02:10:17.358204+00:00,2026-08-05T02:10:17.358204+00:00,,6,UNSAFE,entry_created_after_closing
2026-07-15,22,6,14:46:00,2026-08-05T02:10:14.563363+00:00,2026-08-05T02:10:17.358204+00:00,2026-08-05T02:10:17.358204+00:00,,6,UNSAFE,entry_created_after_closing
2026-07-15,22,7,15:14:00,2026-08-05T02:10:14.563363+00:00,2026-08-05T02:10:17.358204+00:00,2026-08-05T02:10:17.358204+00:00,,6,UNSAFE,entry_created_after_closing
2026-07-15,22,8,15:45:00,2026-08-05T02:10:14.563363+00:00,2026-08-05T02:10:17.358204+00:00,2026-08-05T02:10:17.358204+00:00,,6,UNSAFE,entry_created_after_closing
2026-07-15,22,9,16:20:00,2026-08-05T02:10:14.563363+00:00,2026-08-05T02:10:17.358204+00:00,2026-08-05T02:10:17.358204+00:00,,6,UNSAFE,entry_created_after_closing
2026-07-15,22,10,16:54:00,2026-08-05T02:10:14.563363+00:00,2026-08-05T02:10:17.358204+00:00,2026-08-05T02:10:17.358204+00:00,,6,UNSAFE,entry_created_after_closing
2026-07-15,22,11,17:28:00,2026-08-05T02:10:14.563363+00:00,2026-08-05T02:10:16.494762+00:00,2026-08-05T02:10:16.494762+00:00,,6,UNSAFE,entry_created_after_closing
2026-07-15,22,12,18:00:00,2026-08-05T02:10:14.563363+00:00,2026-08-05T02:10:16.494762+00:00,2026-08-05T02:10:16.494762+00:00,,6,UNSAFE,entry_created_after_closing
2026-07-15,23,1,08:39:00,2026-08-05T02:10:14.563363+00:00,2026-08-05T02:10:15.727069+00:00,2026-08-05T02:10:15.727069+00:00,,6,UNSAFE,entry_created_after_closing
2026-07-15,23,2,09:05:00,2026-08-05T02:10:14.563363+00:00,2026-08-05T02:10:14.563363+00:00,2026-08-05T02:10:14.563363+00:00,,6,UNSAFE,entry_created_after_closing
2026-07-15,23,3,09:31:00,2026-08-05T02:10:14.563363+00:00,2026-08-05T02:10:15.727069+00:00,2026-08-05T02:10:15.727069+00:00,,6,UNSAFE,entry_created_after_closing
2026-07-15,23,4,09:57:00,2026-08-05T02:10:14.563363+00:00,2026-08-05T02:10:15.727069+00:00,2026-08-05T02:10:15.727069+00:00,,6,UNSAFE,entry_created_after_closing
2026-07-15,23,5,10:23:00,2026-08-05T02:10:14.563363+00:00,2026-08-05T02:10:15.727069+00:00,2026-08-05T02:10:15.727069+00:00,,6,UNSAFE,entry_created_after_closing
2026-07-15,23,6,10:52:00,2026-08-05T02:10:14.563363+00:00,2026-08-05T02:10:14.563363+00:00,2026-08-05T02:10:14.563363+00:00,,6,UNSAFE,entry_created_after_closing
2026-07-15,23,7,11:22:00,2026-08-05T02:10:14.563363+00:00,2026-08-05T02:10:14.563363+00:00,2026-08-05T02:10:14.563363+00:00,,6,UNSAFE,entry_created_after_closing
2026-07-15,23,8,11:53:00,2026-08-05T02:10:14.563363+00:00,2026-08-05T02:10:15.727069+00:00,2026-08-05T02:10:15.727069+00:00,,6,UNSAFE,entry_created_after_closing
2026-07-15,23,9,12:24:00,2026-08-05T02:10:14.563363+00:00,2026-08-05T02:10:15.727069+00:00,2026-08-05T02:10:15.727069+00:00,,6,UNSAFE,entry_created_after_closing
2026-07-15,23,10,12:55:00,2026-08-05T02:10:14.563363+00:00,2026-08-05T02:10:15.727069+00:00,2026-08-05T02:10:15.727069+00:00,,6,UNSAFE,entry_created_after_closing
2026-07-15,23,11,13:28:00,2026-08-05T02:10:14.563363+00:00,2026-08-05T02:10:14.563363+00:00,2026-08-05T02:10:14.563363+00:00,,6,UNSAFE,entry_created_after_closing
2026-07-15,23,12,14:02:00,2026-08-05T02:10:14.563363+00:00,2026-08-05T02:10:14.563363+00:00,2026-08-05T02:10:14.563363+00:00,,6,UNSAFE,entry_created_after_closing
2026-07-15,24,1,17:41:00,2026-08-05T02:10:14.563363+00:00,2026-08-05T02:10:17.358204+00:00,2026-08-05T02:10:17.358204+00:00,,6,UNSAFE,entry_created_after_closing
2026-07-15,24,2,18:08:00,2026-08-05T02:10:14.563363+00:00,2026-08-05T02:10:17.358204+00:00,2026-08-05T02:10:17.358204+00:00,,6,UNSAFE,entry_created_after_closing
2026-07-15,24,3,18:34:00,2026-08-05T02:10:14.563363+00:00,2026-08-05T02:10:17.358204+00:00,2026-08-05T02:10:17.358204+00:00,,6,UNSAFE,entry_created_after_closing
2026-07-15,24,4,19:03:00,2026-08-05T02:10:14.563363+00:00,2026-08-05T02:10:17.358204+00:00,2026-08-05T02:10:17.358204+00:00,,6,UNSAFE,entry_created_after_closing
2026-07-15,24,5,19:30:00,2026-08-05T02:10:14.563363+00:00,2026-08-05T02:10:17.358204+00:00,2026-08-05T02:10:17.358204+00:00,,6,UNSAFE,entry_created_after_closing
2026-07-15,24,6,19:56:00,2026-08-05T02:10:14.563363+00:00,2026-08-05T02:10:17.358204+00:00,2026-08-05T02:10:17.358204+00:00,,6,UNSAFE,entry_created_after_closing
2026-07-15,24,7,20:25:00,2026-08-05T02:10:14.563363+00:00,2026-08-05T02:10:17.358204+00:00,2026-08-05T02:10:17.358204+00:00,,6,UNSAFE,entry_created_after_closing
2026-07-15,24,8,20:59:00,2026-08-05T02:10:14.563363+00:00,2026-08-05T02:10:17.358204+00:00,2026-08-05T02:10:17.358204+00:00,,6,UNSAFE,entry_created_after_closing
2026-07-15,24,9,21:25:00,2026-08-05T02:10:14.563363+00:00,2026-08-05T02:10:17.358204+00:00,2026-08-05T02:10:17.358204+00:00,,6,UNSAFE,entry_created_after_closing
2026-07-15,24,10,21:51:00,2026-08-05T02:10:14.563363+00:00,2026-08-05T02:10:17.358204+00:00,2026-08-05T02:10:17.358204+00:00,,6,UNSAFE,entry_created_after_closing
2026-07-15,24,11,22:16:00,2026-08-05T02:10:14.563363+00:00,2026-08-05T02:10:17.358204+00:00,2026-08-05T02:10:17.358204+00:00,,6,UNSAFE,entry_created_after_closing
2026-07-15,24,12,22:41:00,2026-08-05T02:10:14.563363+00:00,2026-08-05T02:10:17.358204+00:00,2026-08-05T02:10:17.358204+00:00,,6,UNSAFE,entry_created_after_closing
2026-07-16,1,1,15:23:00,2026-08-05T02:11:15.990727+00:00,2026-08-05T02:11:16.659133+00:00,2026-08-05T02:11:16.659133+00:00,,6,UNSAFE,entry_created_after_closing
2026-07-16,1,2,15:50:00,2026-08-05T02:11:15.990727+00:00,2026-08-05T02:11:17.313548+00:00,2026-08-05T02:11:17.313548+00:00,,6,UNSAFE,entry_created_after_closing
2026-07-16,1,3,16:18:00,2026-08-05T02:11:15.990727+00:00,2026-08-05T02:11:17.313548+00:00,2026-08-05T02:11:17.313548+00:00,,6,UNSAFE,entry_created_after_closing
2026-07-16,1,4,16:42:00,2026-08-05T02:11:15.990727+00:00,2026-08-05T02:11:15.990727+00:00,2026-08-05T02:11:15.990727+00:00,,6,UNSAFE,entry_created_after_closing
2026-07-16,1,5,17:09:00,2026-08-05T02:11:15.990727+00:00,2026-08-05T02:11:15.990727+00:00,2026-08-05T02:11:15.990727+00:00,,6,UNSAFE,entry_created_after_closing
2026-07-16,1,6,17:37:00,2026-08-05T02:11:15.990727+00:00,2026-08-05T02:11:15.990727+00:00,2026-08-05T02:11:15.990727+00:00,,6,UNSAFE,entry_created_after_closing
2026-07-16,1,7,18:05:00,2026-08-05T02:11:15.990727+00:00,2026-08-05T02:11:17.313548+00:00,2026-08-05T02:11:17.313548+00:00,,6,UNSAFE,entry_created_after_closing
2026-07-16,1,8,18:37:00,2026-08-05T02:11:15.990727+00:00,2026-08-05T02:11:17.313548+00:00,2026-08-05T02:11:17.313548+00:00,,6,UNSAFE,entry_created_after_closing
2026-07-16,1,9,19:06:00,2026-08-05T02:11:15.990727+00:00,2026-08-05T02:11:17.313548+00:00,2026-08-05T02:11:17.313548+00:00,,6,UNSAFE,entry_created_after_closing
2026-07-16,1,10,19:39:00,2026-08-05T02:11:15.990727+00:00,2026-08-05T02:11:17.313548+00:00,2026-08-05T02:11:17.313548+00:00,,6,UNSAFE,entry_created_after_closing
2026-07-16,1,11,20:09:00,2026-08-05T02:11:15.990727+00:00,2026-08-05T02:11:15.990727+00:00,2026-08-05T02:11:15.990727+00:00,,6,UNSAFE,entry_created_after_closing
2026-07-16,1,12,20:38:00,2026-08-05T02:11:15.990727+00:00,2026-08-05T02:11:15.990727+00:00,2026-08-05T02:11:15.990727+00:00,,6,UNSAFE,entry_created_after_closing
2026-07-16,3,1,11:14:00,2026-08-05T02:11:19.41872+00:00,2026-08-05T02:11:20.78526+00:00,2026-08-05T02:11:20.78526+00:00,,6,UNSAFE,entry_created_after_closing
2026-07-16,3,2,11:41:00,2026-08-05T02:11:19.41872+00:00,2026-08-05T02:11:20.78526+00:00,2026-08-05T02:11:20.78526+00:00,,6,UNSAFE,entry_created_after_closing
2026-07-16,3,3,12:08:00,2026-08-05T02:11:19.41872+00:00,2026-08-05T02:11:20.78526+00:00,2026-08-05T02:11:20.78526+00:00,,6,UNSAFE,entry_created_after_closing
2026-07-16,3,4,12:35:00,2026-08-05T02:11:19.41872+00:00,2026-08-05T02:11:20.78526+00:00,2026-08-05T02:11:20.78526+00:00,,6,UNSAFE,entry_created_after_closing
2026-07-16,3,5,13:02:00,2026-08-05T02:11:19.41872+00:00,2026-08-05T02:11:20.78526+00:00,2026-08-05T02:11:20.78526+00:00,,6,UNSAFE,entry_created_after_closing
2026-07-16,3,6,13:29:00,2026-08-05T02:11:19.41872+00:00,2026-08-05T02:11:20.78526+00:00,2026-08-05T02:11:20.78526+00:00,,6,UNSAFE,entry_created_after_closing
2026-07-16,3,7,13:56:00,2026-08-05T02:11:19.41872+00:00,2026-08-05T02:11:20.78526+00:00,2026-08-05T02:11:20.78526+00:00,,6,UNSAFE,entry_created_after_closing
2026-07-16,3,8,14:24:00,2026-08-05T02:11:19.41872+00:00,2026-08-05T02:11:20.78526+00:00,2026-08-05T02:11:20.78526+00:00,,6,UNSAFE,entry_created_after_closing
2026-07-16,3,9,14:52:00,2026-08-05T02:11:19.41872+00:00,2026-08-05T02:11:21.459755+00:00,2026-08-05T02:11:21.459755+00:00,,6,UNSAFE,entry_created_after_closing
2026-07-16,3,10,15:22:00,2026-08-05T02:11:19.41872+00:00,2026-08-05T02:11:20.78526+00:00,2026-08-05T02:11:20.78526+00:00,,6,UNSAFE,entry_created_after_closing
2026-07-16,3,11,15:53:00,2026-08-05T02:11:19.41872+00:00,2026-08-05T02:11:20.78526+00:00,2026-08-05T02:11:20.78526+00:00,,6,UNSAFE,entry_created_after_closing
2026-07-16,3,12,16:25:00,2026-08-05T02:11:19.41872+00:00,2026-08-05T02:11:20.78526+00:00,2026-08-05T02:11:20.78526+00:00,,6,UNSAFE,entry_created_after_closing
2026-07-16,5,1,11:35:00,2026-08-05T02:11:11.297563+00:00,2026-08-05T02:11:13.663016+00:00,2026-08-05T02:11:13.663016+00:00,,6,UNSAFE,entry_created_after_closing
2026-07-16,5,2,12:04:00,2026-08-05T02:11:11.297563+00:00,2026-08-05T02:11:13.663016+00:00,2026-08-05T02:11:13.663016+00:00,,6,UNSAFE,entry_created_after_closing
2026-07-16,5,3,12:34:00,2026-08-05T02:11:11.297563+00:00,2026-08-05T02:11:12.243393+00:00,2026-08-05T02:11:12.243393+00:00,,6,UNSAFE,entry_created_after_closing
2026-07-16,5,4,13:03:00,2026-08-05T02:11:11.297563+00:00,2026-08-05T02:11:12.243393+00:00,2026-08-05T02:11:12.243393+00:00,,6,UNSAFE,entry_created_after_closing
2026-07-16,5,5,13:36:00,2026-08-05T02:11:11.297563+00:00,2026-08-05T02:11:12.243393+00:00,2026-08-05T02:11:12.243393+00:00,,6,UNSAFE,entry_created_after_closing
2026-07-16,5,6,14:04:00,2026-08-05T02:11:11.297563+00:00,2026-08-05T02:11:12.243393+00:00,2026-08-05T02:11:12.243393+00:00,,6,UNSAFE,entry_created_after_closing
2026-07-16,5,7,14:35:00,2026-08-05T02:11:11.297563+00:00,2026-08-05T02:11:12.959659+00:00,2026-08-05T02:11:12.959659+00:00,,6,UNSAFE,entry_created_after_closing
2026-07-16,5,8,15:07:00,2026-08-05T02:11:11.297563+00:00,2026-08-05T02:11:12.243393+00:00,2026-08-05T02:11:12.243393+00:00,,6,UNSAFE,entry_created_after_closing
2026-07-16,5,9,15:42:00,2026-08-05T02:11:11.297563+00:00,2026-08-05T02:11:12.243393+00:00,2026-08-05T02:11:12.243393+00:00,,6,UNSAFE,entry_created_after_closing
2026-07-16,5,10,16:12:00,2026-08-05T02:11:11.297563+00:00,2026-08-05T02:11:12.243393+00:00,2026-08-05T02:11:12.243393+00:00,,6,UNSAFE,entry_created_after_closing
2026-07-16,5,11,16:48:00,2026-08-05T02:11:11.297563+00:00,2026-08-05T02:11:13.663016+00:00,2026-08-05T02:11:13.663016+00:00,,6,UNSAFE,entry_created_after_closing
2026-07-16,5,12,17:20:00,2026-08-05T02:11:11.297563+00:00,2026-08-05T02:11:12.243393+00:00,2026-08-05T02:11:12.243393+00:00,,6,UNSAFE,entry_created_after_closing
2026-07-16,7,1,15:20:00,2026-08-05T02:11:11.297563+00:00,2026-08-05T02:11:12.243393+00:00,2026-08-05T02:11:12.243393+00:00,,6,UNSAFE,entry_created_after_closing
2026-07-16,7,2,15:47:00,2026-08-05T02:11:11.297563+00:00,2026-08-05T02:11:12.243393+00:00,2026-08-05T02:11:12.243393+00:00,,6,UNSAFE,entry_created_after_closing
2026-07-16,7,3,16:15:00,2026-08-05T02:11:11.297563+00:00,2026-08-05T02:11:13.663016+00:00,2026-08-05T02:11:13.663016+00:00,,6,UNSAFE,entry_created_after_closing
2026-07-16,7,4,16:44:00,2026-08-05T02:11:11.297563+00:00,2026-08-05T02:11:12.243393+00:00,2026-08-05T02:11:12.243393+00:00,,6,UNSAFE,entry_created_after_closing
2026-07-16,7,5,17:13:00,2026-08-05T02:11:11.297563+00:00,2026-08-05T02:11:12.243393+00:00,2026-08-05T02:11:12.243393+00:00,,6,UNSAFE,entry_created_after_closing
2026-07-16,7,6,17:42:00,2026-08-05T02:11:11.297563+00:00,2026-08-05T02:11:12.243393+00:00,2026-08-05T02:11:12.243393+00:00,,6,UNSAFE,entry_created_after_closing
2026-07-16,7,7,18:12:00,2026-08-05T02:11:11.297563+00:00,2026-08-05T02:11:12.243393+00:00,2026-08-05T02:11:12.243393+00:00,,6,UNSAFE,entry_created_after_closing
2026-07-16,7,8,18:42:00,2026-08-05T02:11:11.297563+00:00,2026-08-05T02:11:12.243393+00:00,2026-08-05T02:11:12.243393+00:00,,6,UNSAFE,entry_created_after_closing
2026-07-16,7,9,19:12:00,2026-08-05T02:11:11.297563+00:00,2026-08-05T02:11:12.959659+00:00,2026-08-05T02:11:12.959659+00:00,,6,UNSAFE,entry_created_after_closing
2026-07-16,7,10,19:43:00,2026-08-05T02:11:11.297563+00:00,2026-08-05T02:11:12.243393+00:00,2026-08-05T02:11:12.243393+00:00,,6,UNSAFE,entry_created_after_closing
2026-07-16,7,11,20:15:00,2026-08-05T02:11:11.297563+00:00,2026-08-05T02:11:12.959659+00:00,2026-08-05T02:11:12.959659+00:00,,6,UNSAFE,entry_created_after_closing
2026-07-16,7,12,20:45:00,2026-08-05T02:11:11.297563+00:00,2026-08-05T02:11:13.663016+00:00,2026-08-05T02:11:13.663016+00:00,,6,UNSAFE,entry_created_after_closing
2026-07-16,8,1,10:40:00,2026-08-05T02:11:19.41872+00:00,2026-08-05T02:11:20.78526+00:00,2026-08-05T02:11:20.78526+00:00,,6,UNSAFE,entry_created_after_closing
2026-07-16,8,2,11:07:00,2026-08-05T02:11:19.41872+00:00,2026-08-05T02:11:21.459755+00:00,2026-08-05T02:11:21.459755+00:00,,6,UNSAFE,entry_created_after_closing
2026-07-16,8,3,11:38:00,2026-08-05T02:11:19.41872+00:00,2026-08-05T02:11:20.78526+00:00,2026-08-05T02:11:20.78526+00:00,,6,UNSAFE,entry_created_after_closing
2026-07-16,8,4,12:06:00,2026-08-05T02:11:19.41872+00:00,2026-08-05T02:11:20.78526+00:00,2026-08-05T02:11:20.78526+00:00,,6,UNSAFE,entry_created_after_closing
2026-07-16,8,5,12:42:00,2026-08-05T02:11:19.41872+00:00,2026-08-05T02:11:20.78526+00:00,2026-08-05T02:11:20.78526+00:00,,6,UNSAFE,entry_created_after_closing
2026-07-16,8,6,13:12:00,2026-08-05T02:11:19.41872+00:00,2026-08-05T02:11:20.78526+00:00,2026-08-05T02:11:20.78526+00:00,,6,UNSAFE,entry_created_after_closing
2026-07-16,8,7,13:49:00,2026-08-05T02:11:19.41872+00:00,2026-08-05T02:11:21.459755+00:00,2026-08-05T02:11:21.459755+00:00,,6,UNSAFE,entry_created_after_closing
2026-07-16,8,8,14:20:00,2026-08-05T02:11:19.41872+00:00,2026-08-05T02:11:20.78526+00:00,2026-08-05T02:11:20.78526+00:00,,6,UNSAFE,entry_created_after_closing
2026-07-16,8,9,14:46:00,2026-08-05T02:11:19.41872+00:00,2026-08-05T02:11:20.78526+00:00,2026-08-05T02:11:20.78526+00:00,,6,UNSAFE,entry_created_after_closing
2026-07-16,8,10,15:13:00,2026-08-05T02:11:19.41872+00:00,2026-08-05T02:11:20.78526+00:00,2026-08-05T02:11:20.78526+00:00,,6,UNSAFE,entry_created_after_closing
2026-07-16,8,11,15:39:00,2026-08-05T02:11:19.41872+00:00,2026-08-05T02:11:20.78526+00:00,2026-08-05T02:11:20.78526+00:00,,6,UNSAFE,entry_created_after_closing
2026-07-16,8,12,16:10:00,2026-08-05T02:11:19.41872+00:00,2026-08-05T02:11:20.78526+00:00,2026-08-05T02:11:20.78526+00:00,,6,UNSAFE,entry_created_after_closing
2026-07-16,11,1,10:42:00,2026-08-05T02:11:11.297563+00:00,2026-08-05T02:11:12.243393+00:00,2026-08-05T02:11:12.243393+00:00,,6,UNSAFE,entry_created_after_closing
2026-07-16,11,2,11:22:00,2026-08-05T02:11:11.297563+00:00,2026-08-05T02:11:13.663016+00:00,2026-08-05T02:11:13.663016+00:00,,6,UNSAFE,entry_created_after_closing
2026-07-16,11,3,11:52:00,2026-08-05T02:11:11.297563+00:00,2026-08-05T02:11:12.243393+00:00,2026-08-05T02:11:12.243393+00:00,,6,UNSAFE,entry_created_after_closing
2026-07-16,11,4,12:21:00,2026-08-05T02:11:11.297563+00:00,2026-08-05T02:11:12.959659+00:00,2026-08-05T02:11:12.959659+00:00,,6,UNSAFE,entry_created_after_closing
2026-07-16,11,5,12:47:00,2026-08-05T02:11:11.297563+00:00,2026-08-05T02:11:12.243393+00:00,2026-08-05T02:11:12.243393+00:00,,6,UNSAFE,entry_created_after_closing
2026-07-16,11,6,13:20:00,2026-08-05T02:11:11.297563+00:00,2026-08-05T02:11:12.959659+00:00,2026-08-05T02:11:12.959659+00:00,,6,UNSAFE,entry_created_after_closing
2026-07-16,11,7,13:53:00,2026-08-05T02:11:11.297563+00:00,2026-08-05T02:11:12.243393+00:00,2026-08-05T02:11:12.243393+00:00,,6,UNSAFE,entry_created_after_closing
2026-07-16,11,8,14:32:00,2026-08-05T02:11:11.297563+00:00,2026-08-05T02:11:12.243393+00:00,2026-08-05T02:11:12.243393+00:00,,6,UNSAFE,entry_created_after_closing
2026-07-16,11,9,15:02:00,2026-08-05T02:11:11.297563+00:00,2026-08-05T02:11:12.243393+00:00,2026-08-05T02:11:12.243393+00:00,,6,UNSAFE,entry_created_after_closing
2026-07-16,11,10,15:36:00,2026-08-05T02:11:11.297563+00:00,2026-08-05T02:11:13.663016+00:00,2026-08-05T02:11:13.663016+00:00,,6,UNSAFE,entry_created_after_closing
2026-07-16,11,11,16:03:00,2026-08-05T02:11:11.297563+00:00,2026-08-05T02:11:12.243393+00:00,2026-08-05T02:11:12.243393+00:00,,6,UNSAFE,entry_created_after_closing
2026-07-16,11,12,16:40:00,2026-08-05T02:11:11.297563+00:00,2026-08-05T02:11:12.243393+00:00,2026-08-05T02:11:12.243393+00:00,,6,UNSAFE,entry_created_after_closing
2026-07-16,12,1,15:17:00,2026-08-05T02:11:19.41872+00:00,2026-08-05T02:11:19.41872+00:00,2026-08-05T02:11:19.41872+00:00,,6,UNSAFE,entry_created_after_closing
2026-07-16,12,2,15:41:00,2026-08-05T02:11:19.41872+00:00,2026-08-05T02:11:19.41872+00:00,2026-08-05T02:11:19.41872+00:00,,6,UNSAFE,entry_created_after_closing
2026-07-16,12,3,16:07:00,2026-08-05T02:11:19.41872+00:00,2026-08-05T02:11:19.41872+00:00,2026-08-05T02:11:19.41872+00:00,,6,UNSAFE,entry_created_after_closing
2026-07-16,12,4,16:32:00,2026-08-05T02:11:19.41872+00:00,2026-08-05T02:11:19.41872+00:00,2026-08-05T02:11:19.41872+00:00,,6,UNSAFE,entry_created_after_closing
2026-07-16,12,5,17:01:00,2026-08-05T02:11:19.41872+00:00,2026-08-05T02:11:20.099944+00:00,2026-08-05T02:11:20.099944+00:00,,6,UNSAFE,entry_created_after_closing
2026-07-16,12,6,17:34:00,2026-08-05T02:11:19.41872+00:00,2026-08-05T02:11:20.099944+00:00,2026-08-05T02:11:20.099944+00:00,,6,UNSAFE,entry_created_after_closing
2026-07-16,12,7,17:58:00,2026-08-05T02:11:19.41872+00:00,2026-08-05T02:11:20.099944+00:00,2026-08-05T02:11:20.099944+00:00,,6,UNSAFE,entry_created_after_closing
2026-07-16,12,8,18:29:00,2026-08-05T02:11:19.41872+00:00,2026-08-05T02:11:20.099944+00:00,2026-08-05T02:11:20.099944+00:00,,6,UNSAFE,entry_created_after_closing
2026-07-16,12,9,18:55:00,2026-08-05T02:11:19.41872+00:00,2026-08-05T02:11:20.099944+00:00,2026-08-05T02:11:20.099944+00:00,,6,UNSAFE,entry_created_after_closing
2026-07-16,12,10,19:25:00,2026-08-05T02:11:19.41872+00:00,2026-08-05T02:11:20.099944+00:00,2026-08-05T02:11:20.099944+00:00,,6,UNSAFE,entry_created_after_closing
2026-07-16,12,11,20:03:00,2026-08-05T02:11:19.41872+00:00,2026-08-05T02:11:19.41872+00:00,2026-08-05T02:11:19.41872+00:00,,6,UNSAFE,entry_created_after_closing
2026-07-16,12,12,20:31:00,2026-08-05T02:11:19.41872+00:00,2026-08-05T02:11:20.099944+00:00,2026-08-05T02:11:20.099944+00:00,,6,UNSAFE,entry_created_after_closing
2026-07-16,13,1,10:37:00,2026-08-05T02:11:14.444515+00:00,2026-08-05T02:11:14.444515+00:00,2026-08-05T02:11:14.444515+00:00,,6,UNSAFE,entry_created_after_closing
2026-07-16,13,2,11:03:00,2026-08-05T02:11:14.444515+00:00,2026-08-05T02:11:15.192712+00:00,2026-08-05T02:11:15.192712+00:00,,6,UNSAFE,entry_created_after_closing
2026-07-16,13,3,11:32:00,2026-08-05T02:11:14.444515+00:00,2026-08-05T02:11:14.444515+00:00,2026-08-05T02:11:14.444515+00:00,,6,UNSAFE,entry_created_after_closing
2026-07-16,13,4,12:01:00,2026-08-05T02:11:14.444515+00:00,2026-08-05T02:11:14.444515+00:00,2026-08-05T02:11:14.444515+00:00,,6,UNSAFE,entry_created_after_closing
2026-07-16,13,5,12:30:00,2026-08-05T02:11:14.444515+00:00,2026-08-05T02:11:14.444515+00:00,2026-08-05T02:11:14.444515+00:00,,6,UNSAFE,entry_created_after_closing
2026-07-16,13,6,12:59:00,2026-08-05T02:11:14.444515+00:00,2026-08-05T02:11:14.444515+00:00,2026-08-05T02:11:14.444515+00:00,,6,UNSAFE,entry_created_after_closing
2026-07-16,13,7,13:33:00,2026-08-05T02:11:14.444515+00:00,2026-08-05T02:11:14.444515+00:00,2026-08-05T02:11:14.444515+00:00,,6,UNSAFE,entry_created_after_closing
2026-07-16,13,8,14:07:00,2026-08-05T02:11:14.444515+00:00,2026-08-05T02:11:15.192712+00:00,2026-08-05T02:11:15.192712+00:00,,6,UNSAFE,entry_created_after_closing
2026-07-16,13,9,14:42:00,2026-08-05T02:11:14.444515+00:00,2026-08-05T02:11:15.192712+00:00,2026-08-05T02:11:15.192712+00:00,,6,UNSAFE,entry_created_after_closing
2026-07-16,13,10,15:18:00,2026-08-05T02:11:14.444515+00:00,2026-08-05T02:11:15.192712+00:00,2026-08-05T02:11:15.192712+00:00,,6,UNSAFE,entry_created_after_closing
2026-07-16,13,11,15:56:00,2026-08-05T02:11:14.444515+00:00,2026-08-05T02:11:14.444515+00:00,2026-08-05T02:11:14.444515+00:00,,6,UNSAFE,entry_created_after_closing
2026-07-16,13,12,16:35:00,2026-08-05T02:11:14.444515+00:00,2026-08-05T02:11:14.444515+00:00,2026-08-05T02:11:14.444515+00:00,,6,UNSAFE,entry_created_after_closing
2026-07-16,17,1,10:45:00,2026-08-05T02:11:11.297563+00:00,2026-08-05T02:11:12.959659+00:00,2026-08-05T02:11:12.959659+00:00,,6,UNSAFE,entry_created_after_closing
2026-07-16,17,2,11:14:00,2026-08-05T02:11:11.297563+00:00,2026-08-05T02:11:12.959659+00:00,2026-08-05T02:11:12.959659+00:00,,6,UNSAFE,entry_created_after_closing
2026-07-16,17,3,11:45:00,2026-08-05T02:11:11.297563+00:00,2026-08-05T02:11:12.959659+00:00,2026-08-05T02:11:12.959659+00:00,,6,UNSAFE,entry_created_after_closing
2026-07-16,17,4,12:13:00,2026-08-05T02:11:11.297563+00:00,2026-08-05T02:11:12.959659+00:00,2026-08-05T02:11:12.959659+00:00,,6,UNSAFE,entry_created_after_closing
2026-07-16,17,5,12:40:00,2026-08-05T02:11:11.297563+00:00,2026-08-05T02:11:11.297563+00:00,2026-08-05T02:11:11.297563+00:00,,6,UNSAFE,entry_created_after_closing
2026-07-16,17,6,13:10:00,2026-08-05T02:11:11.297563+00:00,2026-08-05T02:11:11.297563+00:00,2026-08-05T02:11:11.297563+00:00,,6,UNSAFE,entry_created_after_closing
2026-07-16,17,7,13:46:00,2026-08-05T02:11:11.297563+00:00,2026-08-05T02:11:11.297563+00:00,2026-08-05T02:11:11.297563+00:00,,6,UNSAFE,entry_created_after_closing
2026-07-16,17,8,14:18:00,2026-08-05T02:11:11.297563+00:00,2026-08-05T02:11:11.297563+00:00,2026-08-05T02:11:11.297563+00:00,,6,UNSAFE,entry_created_after_closing
2026-07-16,17,9,14:55:00,2026-08-05T02:11:11.297563+00:00,2026-08-05T02:11:11.297563+00:00,2026-08-05T02:11:11.297563+00:00,,6,UNSAFE,entry_created_after_closing
2026-07-16,17,10,15:31:00,2026-08-05T02:11:11.297563+00:00,2026-08-05T02:11:12.959659+00:00,2026-08-05T02:11:12.959659+00:00,,6,UNSAFE,entry_created_after_closing
2026-07-16,17,11,16:05:00,2026-08-05T02:11:11.297563+00:00,2026-08-05T02:11:11.297563+00:00,2026-08-05T02:11:11.297563+00:00,,6,UNSAFE,entry_created_after_closing
2026-07-16,17,12,16:52:00,2026-08-05T02:11:11.297563+00:00,2026-08-05T02:11:12.959659+00:00,2026-08-05T02:11:12.959659+00:00,,6,UNSAFE,entry_created_after_closing
2026-07-16,18,1,08:44:00,2026-08-05T02:11:14.444515+00:00,2026-08-05T02:11:17.976305+00:00,2026-08-05T02:11:17.976305+00:00,,6,UNSAFE,entry_created_after_closing
2026-07-16,18,2,09:10:00,2026-08-05T02:11:14.444515+00:00,2026-08-05T02:11:18.610365+00:00,2026-08-05T02:11:18.610365+00:00,,6,UNSAFE,entry_created_after_closing
2026-07-16,18,3,09:36:00,2026-08-05T02:11:14.444515+00:00,2026-08-05T02:11:17.976305+00:00,2026-08-05T02:11:17.976305+00:00,,6,UNSAFE,entry_created_after_closing
2026-07-16,18,4,10:02:00,2026-08-05T02:11:14.444515+00:00,2026-08-05T02:11:17.976305+00:00,2026-08-05T02:11:17.976305+00:00,,6,UNSAFE,entry_created_after_closing
2026-07-16,18,5,10:30:00,2026-08-05T02:11:14.444515+00:00,2026-08-05T02:11:18.610365+00:00,2026-08-05T02:11:18.610365+00:00,,6,UNSAFE,entry_created_after_closing
2026-07-16,18,6,10:59:00,2026-08-05T02:11:14.444515+00:00,2026-08-05T02:11:18.610365+00:00,2026-08-05T02:11:18.610365+00:00,,6,UNSAFE,entry_created_after_closing
2026-07-16,18,7,11:30:00,2026-08-05T02:11:14.444515+00:00,2026-08-05T02:11:18.610365+00:00,2026-08-05T02:11:18.610365+00:00,,6,UNSAFE,entry_created_after_closing
2026-07-16,18,8,12:02:00,2026-08-05T02:11:14.444515+00:00,2026-08-05T02:11:17.976305+00:00,2026-08-05T02:11:17.976305+00:00,,6,UNSAFE,entry_created_after_closing
2026-07-16,18,9,12:33:00,2026-08-05T02:11:14.444515+00:00,2026-08-05T02:11:17.976305+00:00,2026-08-05T02:11:17.976305+00:00,,6,UNSAFE,entry_created_after_closing
2026-07-16,18,10,13:06:00,2026-08-05T02:11:14.444515+00:00,2026-08-05T02:11:17.976305+00:00,2026-08-05T02:11:17.976305+00:00,,6,UNSAFE,entry_created_after_closing
2026-07-16,18,11,13:39:00,2026-08-05T02:11:14.444515+00:00,2026-08-05T02:11:18.610365+00:00,2026-08-05T02:11:18.610365+00:00,,6,UNSAFE,entry_created_after_closing
2026-07-16,18,12,14:13:00,2026-08-05T02:11:14.444515+00:00,2026-08-05T02:11:17.976305+00:00,2026-08-05T02:11:17.976305+00:00,,6,UNSAFE,entry_created_after_closing
2026-07-16,21,1,08:32:00,2026-08-05T02:11:11.297563+00:00,2026-08-05T02:11:13.663016+00:00,2026-08-05T02:11:13.663016+00:00,,6,UNSAFE,entry_created_after_closing
2026-07-16,21,2,08:58:00,2026-08-05T02:11:11.297563+00:00,2026-08-05T02:11:12.243393+00:00,2026-08-05T02:11:12.243393+00:00,,6,UNSAFE,entry_created_after_closing
2026-07-16,21,3,09:24:00,2026-08-05T02:11:11.297563+00:00,2026-08-05T02:11:13.663016+00:00,2026-08-05T02:11:13.663016+00:00,,6,UNSAFE,entry_created_after_closing
2026-07-16,21,4,09:50:00,2026-08-05T02:11:11.297563+00:00,2026-08-05T02:11:12.243393+00:00,2026-08-05T02:11:12.243393+00:00,,6,UNSAFE,entry_created_after_closing
2026-07-16,21,5,10:18:00,2026-08-05T02:11:11.297563+00:00,2026-08-05T02:11:13.663016+00:00,2026-08-05T02:11:13.663016+00:00,,6,UNSAFE,entry_created_after_closing
2026-07-16,21,6,10:47:00,2026-08-05T02:11:11.297563+00:00,2026-08-05T02:11:12.959659+00:00,2026-08-05T02:11:12.959659+00:00,,6,UNSAFE,entry_created_after_closing
2026-07-16,21,7,11:17:00,2026-08-05T02:11:11.297563+00:00,2026-08-05T02:11:12.959659+00:00,2026-08-05T02:11:12.959659+00:00,,6,UNSAFE,entry_created_after_closing
2026-07-16,21,8,11:47:00,2026-08-05T02:11:11.297563+00:00,2026-08-05T02:11:13.663016+00:00,2026-08-05T02:11:13.663016+00:00,,6,UNSAFE,entry_created_after_closing
2026-07-16,21,9,12:18:00,2026-08-05T02:11:11.297563+00:00,2026-08-05T02:11:13.663016+00:00,2026-08-05T02:11:13.663016+00:00,,6,UNSAFE,entry_created_after_closing
2026-07-16,21,10,12:50:00,2026-08-05T02:11:12.243393+00:00,2026-08-05T02:11:12.959659+00:00,2026-08-05T02:11:12.959659+00:00,,6,UNSAFE,entry_created_after_closing
2026-07-16,21,11,13:24:00,2026-08-05T02:11:11.297563+00:00,2026-08-05T02:11:13.663016+00:00,2026-08-05T02:11:13.663016+00:00,,6,UNSAFE,entry_created_after_closing
2026-07-16,21,12,14:00:00,2026-08-05T02:11:11.297563+00:00,2026-08-05T02:11:13.663016+00:00,2026-08-05T02:11:13.663016+00:00,,6,UNSAFE,entry_created_after_closing
2026-07-16,24,1,17:41:00,2026-08-05T02:11:11.297563+00:00,2026-08-05T02:11:12.243393+00:00,2026-08-05T02:11:12.243393+00:00,,6,UNSAFE,entry_created_after_closing
2026-07-16,24,2,18:08:00,2026-08-05T02:11:11.297563+00:00,2026-08-05T02:11:12.243393+00:00,2026-08-05T02:11:12.243393+00:00,,6,UNSAFE,entry_created_after_closing
2026-07-16,24,3,18:34:00,2026-08-05T02:11:11.297563+00:00,2026-08-05T02:11:12.243393+00:00,2026-08-05T02:11:12.243393+00:00,,6,UNSAFE,entry_created_after_closing
2026-07-16,24,4,19:03:00,2026-08-05T02:11:11.297563+00:00,2026-08-05T02:11:13.663016+00:00,2026-08-05T02:11:13.663016+00:00,,6,UNSAFE,entry_created_after_closing
2026-07-16,24,5,19:30:00,2026-08-05T02:11:11.297563+00:00,2026-08-05T02:11:12.243393+00:00,2026-08-05T02:11:12.243393+00:00,,6,UNSAFE,entry_created_after_closing
2026-07-16,24,6,19:56:00,2026-08-05T02:11:11.297563+00:00,2026-08-05T02:11:12.959659+00:00,2026-08-05T02:11:12.959659+00:00,,6,UNSAFE,entry_created_after_closing
2026-07-16,24,7,20:25:00,2026-08-05T02:11:11.297563+00:00,2026-08-05T02:11:13.663016+00:00,2026-08-05T02:11:13.663016+00:00,,6,UNSAFE,entry_created_after_closing
2026-07-16,24,8,20:59:00,2026-08-05T02:11:11.297563+00:00,2026-08-05T02:11:13.663016+00:00,2026-08-05T02:11:13.663016+00:00,,6,UNSAFE,entry_created_after_closing
2026-07-16,24,9,21:25:00,2026-08-05T02:11:11.297563+00:00,2026-08-05T02:11:13.663016+00:00,2026-08-05T02:11:13.663016+00:00,,6,UNSAFE,entry_created_after_closing
2026-07-16,24,10,21:51:00,2026-08-05T02:11:11.297563+00:00,2026-08-05T02:11:13.663016+00:00,2026-08-05T02:11:13.663016+00:00,,6,UNSAFE,entry_created_after_closing
2026-07-16,24,11,22:16:00,2026-08-05T02:11:11.297563+00:00,2026-08-05T02:11:13.663016+00:00,2026-08-05T02:11:13.663016+00:00,,6,UNSAFE,entry_created_after_closing
2026-07-16,24,12,22:41:00,2026-08-05T02:11:11.297563+00:00,2026-08-05T02:11:12.243393+00:00,2026-08-05T02:11:12.243393+00:00,,6,UNSAFE,entry_created_after_closing
2026-07-17,1,1,15:23:00,2026-08-05T02:12:06.508338+00:00,2026-08-05T02:12:07.261895+00:00,2026-08-05T02:12:07.261895+00:00,,6,UNSAFE,entry_created_after_closing
2026-07-17,1,2,15:50:00,2026-08-05T02:12:06.508338+00:00,2026-08-05T02:12:07.261895+00:00,2026-08-05T02:12:07.261895+00:00,,6,UNSAFE,entry_created_after_closing
2026-07-17,1,3,16:18:00,2026-08-05T02:12:06.508338+00:00,2026-08-05T02:12:07.261895+00:00,2026-08-05T02:12:07.261895+00:00,,6,UNSAFE,entry_created_after_closing
2026-07-17,1,4,16:42:00,2026-08-05T02:12:06.508338+00:00,2026-08-05T02:12:06.508338+00:00,2026-08-05T02:12:06.508338+00:00,,6,UNSAFE,entry_created_after_closing
2026-07-17,1,5,17:09:00,2026-08-05T02:12:06.508338+00:00,2026-08-05T02:12:06.508338+00:00,2026-08-05T02:12:06.508338+00:00,,6,UNSAFE,entry_created_after_closing
2026-07-17,1,6,17:37:00,2026-08-05T02:12:06.508338+00:00,2026-08-05T02:12:06.508338+00:00,2026-08-05T02:12:06.508338+00:00,,6,UNSAFE,entry_created_after_closing
2026-07-17,1,7,18:05:00,2026-08-05T02:12:06.508338+00:00,2026-08-05T02:12:07.261895+00:00,2026-08-05T02:12:07.261895+00:00,,6,UNSAFE,entry_created_after_closing
2026-07-17,1,8,18:37:00,2026-08-05T02:12:06.508338+00:00,2026-08-05T02:12:07.261895+00:00,2026-08-05T02:12:07.261895+00:00,,6,UNSAFE,entry_created_after_closing
2026-07-17,1,9,19:06:00,2026-08-05T02:12:06.508338+00:00,2026-08-05T02:12:07.261895+00:00,2026-08-05T02:12:07.261895+00:00,,6,UNSAFE,entry_created_after_closing
2026-07-17,1,10,19:39:00,2026-08-05T02:12:06.508338+00:00,2026-08-05T02:12:06.508338+00:00,2026-08-05T02:12:06.508338+00:00,,6,UNSAFE,entry_created_after_closing
2026-07-17,1,11,20:09:00,2026-08-05T02:12:07.959197+00:00,2026-08-05T02:12:08.686594+00:00,2026-08-05T02:12:08.686594+00:00,,6,UNSAFE,entry_created_after_closing
2026-07-17,1,12,20:38:00,2026-08-05T02:12:09.354041+00:00,2026-08-05T02:12:09.354041+00:00,2026-08-05T02:12:09.354041+00:00,,6,UNSAFE,entry_created_after_closing
2026-07-17,2,1,10:47:00,2026-08-05T02:12:10.298164+00:00,2026-08-05T02:12:11.400893+00:00,2026-08-05T02:12:11.400893+00:00,,6,UNSAFE,entry_created_after_closing
2026-07-17,2,2,11:16:00,2026-08-05T02:12:10.298164+00:00,2026-08-05T02:12:12.164337+00:00,2026-08-05T02:12:12.164337+00:00,,6,UNSAFE,entry_created_after_closing
2026-07-17,2,3,11:45:00,2026-08-05T02:12:10.298164+00:00,2026-08-05T02:12:11.400893+00:00,2026-08-05T02:12:11.400893+00:00,,6,UNSAFE,entry_created_after_closing
2026-07-17,2,4,12:14:00,2026-08-05T02:12:10.298164+00:00,2026-08-05T02:12:11.400893+00:00,2026-08-05T02:12:11.400893+00:00,,6,UNSAFE,entry_created_after_closing
2026-07-17,2,5,12:44:00,2026-08-05T02:12:10.298164+00:00,2026-08-05T02:12:11.400893+00:00,2026-08-05T02:12:11.400893+00:00,,6,UNSAFE,entry_created_after_closing
2026-07-17,2,6,13:14:00,2026-08-05T02:12:10.298164+00:00,2026-08-05T02:12:12.873008+00:00,2026-08-05T02:12:12.873008+00:00,,6,UNSAFE,entry_created_after_closing
2026-07-17,2,7,13:45:00,2026-08-05T02:12:10.298164+00:00,2026-08-05T02:12:12.164337+00:00,2026-08-05T02:12:12.164337+00:00,,6,UNSAFE,entry_created_after_closing
2026-07-17,2,8,14:16:00,2026-08-05T02:12:10.298164+00:00,2026-08-05T02:12:11.400893+00:00,2026-08-05T02:12:11.400893+00:00,,6,UNSAFE,entry_created_after_closing
2026-07-17,2,9,14:48:00,2026-08-05T02:12:10.298164+00:00,2026-08-05T02:12:12.164337+00:00,2026-08-05T02:12:12.164337+00:00,,6,UNSAFE,entry_created_after_closing
2026-07-17,2,10,15:21:00,2026-08-05T02:12:10.298164+00:00,2026-08-05T02:12:12.873008+00:00,2026-08-05T02:12:12.873008+00:00,,6,UNSAFE,entry_created_after_closing
2026-07-17,2,11,15:55:00,2026-08-05T02:12:10.298164+00:00,2026-08-05T02:12:11.400893+00:00,2026-08-05T02:12:11.400893+00:00,,6,UNSAFE,entry_created_after_closing
2026-07-17,2,12,16:30:00,2026-08-05T02:12:10.298164+00:00,2026-08-05T02:12:11.400893+00:00,2026-08-05T02:12:11.400893+00:00,,6,UNSAFE,entry_created_after_closing
2026-07-17,7,1,15:20:00,2026-08-05T02:12:10.298164+00:00,2026-08-05T02:12:12.873008+00:00,2026-08-05T02:12:12.873008+00:00,,6,UNSAFE,entry_created_after_closing
2026-07-17,7,2,15:47:00,2026-08-05T02:12:10.298164+00:00,2026-08-05T02:12:12.873008+00:00,2026-08-05T02:12:12.873008+00:00,,6,UNSAFE,entry_created_after_closing
2026-07-17,7,3,16:15:00,2026-08-05T02:12:10.298164+00:00,2026-08-05T02:12:11.400893+00:00,2026-08-05T02:12:11.400893+00:00,,6,UNSAFE,entry_created_after_closing
2026-07-17,7,4,16:44:00,2026-08-05T02:12:10.298164+00:00,2026-08-05T02:12:12.873008+00:00,2026-08-05T02:12:12.873008+00:00,,6,UNSAFE,entry_created_after_closing
2026-07-17,7,5,17:13:00,2026-08-05T02:12:10.298164+00:00,2026-08-05T02:12:11.400893+00:00,2026-08-05T02:12:11.400893+00:00,,6,UNSAFE,entry_created_after_closing
2026-07-17,7,6,17:42:00,2026-08-05T02:12:10.298164+00:00,2026-08-05T02:12:12.873008+00:00,2026-08-05T02:12:12.873008+00:00,,6,UNSAFE,entry_created_after_closing
2026-07-17,7,7,18:12:00,2026-08-05T02:12:10.298164+00:00,2026-08-05T02:12:12.873008+00:00,2026-08-05T02:12:12.873008+00:00,,6,UNSAFE,entry_created_after_closing
2026-07-17,7,8,18:42:00,2026-08-05T02:12:10.298164+00:00,2026-08-05T02:12:11.400893+00:00,2026-08-05T02:12:11.400893+00:00,,6,UNSAFE,entry_created_after_closing
2026-07-17,7,9,19:13:00,2026-08-05T02:12:10.298164+00:00,2026-08-05T02:12:12.873008+00:00,2026-08-05T02:12:12.873008+00:00,,6,UNSAFE,entry_created_after_closing
2026-07-17,7,10,19:44:00,2026-08-05T02:12:10.298164+00:00,2026-08-05T02:12:12.164337+00:00,2026-08-05T02:12:12.164337+00:00,,6,UNSAFE,entry_created_after_closing
2026-07-17,7,11,20:15:00,2026-08-05T02:12:10.298164+00:00,2026-08-05T02:12:12.164337+00:00,2026-08-05T02:12:12.164337+00:00,,6,UNSAFE,entry_created_after_closing
2026-07-17,7,12,20:45:00,2026-08-05T02:12:10.298164+00:00,2026-08-05T02:12:12.164337+00:00,2026-08-05T02:12:12.164337+00:00,,6,UNSAFE,entry_created_after_closing
2026-07-17,8,1,10:40:00,2026-08-05T02:12:17.764327+00:00,2026-08-05T02:12:19.879044+00:00,2026-08-05T02:12:19.879044+00:00,,6,UNSAFE,entry_created_after_closing
2026-07-17,8,2,11:07:00,2026-08-05T02:12:17.764327+00:00,2026-08-05T02:12:19.879044+00:00,2026-08-05T02:12:19.879044+00:00,,6,UNSAFE,entry_created_after_closing
2026-07-17,8,3,11:36:00,2026-08-05T02:12:17.764327+00:00,2026-08-05T02:12:19.879044+00:00,2026-08-05T02:12:19.879044+00:00,,6,UNSAFE,entry_created_after_closing
2026-07-17,8,4,12:07:00,2026-08-05T02:12:17.764327+00:00,2026-08-05T02:12:19.879044+00:00,2026-08-05T02:12:19.879044+00:00,,6,UNSAFE,entry_created_after_closing
2026-07-17,8,5,12:33:00,2026-08-05T02:12:17.764327+00:00,2026-08-05T02:12:19.879044+00:00,2026-08-05T02:12:19.879044+00:00,,6,UNSAFE,entry_created_after_closing
2026-07-17,8,6,13:04:00,2026-08-05T02:12:17.764327+00:00,2026-08-05T02:12:19.879044+00:00,2026-08-05T02:12:19.879044+00:00,,6,UNSAFE,entry_created_after_closing
2026-07-17,8,7,13:30:00,2026-08-05T02:12:17.764327+00:00,2026-08-05T02:12:19.879044+00:00,2026-08-05T02:12:19.879044+00:00,,6,UNSAFE,entry_created_after_closing
2026-07-17,8,8,13:58:00,2026-08-05T02:12:17.764327+00:00,2026-08-05T02:12:19.879044+00:00,2026-08-05T02:12:19.879044+00:00,,6,UNSAFE,entry_created_after_closing
2026-07-17,8,9,14:25:00,2026-08-05T02:12:17.764327+00:00,2026-08-05T02:12:19.879044+00:00,2026-08-05T02:12:19.879044+00:00,,6,UNSAFE,entry_created_after_closing
2026-07-17,8,10,14:54:00,2026-08-05T02:12:17.764327+00:00,2026-08-05T02:12:19.879044+00:00,2026-08-05T02:12:19.879044+00:00,,6,UNSAFE,entry_created_after_closing
2026-07-17,8,11,15:31:00,2026-08-05T02:12:17.764327+00:00,2026-08-05T02:12:19.879044+00:00,2026-08-05T02:12:19.879044+00:00,,6,UNSAFE,entry_created_after_closing
2026-07-17,8,12,16:10:00,2026-08-05T02:12:17.764327+00:00,2026-08-05T02:12:19.879044+00:00,2026-08-05T02:12:19.879044+00:00,,6,UNSAFE,entry_created_after_closing
2026-07-17,11,1,10:42:00,2026-08-05T02:12:10.298164+00:00,2026-08-05T02:12:12.873008+00:00,2026-08-05T02:12:12.873008+00:00,,6,UNSAFE,entry_created_after_closing
2026-07-17,11,2,11:09:00,2026-08-05T02:12:10.298164+00:00,2026-08-05T02:12:11.400893+00:00,2026-08-05T02:12:11.400893+00:00,,6,UNSAFE,entry_created_after_closing
2026-07-17,11,3,11:43:00,2026-08-05T02:12:10.298164+00:00,2026-08-05T02:12:12.164337+00:00,2026-08-05T02:12:12.164337+00:00,,6,UNSAFE,entry_created_after_closing
2026-07-17,11,4,12:21:00,2026-08-05T02:12:10.298164+00:00,2026-08-05T02:12:11.400893+00:00,2026-08-05T02:12:11.400893+00:00,,6,UNSAFE,entry_created_after_closing
2026-07-17,11,5,12:47:00,2026-08-05T02:12:10.298164+00:00,2026-08-05T02:12:11.400893+00:00,2026-08-05T02:12:11.400893+00:00,,6,UNSAFE,entry_created_after_closing
2026-07-17,11,6,13:17:00,2026-08-05T02:12:10.298164+00:00,2026-08-05T02:12:11.400893+00:00,2026-08-05T02:12:11.400893+00:00,,6,UNSAFE,entry_created_after_closing
2026-07-17,11,7,13:51:00,2026-08-05T02:12:10.298164+00:00,2026-08-05T02:12:12.164337+00:00,2026-08-05T02:12:12.164337+00:00,,6,UNSAFE,entry_created_after_closing
2026-07-17,11,8,14:22:00,2026-08-05T02:12:10.298164+00:00,2026-08-05T02:12:12.164337+00:00,2026-08-05T02:12:12.164337+00:00,,6,UNSAFE,entry_created_after_closing
2026-07-17,11,9,15:00:00,2026-08-05T02:12:10.298164+00:00,2026-08-05T02:12:11.400893+00:00,2026-08-05T02:12:11.400893+00:00,,6,UNSAFE,entry_created_after_closing
2026-07-17,11,10,15:37:00,2026-08-05T02:12:10.298164+00:00,2026-08-05T02:12:11.400893+00:00,2026-08-05T02:12:11.400893+00:00,,6,UNSAFE,entry_created_after_closing
2026-07-17,11,11,16:03:00,2026-08-05T02:12:10.298164+00:00,2026-08-05T02:12:11.400893+00:00,2026-08-05T02:12:11.400893+00:00,,6,UNSAFE,entry_created_after_closing
2026-07-17,11,12,16:40:00,2026-08-05T02:12:10.298164+00:00,2026-08-05T02:12:11.400893+00:00,2026-08-05T02:12:11.400893+00:00,,6,UNSAFE,entry_created_after_closing
2026-07-17,12,1,15:17:00,2026-08-05T02:12:17.764327+00:00,2026-08-05T02:12:19.162764+00:00,2026-08-05T02:12:19.162764+00:00,,6,UNSAFE,entry_created_after_closing
2026-07-17,12,2,15:41:00,2026-08-05T02:12:17.764327+00:00,2026-08-05T02:12:17.764327+00:00,2026-08-05T02:12:17.764327+00:00,,6,UNSAFE,entry_created_after_closing
2026-07-17,12,3,16:08:00,2026-08-05T02:12:17.764327+00:00,2026-08-05T02:12:17.764327+00:00,2026-08-05T02:12:17.764327+00:00,,6,UNSAFE,entry_created_after_closing
2026-07-17,12,4,16:33:00,2026-08-05T02:12:17.764327+00:00,2026-08-05T02:12:17.764327+00:00,2026-08-05T02:12:17.764327+00:00,,6,UNSAFE,entry_created_after_closing
2026-07-17,12,5,17:01:00,2026-08-05T02:12:17.764327+00:00,2026-08-05T02:12:17.764327+00:00,2026-08-05T02:12:17.764327+00:00,,6,UNSAFE,entry_created_after_closing
2026-07-17,12,6,17:30:00,2026-08-05T02:12:17.764327+00:00,2026-08-05T02:12:17.764327+00:00,2026-08-05T02:12:17.764327+00:00,,6,UNSAFE,entry_created_after_closing
2026-07-17,12,7,17:58:00,2026-08-05T02:12:17.764327+00:00,2026-08-05T02:12:19.162764+00:00,2026-08-05T02:12:19.162764+00:00,,6,UNSAFE,entry_created_after_closing
2026-07-17,12,8,18:25:00,2026-08-05T02:12:17.764327+00:00,2026-08-05T02:12:19.162764+00:00,2026-08-05T02:12:19.162764+00:00,,6,UNSAFE,entry_created_after_closing
2026-07-17,12,9,18:55:00,2026-08-05T02:12:17.764327+00:00,2026-08-05T02:12:17.764327+00:00,2026-08-05T02:12:17.764327+00:00,,6,UNSAFE,entry_created_after_closing
2026-07-17,12,10,19:23:00,2026-08-05T02:12:17.764327+00:00,2026-08-05T02:12:19.162764+00:00,2026-08-05T02:12:19.162764+00:00,,6,UNSAFE,entry_created_after_closing
2026-07-17,12,11,20:03:00,2026-08-05T02:12:17.764327+00:00,2026-08-05T02:12:19.162764+00:00,2026-08-05T02:12:19.162764+00:00,,6,UNSAFE,entry_created_after_closing
2026-07-17,12,12,20:31:00,2026-08-05T02:12:17.764327+00:00,2026-08-05T02:12:19.162764+00:00,2026-08-05T02:12:19.162764+00:00,,6,UNSAFE,entry_created_after_closing
2026-07-17,13,1,10:37:00,2026-08-05T02:12:13.654872+00:00,2026-08-05T02:12:13.654872+00:00,2026-08-05T02:12:13.654872+00:00,,6,UNSAFE,entry_created_after_closing
2026-07-17,13,2,11:03:00,2026-08-05T02:12:13.654872+00:00,2026-08-05T02:12:13.654872+00:00,2026-08-05T02:12:13.654872+00:00,,6,UNSAFE,entry_created_after_closing
2026-07-17,13,3,11:32:00,2026-08-05T02:12:13.654872+00:00,2026-08-05T02:12:13.654872+00:00,2026-08-05T02:12:13.654872+00:00,,6,UNSAFE,entry_created_after_closing
2026-07-17,13,4,12:01:00,2026-08-05T02:12:13.654872+00:00,2026-08-05T02:12:16.210488+00:00,2026-08-05T02:12:16.210488+00:00,,6,UNSAFE,entry_created_after_closing
2026-07-17,13,5,12:30:00,2026-08-05T02:12:13.654872+00:00,2026-08-05T02:12:15.500091+00:00,2026-08-05T02:12:15.500091+00:00,,6,UNSAFE,entry_created_after_closing
2026-07-17,13,6,12:59:00,2026-08-05T02:12:13.654872+00:00,2026-08-05T02:12:15.500091+00:00,2026-08-05T02:12:15.500091+00:00,,6,UNSAFE,entry_created_after_closing
2026-07-17,13,7,13:33:00,2026-08-05T02:12:13.654872+00:00,2026-08-05T02:12:15.500091+00:00,2026-08-05T02:12:15.500091+00:00,,6,UNSAFE,entry_created_after_closing
2026-07-17,13,8,14:07:00,2026-08-05T02:12:13.654872+00:00,2026-08-05T02:12:13.654872+00:00,2026-08-05T02:12:13.654872+00:00,,6,UNSAFE,entry_created_after_closing
2026-07-17,13,9,14:42:00,2026-08-05T02:12:13.654872+00:00,2026-08-05T02:12:15.500091+00:00,2026-08-05T02:12:15.500091+00:00,,6,UNSAFE,entry_created_after_closing
2026-07-17,13,10,15:18:00,2026-08-05T02:12:13.654872+00:00,2026-08-05T02:12:16.833233+00:00,2026-08-05T02:12:16.833233+00:00,,6,UNSAFE,entry_created_after_closing
2026-07-17,13,11,15:56:00,2026-08-05T02:12:13.654872+00:00,2026-08-05T02:12:15.500091+00:00,2026-08-05T02:12:15.500091+00:00,,6,UNSAFE,entry_created_after_closing
2026-07-17,13,12,16:35:00,2026-08-05T02:12:13.654872+00:00,2026-08-05T02:12:13.654872+00:00,2026-08-05T02:12:13.654872+00:00,,6,UNSAFE,entry_created_after_closing
2026-07-17,16,1,11:57:00,2026-08-05T02:12:17.764327+00:00,2026-08-05T02:12:19.879044+00:00,2026-08-05T02:12:19.879044+00:00,,6,UNSAFE,entry_created_after_closing
2026-07-17,16,2,12:26:00,2026-08-05T02:12:17.764327+00:00,2026-08-05T02:12:19.879044+00:00,2026-08-05T02:12:19.879044+00:00,,6,UNSAFE,entry_created_after_closing
2026-07-17,16,3,12:55:00,2026-08-05T02:12:17.764327+00:00,2026-08-05T02:12:19.879044+00:00,2026-08-05T02:12:19.879044+00:00,,6,UNSAFE,entry_created_after_closing
2026-07-17,16,4,13:22:00,2026-08-05T02:12:17.764327+00:00,2026-08-05T02:12:19.879044+00:00,2026-08-05T02:12:19.879044+00:00,,6,UNSAFE,entry_created_after_closing
2026-07-17,16,5,13:56:00,2026-08-05T02:12:17.764327+00:00,2026-08-05T02:12:19.879044+00:00,2026-08-05T02:12:19.879044+00:00,,6,UNSAFE,entry_created_after_closing
2026-07-17,16,6,14:35:00,2026-08-05T02:12:17.764327+00:00,2026-08-05T02:12:19.879044+00:00,2026-08-05T02:12:19.879044+00:00,,6,UNSAFE,entry_created_after_closing
2026-07-17,16,7,15:05:00,2026-08-05T02:12:17.764327+00:00,2026-08-05T02:12:19.879044+00:00,2026-08-05T02:12:19.879044+00:00,,6,UNSAFE,entry_created_after_closing
2026-07-17,16,8,15:32:00,2026-08-05T02:12:17.764327+00:00,2026-08-05T02:12:19.879044+00:00,2026-08-05T02:12:19.879044+00:00,,6,UNSAFE,entry_created_after_closing
2026-07-17,16,9,15:59:00,2026-08-05T02:12:17.764327+00:00,2026-08-05T02:12:19.879044+00:00,2026-08-05T02:12:19.879044+00:00,,6,UNSAFE,entry_created_after_closing
2026-07-17,16,10,16:28:00,2026-08-05T02:12:17.764327+00:00,2026-08-05T02:12:18.50879+00:00,2026-08-05T02:12:18.50879+00:00,,6,UNSAFE,entry_created_after_closing
2026-07-17,16,11,17:08:00,2026-08-05T02:12:17.764327+00:00,2026-08-05T02:12:19.879044+00:00,2026-08-05T02:12:19.879044+00:00,,6,UNSAFE,entry_created_after_closing
2026-07-17,16,12,17:50:00,2026-08-05T02:12:17.764327+00:00,2026-08-05T02:12:19.879044+00:00,2026-08-05T02:12:19.879044+00:00,,6,UNSAFE,entry_created_after_closing
2026-07-17,17,1,10:45:00,2026-08-05T02:12:10.298164+00:00,2026-08-05T02:12:12.164337+00:00,2026-08-05T02:12:12.164337+00:00,,6,UNSAFE,entry_created_after_closing
2026-07-17,17,2,11:14:00,2026-08-05T02:12:10.298164+00:00,2026-08-05T02:12:12.164337+00:00,2026-08-05T02:12:12.164337+00:00,,6,UNSAFE,entry_created_after_closing
2026-07-17,17,3,11:41:00,2026-08-05T02:12:10.298164+00:00,2026-08-05T02:12:10.298164+00:00,2026-08-05T02:12:10.298164+00:00,,6,UNSAFE,entry_created_after_closing
2026-07-17,17,4,12:12:00,2026-08-05T02:12:10.298164+00:00,2026-08-05T02:12:10.298164+00:00,2026-08-05T02:12:10.298164+00:00,,6,UNSAFE,entry_created_after_closing
2026-07-17,17,5,12:42:00,2026-08-05T02:12:10.298164+00:00,2026-08-05T02:12:10.298164+00:00,2026-08-05T02:12:10.298164+00:00,,6,UNSAFE,entry_created_after_closing
2026-07-17,17,6,13:11:00,2026-08-05T02:12:10.298164+00:00,2026-08-05T02:12:10.298164+00:00,2026-08-05T02:12:10.298164+00:00,,6,UNSAFE,entry_created_after_closing
2026-07-17,17,7,13:43:00,2026-08-05T02:12:10.298164+00:00,2026-08-05T02:12:10.298164+00:00,2026-08-05T02:12:10.298164+00:00,,6,UNSAFE,entry_created_after_closing
2026-07-17,17,8,14:15:00,2026-08-05T02:12:10.298164+00:00,2026-08-05T02:12:10.298164+00:00,2026-08-05T02:12:10.298164+00:00,,6,UNSAFE,entry_created_after_closing
2026-07-17,17,9,14:52:00,2026-08-05T02:12:10.298164+00:00,2026-08-05T02:12:10.298164+00:00,2026-08-05T02:12:10.298164+00:00,,6,UNSAFE,entry_created_after_closing
2026-07-17,17,10,15:28:00,2026-08-05T02:12:10.298164+00:00,2026-08-05T02:12:12.164337+00:00,2026-08-05T02:12:12.164337+00:00,,6,UNSAFE,entry_created_after_closing
2026-07-17,17,11,16:06:00,2026-08-05T02:12:10.298164+00:00,2026-08-05T02:12:12.164337+00:00,2026-08-05T02:12:12.164337+00:00,,6,UNSAFE,entry_created_after_closing
2026-07-17,17,12,16:52:00,2026-08-05T02:12:10.298164+00:00,2026-08-05T02:12:10.298164+00:00,2026-08-05T02:12:10.298164+00:00,,6,UNSAFE,entry_created_after_closing
2026-07-17,18,1,08:44:00,2026-08-05T02:12:13.654872+00:00,2026-08-05T02:12:14.656327+00:00,2026-08-05T02:12:14.656327+00:00,,6,UNSAFE,entry_created_after_closing
2026-07-17,18,2,09:10:00,2026-08-05T02:12:13.654872+00:00,2026-08-05T02:12:16.210488+00:00,2026-08-05T02:12:16.210488+00:00,,6,UNSAFE,entry_created_after_closing
2026-07-17,18,3,09:36:00,2026-08-05T02:12:13.654872+00:00,2026-08-05T02:12:14.656327+00:00,2026-08-05T02:12:14.656327+00:00,,6,UNSAFE,entry_created_after_closing
2026-07-17,18,4,10:02:00,2026-08-05T02:12:13.654872+00:00,2026-08-05T02:12:16.210488+00:00,2026-08-05T02:12:16.210488+00:00,,6,UNSAFE,entry_created_after_closing
2026-07-17,18,5,10:30:00,2026-08-05T02:12:13.654872+00:00,2026-08-05T02:12:16.210488+00:00,2026-08-05T02:12:16.210488+00:00,,6,UNSAFE,entry_created_after_closing
2026-07-17,18,6,10:59:00,2026-08-05T02:12:13.654872+00:00,2026-08-05T02:12:16.210488+00:00,2026-08-05T02:12:16.210488+00:00,,6,UNSAFE,entry_created_after_closing
2026-07-17,18,7,11:30:00,2026-08-05T02:12:13.654872+00:00,2026-08-05T02:12:15.500091+00:00,2026-08-05T02:12:15.500091+00:00,,6,UNSAFE,entry_created_after_closing
2026-07-17,18,8,12:04:00,2026-08-05T02:12:13.654872+00:00,2026-08-05T02:12:14.656327+00:00,2026-08-05T02:12:14.656327+00:00,,6,UNSAFE,entry_created_after_closing
2026-07-17,18,9,12:35:00,2026-08-05T02:12:13.654872+00:00,2026-08-05T02:12:14.656327+00:00,2026-08-05T02:12:14.656327+00:00,,6,UNSAFE,entry_created_after_closing
2026-07-17,18,10,13:06:00,2026-08-05T02:12:14.656327+00:00,2026-08-05T02:12:15.500091+00:00,2026-08-05T02:12:15.500091+00:00,,6,UNSAFE,entry_created_after_closing
2026-07-17,18,11,13:39:00,2026-08-05T02:12:13.654872+00:00,2026-08-05T02:12:14.656327+00:00,2026-08-05T02:12:14.656327+00:00,,6,UNSAFE,entry_created_after_closing
2026-07-17,18,12,14:13:00,2026-08-05T02:12:13.654872+00:00,2026-08-05T02:12:14.656327+00:00,2026-08-05T02:12:14.656327+00:00,,6,UNSAFE,entry_created_after_closing
2026-07-17,21,1,08:32:00,2026-08-05T02:12:10.298164+00:00,2026-08-05T02:12:12.873008+00:00,2026-08-05T02:12:12.873008+00:00,,6,UNSAFE,entry_created_after_closing
2026-07-17,21,2,08:58:00,2026-08-05T02:12:10.298164+00:00,2026-08-05T02:12:11.400893+00:00,2026-08-05T02:12:11.400893+00:00,,6,UNSAFE,entry_created_after_closing
2026-07-17,21,3,09:24:00,2026-08-05T02:12:10.298164+00:00,2026-08-05T02:12:12.873008+00:00,2026-08-05T02:12:12.873008+00:00,,6,UNSAFE,entry_created_after_closing
2026-07-17,21,4,09:50:00,2026-08-05T02:12:10.298164+00:00,2026-08-05T02:12:12.873008+00:00,2026-08-05T02:12:12.873008+00:00,,6,UNSAFE,entry_created_after_closing
2026-07-17,21,5,10:18:00,2026-08-05T02:12:10.298164+00:00,2026-08-05T02:12:11.400893+00:00,2026-08-05T02:12:11.400893+00:00,,6,UNSAFE,entry_created_after_closing
2026-07-17,21,6,10:49:00,2026-08-05T02:12:10.298164+00:00,2026-08-05T02:12:11.400893+00:00,2026-08-05T02:12:11.400893+00:00,,6,UNSAFE,entry_created_after_closing
2026-07-17,21,7,11:19:00,2026-08-05T02:12:10.298164+00:00,2026-08-05T02:12:12.164337+00:00,2026-08-05T02:12:12.164337+00:00,,6,UNSAFE,entry_created_after_closing
2026-07-17,21,8,11:49:00,2026-08-05T02:12:10.298164+00:00,2026-08-05T02:12:11.400893+00:00,2026-08-05T02:12:11.400893+00:00,,6,UNSAFE,entry_created_after_closing
2026-07-17,21,9,12:18:00,2026-08-05T02:12:10.298164+00:00,2026-08-05T02:12:11.400893+00:00,2026-08-05T02:12:11.400893+00:00,,6,UNSAFE,entry_created_after_closing
2026-07-17,21,10,12:50:00,2026-08-05T02:12:10.298164+00:00,2026-08-05T02:12:12.873008+00:00,2026-08-05T02:12:12.873008+00:00,,6,UNSAFE,entry_created_after_closing
2026-07-17,21,11,13:24:00,2026-08-05T02:12:10.298164+00:00,2026-08-05T02:12:12.873008+00:00,2026-08-05T02:12:12.873008+00:00,,6,UNSAFE,entry_created_after_closing
2026-07-17,21,12,14:00:00,2026-08-05T02:12:10.298164+00:00,2026-08-05T02:12:12.164337+00:00,2026-08-05T02:12:12.164337+00:00,,6,UNSAFE,entry_created_after_closing
2026-07-17,24,1,17:41:00,2026-08-05T02:12:10.298164+00:00,2026-08-05T02:12:11.400893+00:00,2026-08-05T02:12:11.400893+00:00,,6,UNSAFE,entry_created_after_closing
2026-07-17,24,2,18:08:00,2026-08-05T02:12:10.298164+00:00,2026-08-05T02:12:12.873008+00:00,2026-08-05T02:12:12.873008+00:00,,6,UNSAFE,entry_created_after_closing
2026-07-17,24,3,18:34:00,2026-08-05T02:12:10.298164+00:00,2026-08-05T02:12:11.400893+00:00,2026-08-05T02:12:11.400893+00:00,,6,UNSAFE,entry_created_after_closing
2026-07-17,24,4,19:03:00,2026-08-05T02:12:10.298164+00:00,2026-08-05T02:12:11.400893+00:00,2026-08-05T02:12:11.400893+00:00,,6,UNSAFE,entry_created_after_closing
2026-07-17,24,5,19:30:00,2026-08-05T02:12:10.298164+00:00,2026-08-05T02:12:11.400893+00:00,2026-08-05T02:12:11.400893+00:00,,6,UNSAFE,entry_created_after_closing
2026-07-17,24,6,19:56:00,2026-08-05T02:12:10.298164+00:00,2026-08-05T02:12:11.400893+00:00,2026-08-05T02:12:11.400893+00:00,,6,UNSAFE,entry_created_after_closing
2026-07-17,24,7,20:25:00,2026-08-05T02:12:10.298164+00:00,2026-08-05T02:12:12.873008+00:00,2026-08-05T02:12:12.873008+00:00,,6,UNSAFE,entry_created_after_closing
2026-07-17,24,8,20:59:00,2026-08-05T02:12:10.298164+00:00,2026-08-05T02:12:12.873008+00:00,2026-08-05T02:12:12.873008+00:00,,6,UNSAFE,entry_created_after_closing
2026-07-17,24,9,21:25:00,2026-08-05T02:12:10.298164+00:00,2026-08-05T02:12:12.164337+00:00,2026-08-05T02:12:12.164337+00:00,,6,UNSAFE,entry_created_after_closing
2026-07-17,24,10,21:51:00,2026-08-05T02:12:10.298164+00:00,2026-08-05T02:12:12.164337+00:00,2026-08-05T02:12:12.164337+00:00,,6,UNSAFE,entry_created_after_closing
2026-07-17,24,11,22:20:00,2026-08-05T02:12:10.298164+00:00,2026-08-05T02:12:12.873008+00:00,2026-08-05T02:12:12.873008+00:00,,6,UNSAFE,entry_created_after_closing
2026-07-17,24,12,22:45:00,2026-08-05T02:12:10.298164+00:00,2026-08-05T02:12:11.400893+00:00,2026-08-05T02:12:11.400893+00:00,,6,UNSAFE,entry_created_after_closing
2026-07-18,1,1,15:24:00,2026-08-05T02:13:08.216701+00:00,2026-08-05T02:13:09.0015+00:00,2026-08-05T02:13:09.0015+00:00,,6,UNSAFE,entry_created_after_closing
2026-07-18,1,2,15:50:00,2026-08-05T02:13:08.216701+00:00,2026-08-05T02:13:09.0015+00:00,2026-08-05T02:13:09.0015+00:00,,6,UNSAFE,entry_created_after_closing
2026-07-18,1,3,16:16:00,2026-08-05T02:13:08.216701+00:00,2026-08-05T02:13:09.0015+00:00,2026-08-05T02:13:09.0015+00:00,,6,UNSAFE,entry_created_after_closing
2026-07-18,1,4,16:43:00,2026-08-05T02:13:08.216701+00:00,2026-08-05T02:13:09.0015+00:00,2026-08-05T02:13:09.0015+00:00,,6,UNSAFE,entry_created_after_closing
2026-07-18,1,5,17:11:00,2026-08-05T02:13:08.216701+00:00,2026-08-05T02:13:08.216701+00:00,2026-08-05T02:13:08.216701+00:00,,6,UNSAFE,entry_created_after_closing
2026-07-18,1,6,17:35:00,2026-08-05T02:13:08.216701+00:00,2026-08-05T02:13:09.0015+00:00,2026-08-05T02:13:09.0015+00:00,,6,UNSAFE,entry_created_after_closing
2026-07-18,1,7,18:02:00,2026-08-05T02:13:08.216701+00:00,2026-08-05T02:13:09.0015+00:00,2026-08-05T02:13:09.0015+00:00,,6,UNSAFE,entry_created_after_closing
2026-07-18,1,8,18:31:00,2026-08-05T02:13:08.216701+00:00,2026-08-05T02:13:08.216701+00:00,2026-08-05T02:13:08.216701+00:00,,6,UNSAFE,entry_created_after_closing
2026-07-18,1,9,19:01:00,2026-08-05T02:13:08.216701+00:00,2026-08-05T02:13:09.764373+00:00,2026-08-05T02:13:09.764373+00:00,,6,UNSAFE,entry_created_after_closing
2026-07-18,1,10,19:32:00,2026-08-05T02:13:08.216701+00:00,2026-08-05T02:13:09.0015+00:00,2026-08-05T02:13:09.0015+00:00,,6,UNSAFE,entry_created_after_closing
2026-07-18,1,11,20:03:00,2026-08-05T02:13:08.216701+00:00,2026-08-05T02:13:09.0015+00:00,2026-08-05T02:13:09.0015+00:00,,6,UNSAFE,entry_created_after_closing
2026-07-18,1,12,20:30:00,2026-08-05T02:13:08.216701+00:00,2026-08-05T02:13:09.0015+00:00,2026-08-05T02:13:09.0015+00:00,,6,UNSAFE,entry_created_after_closing
2026-07-18,2,1,10:47:00,2026-08-05T02:13:11.063926+00:00,2026-08-05T02:13:12.399544+00:00,2026-08-05T02:13:12.399544+00:00,,6,UNSAFE,entry_created_after_closing
2026-07-18,2,2,11:16:00,2026-08-05T02:13:11.063926+00:00,2026-08-05T02:13:13.868627+00:00,2026-08-05T02:13:13.868627+00:00,,6,UNSAFE,entry_created_after_closing
2026-07-18,2,3,11:45:00,2026-08-05T02:13:11.063926+00:00,2026-08-05T02:13:12.399544+00:00,2026-08-05T02:13:12.399544+00:00,,6,UNSAFE,entry_created_after_closing
2026-07-18,2,4,12:14:00,2026-08-05T02:13:11.063926+00:00,2026-08-05T02:13:13.868627+00:00,2026-08-05T02:13:13.868627+00:00,,6,UNSAFE,entry_created_after_closing
2026-07-18,2,5,12:44:00,2026-08-05T02:13:11.063926+00:00,2026-08-05T02:13:12.399544+00:00,2026-08-05T02:13:12.399544+00:00,,6,UNSAFE,entry_created_after_closing
2026-07-18,2,6,13:14:00,2026-08-05T02:13:11.063926+00:00,2026-08-05T02:13:12.399544+00:00,2026-08-05T02:13:12.399544+00:00,,6,UNSAFE,entry_created_after_closing
2026-07-18,2,7,13:45:00,2026-08-05T02:13:11.063926+00:00,2026-08-05T02:13:15.020365+00:00,2026-08-05T02:13:15.020365+00:00,,6,UNSAFE,entry_created_after_closing
2026-07-18,2,8,14:16:00,2026-08-05T02:13:11.063926+00:00,2026-08-05T02:13:15.020365+00:00,2026-08-05T02:13:15.020365+00:00,,6,UNSAFE,entry_created_after_closing
2026-07-18,2,9,14:48:00,2026-08-05T02:13:11.063926+00:00,2026-08-05T02:13:12.399544+00:00,2026-08-05T02:13:12.399544+00:00,,6,UNSAFE,entry_created_after_closing
2026-07-18,2,10,15:21:00,2026-08-05T02:13:11.063926+00:00,2026-08-05T02:13:13.868627+00:00,2026-08-05T02:13:13.868627+00:00,,6,UNSAFE,entry_created_after_closing
2026-07-18,2,11,15:55:00,2026-08-05T02:13:11.063926+00:00,2026-08-05T02:13:15.020365+00:00,2026-08-05T02:13:15.020365+00:00,,6,UNSAFE,entry_created_after_closing
2026-07-18,2,12,16:30:00,2026-08-05T02:13:11.063926+00:00,2026-08-05T02:13:15.020365+00:00,2026-08-05T02:13:15.020365+00:00,,6,UNSAFE,entry_created_after_closing
2026-07-18,4,1,11:55:00,2026-08-05T02:13:11.063926+00:00,2026-08-05T02:13:15.020365+00:00,2026-08-05T02:13:15.020365+00:00,,6,UNSAFE,entry_created_after_closing
2026-07-18,4,2,12:24:00,2026-08-05T02:13:11.063926+00:00,2026-08-05T02:13:15.020365+00:00,2026-08-05T02:13:15.020365+00:00,,6,UNSAFE,entry_created_after_closing
2026-07-18,4,3,12:54:00,2026-08-05T02:13:11.063926+00:00,2026-08-05T02:13:13.868627+00:00,2026-08-05T02:13:13.868627+00:00,,6,UNSAFE,entry_created_after_closing
2026-07-18,4,4,13:25:00,2026-08-05T02:13:11.063926+00:00,2026-08-05T02:13:15.020365+00:00,2026-08-05T02:13:15.020365+00:00,,6,UNSAFE,entry_created_after_closing
2026-07-18,4,5,13:55:00,2026-08-05T02:13:11.063926+00:00,2026-08-05T02:13:13.868627+00:00,2026-08-05T02:13:13.868627+00:00,,6,UNSAFE,entry_created_after_closing
2026-07-18,4,6,14:28:00,2026-08-05T02:13:11.063926+00:00,2026-08-05T02:13:13.868627+00:00,2026-08-05T02:13:13.868627+00:00,,6,UNSAFE,entry_created_after_closing
2026-07-18,4,7,15:00:00,2026-08-05T02:13:11.063926+00:00,2026-08-05T02:13:12.399544+00:00,2026-08-05T02:13:12.399544+00:00,,6,UNSAFE,entry_created_after_closing
2026-07-18,4,8,15:32:00,2026-08-05T02:13:11.063926+00:00,2026-08-05T02:13:12.399544+00:00,2026-08-05T02:13:12.399544+00:00,,6,UNSAFE,entry_created_after_closing
2026-07-18,4,9,16:05:00,2026-08-05T02:13:11.063926+00:00,2026-08-05T02:13:13.868627+00:00,2026-08-05T02:13:13.868627+00:00,,6,UNSAFE,entry_created_after_closing
2026-07-18,4,10,16:37:00,2026-08-05T02:13:11.063926+00:00,2026-08-05T02:13:13.868627+00:00,2026-08-05T02:13:13.868627+00:00,,6,UNSAFE,entry_created_after_closing
2026-07-18,4,11,17:08:00,2026-08-05T02:13:13.868627+00:00,2026-08-05T02:13:15.020365+00:00,2026-08-05T02:13:15.020365+00:00,,6,UNSAFE,entry_created_after_closing
2026-07-18,4,12,17:42:00,2026-08-05T02:13:11.063926+00:00,2026-08-05T02:13:15.020365+00:00,2026-08-05T02:13:15.020365+00:00,,6,UNSAFE,entry_created_after_closing
2026-07-18,7,1,15:20:00,2026-08-05T02:13:11.063926+00:00,2026-08-05T02:13:12.399544+00:00,2026-08-05T02:13:12.399544+00:00,,6,UNSAFE,entry_created_after_closing
2026-07-18,7,2,15:46:00,2026-08-05T02:13:11.063926+00:00,2026-08-05T02:13:15.020365+00:00,2026-08-05T02:13:15.020365+00:00,,6,UNSAFE,entry_created_after_closing
2026-07-18,7,3,16:13:00,2026-08-05T02:13:11.063926+00:00,2026-08-05T02:13:12.399544+00:00,2026-08-05T02:13:12.399544+00:00,,6,UNSAFE,entry_created_after_closing
2026-07-18,7,4,16:41:00,2026-08-05T02:13:11.063926+00:00,2026-08-05T02:13:15.020365+00:00,2026-08-05T02:13:15.020365+00:00,,6,UNSAFE,entry_created_after_closing
2026-07-18,7,5,17:09:00,2026-08-05T02:13:11.063926+00:00,2026-08-05T02:13:13.868627+00:00,2026-08-05T02:13:13.868627+00:00,,6,UNSAFE,entry_created_after_closing
2026-07-18,7,6,17:37:00,2026-08-05T02:13:11.063926+00:00,2026-08-05T02:13:12.399544+00:00,2026-08-05T02:13:12.399544+00:00,,6,UNSAFE,entry_created_after_closing
2026-07-18,7,7,18:06:00,2026-08-05T02:13:11.063926+00:00,2026-08-05T02:13:13.868627+00:00,2026-08-05T02:13:13.868627+00:00,,6,UNSAFE,entry_created_after_closing
2026-07-18,7,8,18:35:00,2026-08-05T02:13:11.063926+00:00,2026-08-05T02:13:15.020365+00:00,2026-08-05T02:13:15.020365+00:00,,6,UNSAFE,entry_created_after_closing
2026-07-18,7,9,19:04:00,2026-08-05T02:13:11.063926+00:00,2026-08-05T02:13:15.020365+00:00,2026-08-05T02:13:15.020365+00:00,,6,UNSAFE,entry_created_after_closing
2026-07-18,7,10,19:35:00,2026-08-05T02:13:11.063926+00:00,2026-08-05T02:13:15.020365+00:00,2026-08-05T02:13:15.020365+00:00,,6,UNSAFE,entry_created_after_closing
2026-07-18,7,11,20:06:00,2026-08-05T02:13:11.063926+00:00,2026-08-05T02:13:15.020365+00:00,2026-08-05T02:13:15.020365+00:00,,6,UNSAFE,entry_created_after_closing
2026-07-18,7,12,20:39:00,2026-08-05T02:13:11.063926+00:00,2026-08-05T02:13:12.399544+00:00,2026-08-05T02:13:12.399544+00:00,,6,UNSAFE,entry_created_after_closing
2026-07-18,8,1,10:39:00,2026-08-05T02:13:20.211273+00:00,2026-08-05T02:13:22.644722+00:00,2026-08-05T02:13:22.644722+00:00,,6,UNSAFE,entry_created_after_closing
2026-07-18,8,2,11:07:00,2026-08-05T02:13:20.211273+00:00,2026-08-05T02:13:22.644722+00:00,2026-08-05T02:13:22.644722+00:00,,6,UNSAFE,entry_created_after_closing
2026-07-18,8,3,11:38:00,2026-08-05T02:13:20.211273+00:00,2026-08-05T02:13:20.968712+00:00,2026-08-05T02:13:20.968712+00:00,,6,UNSAFE,entry_created_after_closing
2026-07-18,8,4,12:06:00,2026-08-05T02:13:20.211273+00:00,2026-08-05T02:13:21.704373+00:00,2026-08-05T02:13:21.704373+00:00,,6,UNSAFE,entry_created_after_closing
2026-07-18,8,5,12:33:00,2026-08-05T02:13:20.211273+00:00,2026-08-05T02:13:21.704373+00:00,2026-08-05T02:13:21.704373+00:00,,6,UNSAFE,entry_created_after_closing
2026-07-18,8,6,13:04:00,2026-08-05T02:13:20.211273+00:00,2026-08-05T02:13:21.704373+00:00,2026-08-05T02:13:21.704373+00:00,,6,UNSAFE,entry_created_after_closing
2026-07-18,8,7,13:36:00,2026-08-05T02:13:20.211273+00:00,2026-08-05T02:13:20.968712+00:00,2026-08-05T02:13:20.968712+00:00,,6,UNSAFE,entry_created_after_closing
2026-07-18,8,8,14:05:00,2026-08-05T02:13:20.211273+00:00,2026-08-05T02:13:22.644722+00:00,2026-08-05T02:13:22.644722+00:00,,6,UNSAFE,entry_created_after_closing
2026-07-18,8,9,14:39:00,2026-08-05T02:13:20.211273+00:00,2026-08-05T02:13:20.968712+00:00,2026-08-05T02:13:20.968712+00:00,,6,UNSAFE,entry_created_after_closing
2026-07-18,8,10,15:07:00,2026-08-05T02:13:20.211273+00:00,2026-08-05T02:13:22.644722+00:00,2026-08-05T02:13:22.644722+00:00,,6,UNSAFE,entry_created_after_closing
2026-07-18,8,11,15:38:00,2026-08-05T02:13:20.211273+00:00,2026-08-05T02:13:21.704373+00:00,2026-08-05T02:13:21.704373+00:00,,6,UNSAFE,entry_created_after_closing
2026-07-18,8,12,16:19:00,2026-08-05T02:13:20.211273+00:00,2026-08-05T02:13:21.704373+00:00,2026-08-05T02:13:21.704373+00:00,,6,UNSAFE,entry_created_after_closing
2026-07-18,9,1,10:33:00,2026-08-05T02:13:11.063926+00:00,2026-08-05T02:13:15.020365+00:00,2026-08-05T02:13:15.020365+00:00,,6,UNSAFE,entry_created_after_closing
2026-07-18,9,2,11:04:00,2026-08-05T02:13:11.063926+00:00,2026-08-05T02:13:13.868627+00:00,2026-08-05T02:13:13.868627+00:00,,6,UNSAFE,entry_created_after_closing
2026-07-18,9,3,11:36:00,2026-08-05T02:13:11.063926+00:00,2026-08-05T02:13:13.868627+00:00,2026-08-05T02:13:13.868627+00:00,,6,UNSAFE,entry_created_after_closing
2026-07-18,9,4,12:08:00,2026-08-05T02:13:11.063926+00:00,2026-08-05T02:13:15.020365+00:00,2026-08-05T02:13:15.020365+00:00,,6,UNSAFE,entry_created_after_closing
2026-07-18,9,5,12:38:00,2026-08-05T02:13:11.063926+00:00,2026-08-05T02:13:12.399544+00:00,2026-08-05T02:13:12.399544+00:00,,6,UNSAFE,entry_created_after_closing
2026-07-18,9,6,13:09:00,2026-08-05T02:13:11.063926+00:00,2026-08-05T02:13:13.868627+00:00,2026-08-05T02:13:13.868627+00:00,,6,UNSAFE,entry_created_after_closing
2026-07-18,9,7,13:40:00,2026-08-05T02:13:11.063926+00:00,2026-08-05T02:13:15.020365+00:00,2026-08-05T02:13:15.020365+00:00,,6,UNSAFE,entry_created_after_closing
2026-07-18,9,8,14:12:00,2026-08-05T02:13:11.063926+00:00,2026-08-05T02:13:12.399544+00:00,2026-08-05T02:13:12.399544+00:00,,6,UNSAFE,entry_created_after_closing
2026-07-18,9,9,14:44:00,2026-08-05T02:13:11.063926+00:00,2026-08-05T02:13:12.399544+00:00,2026-08-05T02:13:12.399544+00:00,,6,UNSAFE,entry_created_after_closing
2026-07-18,9,10,15:16:00,2026-08-05T02:13:11.063926+00:00,2026-08-05T02:13:12.399544+00:00,2026-08-05T02:13:12.399544+00:00,,6,UNSAFE,entry_created_after_closing
2026-07-18,9,11,15:49:00,2026-08-05T02:13:11.063926+00:00,2026-08-05T02:13:15.020365+00:00,2026-08-05T02:13:15.020365+00:00,,6,UNSAFE,entry_created_after_closing
2026-07-18,9,12,16:25:00,2026-08-05T02:13:11.063926+00:00,2026-08-05T02:13:12.399544+00:00,2026-08-05T02:13:12.399544+00:00,,6,UNSAFE,entry_created_after_closing
2026-07-18,10,1,08:39:00,2026-08-05T02:13:11.063926+00:00,2026-08-05T02:13:12.399544+00:00,2026-08-05T02:13:12.399544+00:00,,6,UNSAFE,entry_created_after_closing
2026-07-18,10,2,09:05:00,2026-08-05T02:13:11.063926+00:00,2026-08-05T02:13:12.399544+00:00,2026-08-05T02:13:12.399544+00:00,,6,UNSAFE,entry_created_after_closing
2026-07-18,10,3,09:31:00,2026-08-05T02:13:11.063926+00:00,2026-08-05T02:13:12.399544+00:00,2026-08-05T02:13:12.399544+00:00,,6,UNSAFE,entry_created_after_closing
2026-07-18,10,4,09:57:00,2026-08-05T02:13:11.063926+00:00,2026-08-05T02:13:12.399544+00:00,2026-08-05T02:13:12.399544+00:00,,6,UNSAFE,entry_created_after_closing
2026-07-18,10,5,10:23:00,2026-08-05T02:13:11.063926+00:00,2026-08-05T02:13:12.399544+00:00,2026-08-05T02:13:12.399544+00:00,,6,UNSAFE,entry_created_after_closing
2026-07-18,10,6,10:51:00,2026-08-05T02:13:11.063926+00:00,2026-08-05T02:13:15.020365+00:00,2026-08-05T02:13:15.020365+00:00,,6,UNSAFE,entry_created_after_closing
2026-07-18,10,7,11:21:00,2026-08-05T02:13:11.063926+00:00,2026-08-05T02:13:15.020365+00:00,2026-08-05T02:13:15.020365+00:00,,6,UNSAFE,entry_created_after_closing
2026-07-18,10,8,11:53:00,2026-08-05T02:13:11.063926+00:00,2026-08-05T02:13:12.399544+00:00,2026-08-05T02:13:12.399544+00:00,,6,UNSAFE,entry_created_after_closing
2026-07-18,10,9,12:22:00,2026-08-05T02:13:11.063926+00:00,2026-08-05T02:13:15.020365+00:00,2026-08-05T02:13:15.020365+00:00,,6,UNSAFE,entry_created_after_closing
2026-07-18,10,10,12:56:00,2026-08-05T02:13:11.063926+00:00,2026-08-05T02:13:12.399544+00:00,2026-08-05T02:13:12.399544+00:00,,6,UNSAFE,entry_created_after_closing
2026-07-18,10,11,13:29:00,2026-08-05T02:13:11.063926+00:00,2026-08-05T02:13:12.399544+00:00,2026-08-05T02:13:12.399544+00:00,,6,UNSAFE,entry_created_after_closing
2026-07-18,10,12,14:03:00,2026-08-05T02:13:11.063926+00:00,2026-08-05T02:13:12.399544+00:00,2026-08-05T02:13:12.399544+00:00,,6,UNSAFE,entry_created_after_closing
2026-07-18,11,1,10:41:00,2026-08-05T02:13:11.063926+00:00,2026-08-05T02:13:12.399544+00:00,2026-08-05T02:13:12.399544+00:00,,6,UNSAFE,entry_created_after_closing
2026-07-18,11,2,11:09:00,2026-08-05T02:13:11.063926+00:00,2026-08-05T02:13:12.399544+00:00,2026-08-05T02:13:12.399544+00:00,,6,UNSAFE,entry_created_after_closing
2026-07-18,11,3,11:43:00,2026-08-05T02:13:11.063926+00:00,2026-08-05T02:13:15.020365+00:00,2026-08-05T02:13:15.020365+00:00,,6,UNSAFE,entry_created_after_closing
2026-07-18,11,4,12:19:00,2026-08-05T02:13:11.063926+00:00,2026-08-05T02:13:15.020365+00:00,2026-08-05T02:13:15.020365+00:00,,6,UNSAFE,entry_created_after_closing
2026-07-18,11,5,12:51:00,2026-08-05T02:13:11.063926+00:00,2026-08-05T02:13:12.399544+00:00,2026-08-05T02:13:12.399544+00:00,,6,UNSAFE,entry_created_after_closing
2026-07-18,11,6,13:17:00,2026-08-05T02:13:11.063926+00:00,2026-08-05T02:13:13.868627+00:00,2026-08-05T02:13:13.868627+00:00,,6,UNSAFE,entry_created_after_closing
2026-07-18,11,7,13:48:00,2026-08-05T02:13:11.063926+00:00,2026-08-05T02:13:15.020365+00:00,2026-08-05T02:13:15.020365+00:00,,6,UNSAFE,entry_created_after_closing
2026-07-18,11,8,14:25:00,2026-08-05T02:13:11.063926+00:00,2026-08-05T02:13:12.399544+00:00,2026-08-05T02:13:12.399544+00:00,,6,UNSAFE,entry_created_after_closing
2026-07-18,11,9,14:57:00,2026-08-05T02:13:11.063926+00:00,2026-08-05T02:13:13.868627+00:00,2026-08-05T02:13:13.868627+00:00,,6,UNSAFE,entry_created_after_closing
2026-07-18,11,10,15:35:00,2026-08-05T02:13:11.063926+00:00,2026-08-05T02:13:12.399544+00:00,2026-08-05T02:13:12.399544+00:00,,6,UNSAFE,entry_created_after_closing
2026-07-18,11,11,16:03:00,2026-08-05T02:13:11.063926+00:00,2026-08-05T02:13:12.399544+00:00,2026-08-05T02:13:12.399544+00:00,,6,UNSAFE,entry_created_after_closing
2026-07-18,11,12,16:40:00,2026-08-05T02:13:11.063926+00:00,2026-08-05T02:13:13.868627+00:00,2026-08-05T02:13:13.868627+00:00,,6,UNSAFE,entry_created_after_closing
2026-07-18,12,1,15:17:00,2026-08-05T02:13:20.211273+00:00,2026-08-05T02:13:21.704373+00:00,2026-08-05T02:13:21.704373+00:00,,6,UNSAFE,entry_created_after_closing
2026-07-18,12,2,15:43:00,2026-08-05T02:13:20.211273+00:00,2026-08-05T02:13:21.704373+00:00,2026-08-05T02:13:21.704373+00:00,,6,UNSAFE,entry_created_after_closing
2026-07-18,12,3,16:09:00,2026-08-05T02:13:20.211273+00:00,2026-08-05T02:13:21.704373+00:00,2026-08-05T02:13:21.704373+00:00,,6,UNSAFE,entry_created_after_closing
2026-07-18,12,4,16:33:00,2026-08-05T02:13:20.211273+00:00,2026-08-05T02:13:20.211273+00:00,2026-08-05T02:13:20.211273+00:00,,6,UNSAFE,entry_created_after_closing
2026-07-18,12,5,17:00:00,2026-08-05T02:13:20.211273+00:00,2026-08-05T02:13:21.704373+00:00,2026-08-05T02:13:21.704373+00:00,,6,UNSAFE,entry_created_after_closing
2026-07-18,12,6,17:28:00,2026-08-05T02:13:20.211273+00:00,2026-08-05T02:13:21.704373+00:00,2026-08-05T02:13:21.704373+00:00,,6,UNSAFE,entry_created_after_closing
2026-07-18,12,7,17:57:00,2026-08-05T02:13:20.211273+00:00,2026-08-05T02:13:21.704373+00:00,2026-08-05T02:13:21.704373+00:00,,6,UNSAFE,entry_created_after_closing
2026-07-18,12,8,18:23:00,2026-08-05T02:13:20.211273+00:00,2026-08-05T02:13:20.211273+00:00,2026-08-05T02:13:20.211273+00:00,,6,UNSAFE,entry_created_after_closing
2026-07-18,12,9,18:53:00,2026-08-05T02:13:20.211273+00:00,2026-08-05T02:13:20.211273+00:00,2026-08-05T02:13:20.211273+00:00,,6,UNSAFE,entry_created_after_closing
2026-07-18,12,10,19:23:00,2026-08-05T02:13:20.211273+00:00,2026-08-05T02:13:21.704373+00:00,2026-08-05T02:13:21.704373+00:00,,6,UNSAFE,entry_created_after_closing
2026-07-18,12,11,19:55:00,2026-08-05T02:13:20.211273+00:00,2026-08-05T02:13:21.704373+00:00,2026-08-05T02:13:21.704373+00:00,,6,UNSAFE,entry_created_after_closing
2026-07-18,12,12,20:35:00,2026-08-05T02:13:20.211273+00:00,2026-08-05T02:13:20.211273+00:00,2026-08-05T02:13:20.211273+00:00,,6,UNSAFE,entry_created_after_closing
2026-07-18,13,1,10:37:00,2026-08-05T02:13:16.141189+00:00,2026-08-05T02:13:16.141189+00:00,2026-08-05T02:13:16.141189+00:00,,6,UNSAFE,entry_created_after_closing
2026-07-18,13,2,11:03:00,2026-08-05T02:13:16.141189+00:00,2026-08-05T02:13:17.147487+00:00,2026-08-05T02:13:17.147487+00:00,,6,UNSAFE,entry_created_after_closing
2026-07-18,13,3,11:32:00,2026-08-05T02:13:16.141189+00:00,2026-08-05T02:13:16.141189+00:00,2026-08-05T02:13:16.141189+00:00,,6,UNSAFE,entry_created_after_closing
2026-07-18,13,4,12:01:00,2026-08-05T02:13:16.141189+00:00,2026-08-05T02:13:16.141189+00:00,2026-08-05T02:13:16.141189+00:00,,6,UNSAFE,entry_created_after_closing
2026-07-18,13,5,12:30:00,2026-08-05T02:13:16.141189+00:00,2026-08-05T02:13:17.874171+00:00,2026-08-05T02:13:17.874171+00:00,,6,UNSAFE,entry_created_after_closing
2026-07-18,13,6,12:59:00,2026-08-05T02:13:16.141189+00:00,2026-08-05T02:13:16.141189+00:00,2026-08-05T02:13:16.141189+00:00,,6,UNSAFE,entry_created_after_closing
2026-07-18,13,7,13:33:00,2026-08-05T02:13:16.141189+00:00,2026-08-05T02:13:17.874171+00:00,2026-08-05T02:13:17.874171+00:00,,6,UNSAFE,entry_created_after_closing
2026-07-18,13,8,14:07:00,2026-08-05T02:13:16.141189+00:00,2026-08-05T02:13:16.141189+00:00,2026-08-05T02:13:16.141189+00:00,,6,UNSAFE,entry_created_after_closing
2026-07-18,13,9,14:42:00,2026-08-05T02:13:16.141189+00:00,2026-08-05T02:13:16.141189+00:00,2026-08-05T02:13:16.141189+00:00,,6,UNSAFE,entry_created_after_closing
2026-07-18,13,10,15:18:00,2026-08-05T02:13:16.141189+00:00,2026-08-05T02:13:17.874171+00:00,2026-08-05T02:13:17.874171+00:00,,6,UNSAFE,entry_created_after_closing
2026-07-18,13,11,15:56:00,2026-08-05T02:13:16.141189+00:00,2026-08-05T02:13:16.141189+00:00,2026-08-05T02:13:16.141189+00:00,,6,UNSAFE,entry_created_after_closing
2026-07-18,13,12,16:35:00,2026-08-05T02:13:16.141189+00:00,2026-08-05T02:13:16.141189+00:00,2026-08-05T02:13:16.141189+00:00,,6,UNSAFE,entry_created_after_closing
2026-07-18,16,1,11:51:00,2026-08-05T02:13:20.211273+00:00,2026-08-05T02:13:20.968712+00:00,2026-08-05T02:13:20.968712+00:00,,6,UNSAFE,entry_created_after_closing
2026-07-18,16,2,12:17:00,2026-08-05T02:13:20.211273+00:00,2026-08-05T02:13:20.968712+00:00,2026-08-05T02:13:20.968712+00:00,,6,UNSAFE,entry_created_after_closing
2026-07-18,16,3,12:46:00,2026-08-05T02:13:20.211273+00:00,2026-08-05T02:13:22.644722+00:00,2026-08-05T02:13:22.644722+00:00,,6,UNSAFE,entry_created_after_closing
2026-07-18,16,4,13:21:00,2026-08-05T02:13:20.211273+00:00,2026-08-05T02:13:20.968712+00:00,2026-08-05T02:13:20.968712+00:00,,6,UNSAFE,entry_created_after_closing
2026-07-18,16,5,13:53:00,2026-08-05T02:13:20.211273+00:00,2026-08-05T02:13:20.968712+00:00,2026-08-05T02:13:20.968712+00:00,,6,UNSAFE,entry_created_after_closing
2026-07-18,16,6,14:34:00,2026-08-05T02:13:20.211273+00:00,2026-08-05T02:13:20.968712+00:00,2026-08-05T02:13:20.968712+00:00,,6,UNSAFE,entry_created_after_closing
2026-07-18,16,7,15:13:00,2026-08-05T02:13:20.211273+00:00,2026-08-05T02:13:20.968712+00:00,2026-08-05T02:13:20.968712+00:00,,6,UNSAFE,entry_created_after_closing
2026-07-18,16,8,15:41:00,2026-08-05T02:13:20.211273+00:00,2026-08-05T02:13:22.644722+00:00,2026-08-05T02:13:22.644722+00:00,,6,UNSAFE,entry_created_after_closing
2026-07-18,16,9,16:12:00,2026-08-05T02:13:20.211273+00:00,2026-08-05T02:13:20.968712+00:00,2026-08-05T02:13:20.968712+00:00,,6,UNSAFE,entry_created_after_closing
2026-07-18,16,10,16:50:00,2026-08-05T02:13:20.211273+00:00,2026-08-05T02:13:22.644722+00:00,2026-08-05T02:13:22.644722+00:00,,6,UNSAFE,entry_created_after_closing
2026-07-18,16,11,17:18:00,2026-08-05T02:13:20.211273+00:00,2026-08-05T02:13:20.968712+00:00,2026-08-05T02:13:20.968712+00:00,,6,UNSAFE,entry_created_after_closing
2026-07-18,16,12,17:50:00,2026-08-05T02:13:20.211273+00:00,2026-08-05T02:13:20.968712+00:00,2026-08-05T02:13:20.968712+00:00,,6,UNSAFE,entry_created_after_closing
2026-07-18,17,1,10:44:00,2026-08-05T02:13:11.063926+00:00,2026-08-05T02:13:13.868627+00:00,2026-08-05T02:13:13.868627+00:00,,6,UNSAFE,entry_created_after_closing
2026-07-18,17,2,11:11:00,2026-08-05T02:13:11.063926+00:00,2026-08-05T02:13:13.868627+00:00,2026-08-05T02:13:13.868627+00:00,,6,UNSAFE,entry_created_after_closing
2026-07-18,17,3,11:40:00,2026-08-05T02:13:11.063926+00:00,2026-08-05T02:13:13.868627+00:00,2026-08-05T02:13:13.868627+00:00,,6,UNSAFE,entry_created_after_closing
2026-07-18,17,4,12:11:00,2026-08-05T02:13:11.063926+00:00,2026-08-05T02:13:13.868627+00:00,2026-08-05T02:13:13.868627+00:00,,6,UNSAFE,entry_created_after_closing
2026-07-18,17,5,12:40:00,2026-08-05T02:13:11.063926+00:00,2026-08-05T02:13:11.063926+00:00,2026-08-05T02:13:11.063926+00:00,,6,UNSAFE,entry_created_after_closing
2026-07-18,17,6,13:08:00,2026-08-05T02:13:11.063926+00:00,2026-08-05T02:13:11.063926+00:00,2026-08-05T02:13:11.063926+00:00,,6,UNSAFE,entry_created_after_closing
2026-07-18,17,7,13:43:00,2026-08-05T02:13:11.063926+00:00,2026-08-05T02:13:13.868627+00:00,2026-08-05T02:13:13.868627+00:00,,6,UNSAFE,entry_created_after_closing
2026-07-18,17,8,14:15:00,2026-08-05T02:13:11.063926+00:00,2026-08-05T02:13:13.868627+00:00,2026-08-05T02:13:13.868627+00:00,,6,UNSAFE,entry_created_after_closing
2026-07-18,17,9,14:50:00,2026-08-05T02:13:11.063926+00:00,2026-08-05T02:13:13.868627+00:00,2026-08-05T02:13:13.868627+00:00,,6,UNSAFE,entry_created_after_closing
2026-07-18,17,10,15:28:00,2026-08-05T02:13:11.063926+00:00,2026-08-05T02:13:11.063926+00:00,2026-08-05T02:13:11.063926+00:00,,6,UNSAFE,entry_created_after_closing
2026-07-18,17,11,16:04:00,2026-08-05T02:13:11.063926+00:00,2026-08-05T02:13:12.399544+00:00,2026-08-05T02:13:12.399544+00:00,,6,UNSAFE,entry_created_after_closing
2026-07-18,17,12,16:43:00,2026-08-05T02:13:11.063926+00:00,2026-08-05T02:13:13.868627+00:00,2026-08-05T02:13:13.868627+00:00,,6,UNSAFE,entry_created_after_closing
2026-07-18,18,1,08:46:00,2026-08-05T02:13:16.141189+00:00,2026-08-05T02:13:17.874171+00:00,2026-08-05T02:13:17.874171+00:00,,6,UNSAFE,entry_created_after_closing
2026-07-18,18,2,09:12:00,2026-08-05T02:13:16.141189+00:00,2026-08-05T02:13:17.147487+00:00,2026-08-05T02:13:17.147487+00:00,,6,UNSAFE,entry_created_after_closing
2026-07-18,18,3,09:38:00,2026-08-05T02:13:16.141189+00:00,2026-08-05T02:13:17.874171+00:00,2026-08-05T02:13:17.874171+00:00,,6,UNSAFE,entry_created_after_closing
2026-07-18,18,4,10:04:00,2026-08-05T02:13:16.141189+00:00,2026-08-05T02:13:18.587473+00:00,2026-08-05T02:13:18.587473+00:00,,6,UNSAFE,entry_created_after_closing
2026-07-18,18,5,10:30:00,2026-08-05T02:13:16.141189+00:00,2026-08-05T02:13:18.587473+00:00,2026-08-05T02:13:18.587473+00:00,,6,UNSAFE,entry_created_after_closing
2026-07-18,18,6,10:59:00,2026-08-05T02:13:16.141189+00:00,2026-08-05T02:13:17.147487+00:00,2026-08-05T02:13:17.147487+00:00,,6,UNSAFE,entry_created_after_closing
2026-07-18,18,7,11:30:00,2026-08-05T02:13:16.141189+00:00,2026-08-05T02:13:18.587473+00:00,2026-08-05T02:13:18.587473+00:00,,6,UNSAFE,entry_created_after_closing
2026-07-18,18,8,12:04:00,2026-08-05T02:13:16.141189+00:00,2026-08-05T02:13:17.147487+00:00,2026-08-05T02:13:17.147487+00:00,,6,UNSAFE,entry_created_after_closing
2026-07-18,18,9,12:35:00,2026-08-05T02:13:16.141189+00:00,2026-08-05T02:13:17.147487+00:00,2026-08-05T02:13:17.147487+00:00,,6,UNSAFE,entry_created_after_closing
2026-07-18,18,10,13:06:00,2026-08-05T02:13:16.141189+00:00,2026-08-05T02:13:17.874171+00:00,2026-08-05T02:13:17.874171+00:00,,6,UNSAFE,entry_created_after_closing
2026-07-18,18,11,13:38:00,2026-08-05T02:13:16.141189+00:00,2026-08-05T02:13:17.874171+00:00,2026-08-05T02:13:17.874171+00:00,,6,UNSAFE,entry_created_after_closing
2026-07-18,18,12,14:10:00,2026-08-05T02:13:16.141189+00:00,2026-08-05T02:13:17.147487+00:00,2026-08-05T02:13:17.147487+00:00,,6,UNSAFE,entry_created_after_closing
2026-07-18,20,1,15:29:00,2026-08-05T02:13:11.063926+00:00,2026-08-05T02:13:15.020365+00:00,2026-08-05T02:13:15.020365+00:00,,6,UNSAFE,entry_created_after_closing
2026-07-18,20,2,15:54:00,2026-08-05T02:13:11.063926+00:00,2026-08-05T02:13:12.399544+00:00,2026-08-05T02:13:12.399544+00:00,,6,UNSAFE,entry_created_after_closing
2026-07-18,20,3,16:22:00,2026-08-05T02:13:11.063926+00:00,2026-08-05T02:13:13.868627+00:00,2026-08-05T02:13:13.868627+00:00,,6,UNSAFE,entry_created_after_closing
2026-07-18,20,4,16:52:00,2026-08-05T02:13:11.063926+00:00,2026-08-05T02:13:12.399544+00:00,2026-08-05T02:13:12.399544+00:00,,6,UNSAFE,entry_created_after_closing
2026-07-18,20,5,17:21:00,2026-08-05T02:13:12.399544+00:00,2026-08-05T02:13:15.020365+00:00,2026-08-05T02:13:15.020365+00:00,,6,UNSAFE,entry_created_after_closing
2026-07-18,20,6,17:47:00,2026-08-05T02:13:11.063926+00:00,2026-08-05T02:13:13.868627+00:00,2026-08-05T02:13:13.868627+00:00,,6,UNSAFE,entry_created_after_closing
2026-07-18,20,7,18:15:00,2026-08-05T02:13:11.063926+00:00,2026-08-05T02:13:12.399544+00:00,2026-08-05T02:13:12.399544+00:00,,6,UNSAFE,entry_created_after_closing
2026-07-18,20,8,18:44:00,2026-08-05T02:13:11.063926+00:00,2026-08-05T02:13:19.391622+00:00,2026-08-05T02:13:19.391622+00:00,,6,UNSAFE,entry_created_after_closing
2026-07-18,20,9,19:13:00,2026-08-05T02:13:11.063926+00:00,2026-08-05T02:13:13.868627+00:00,2026-08-05T02:13:13.868627+00:00,,6,UNSAFE,entry_created_after_closing
2026-07-18,20,10,19:43:00,2026-08-05T02:13:11.063926+00:00,2026-08-05T02:13:12.399544+00:00,2026-08-05T02:13:12.399544+00:00,,6,UNSAFE,entry_created_after_closing
2026-07-18,20,11,20:14:00,2026-08-05T02:13:11.063926+00:00,2026-08-05T02:13:12.399544+00:00,2026-08-05T02:13:12.399544+00:00,,6,UNSAFE,entry_created_after_closing
2026-07-18,20,12,20:45:00,2026-08-05T02:13:11.063926+00:00,2026-08-05T02:13:12.399544+00:00,2026-08-05T02:13:12.399544+00:00,,6,UNSAFE,entry_created_after_closing
2026-07-18,21,1,08:32:00,2026-08-05T02:13:11.063926+00:00,2026-08-05T02:13:12.399544+00:00,2026-08-05T02:13:12.399544+00:00,,6,UNSAFE,entry_created_after_closing
2026-07-18,21,2,08:58:00,2026-08-05T02:13:11.063926+00:00,2026-08-05T02:13:12.399544+00:00,2026-08-05T02:13:12.399544+00:00,,6,UNSAFE,entry_created_after_closing
2026-07-18,21,3,09:24:00,2026-08-05T02:13:11.063926+00:00,2026-08-05T02:13:12.399544+00:00,2026-08-05T02:13:12.399544+00:00,,6,UNSAFE,entry_created_after_closing
2026-07-18,21,4,09:50:00,2026-08-05T02:13:11.063926+00:00,2026-08-05T02:13:15.020365+00:00,2026-08-05T02:13:15.020365+00:00,,6,UNSAFE,entry_created_after_closing
2026-07-18,21,5,10:16:00,2026-08-05T02:13:11.063926+00:00,2026-08-05T02:13:15.020365+00:00,2026-08-05T02:13:15.020365+00:00,,6,UNSAFE,entry_created_after_closing
2026-07-18,21,6,10:45:00,2026-08-05T02:13:11.063926+00:00,2026-08-05T02:13:15.020365+00:00,2026-08-05T02:13:15.020365+00:00,,6,UNSAFE,entry_created_after_closing
2026-07-18,21,7,11:15:00,2026-08-05T02:13:11.063926+00:00,2026-08-05T02:13:13.868627+00:00,2026-08-05T02:13:13.868627+00:00,,6,UNSAFE,entry_created_after_closing
2026-07-18,21,8,11:47:00,2026-08-05T02:13:11.063926+00:00,2026-08-05T02:13:15.020365+00:00,2026-08-05T02:13:15.020365+00:00,,6,UNSAFE,entry_created_after_closing
2026-07-18,21,9,12:16:00,2026-08-05T02:13:11.063926+00:00,2026-08-05T02:13:12.399544+00:00,2026-08-05T02:13:12.399544+00:00,,6,UNSAFE,entry_created_after_closing
2026-07-18,21,10,12:48:00,2026-08-05T02:13:11.063926+00:00,2026-08-05T02:13:15.020365+00:00,2026-08-05T02:13:15.020365+00:00,,6,UNSAFE,entry_created_after_closing
2026-07-18,21,11,13:23:00,2026-08-05T02:13:12.399544+00:00,2026-08-05T02:13:15.020365+00:00,2026-08-05T02:13:15.020365+00:00,,6,UNSAFE,entry_created_after_closing
2026-07-18,21,12,13:59:00,2026-08-05T02:13:11.063926+00:00,2026-08-05T02:13:13.868627+00:00,2026-08-05T02:13:13.868627+00:00,,6,UNSAFE,entry_created_after_closing
2026-07-19,1,1,15:23:00,2026-07-18T16:58:59.226691+00:00,2026-07-18T16:58:59.226691+00:00,2026-08-05T02:14:12.641933+00:00,2026-07-19T09:40:17.408056+00:00,6,SAFE-B,pre_close_creation_but_later_update_or_no_snapshot
2026-07-19,1,2,15:53:00,2026-07-18T16:58:59.226691+00:00,2026-07-18T16:58:59.226691+00:00,2026-08-05T02:14:11.960151+00:00,2026-07-19T09:40:17.408056+00:00,6,SAFE-B,pre_close_creation_but_later_update_or_no_snapshot
2026-07-19,1,3,16:27:00,2026-07-18T16:58:59.226691+00:00,2026-07-18T16:58:59.226691+00:00,2026-08-05T02:14:12.641933+00:00,2026-07-19T09:40:17.408056+00:00,6,SAFE-B,pre_close_creation_but_later_update_or_no_snapshot
2026-07-19,1,4,17:00:00,2026-07-18T16:58:59.226691+00:00,2026-07-18T16:58:59.226691+00:00,2026-08-05T02:14:11.960151+00:00,2026-07-19T09:40:17.408056+00:00,6,SAFE-B,pre_close_creation_but_later_update_or_no_snapshot
2026-07-19,1,5,17:24:00,2026-07-18T16:58:59.226691+00:00,2026-07-18T16:58:59.226691+00:00,2026-08-05T02:14:11.960151+00:00,2026-07-19T09:40:17.408056+00:00,6,SAFE-B,pre_close_creation_but_later_update_or_no_snapshot
2026-07-19,1,6,17:49:00,2026-07-18T16:58:59.226691+00:00,2026-07-18T16:58:59.226691+00:00,2026-08-05T02:14:11.960151+00:00,2026-07-19T09:40:17.408056+00:00,6,SAFE-B,pre_close_creation_but_later_update_or_no_snapshot
2026-07-19,1,7,18:14:00,2026-07-18T16:58:59.226691+00:00,2026-07-18T16:58:59.226691+00:00,2026-08-05T02:14:11.960151+00:00,2026-07-19T09:40:17.408056+00:00,6,SAFE-B,pre_close_creation_but_later_update_or_no_snapshot
2026-07-19,1,8,18:39:00,2026-07-18T16:58:59.226691+00:00,2026-07-18T16:58:59.226691+00:00,2026-08-05T02:14:12.641933+00:00,2026-07-19T09:40:17.408056+00:00,6,SAFE-B,pre_close_creation_but_later_update_or_no_snapshot
2026-07-19,1,9,19:05:00,2026-07-18T16:58:59.226691+00:00,2026-07-18T16:58:59.226691+00:00,2026-08-05T02:14:12.641933+00:00,2026-07-19T09:40:17.408056+00:00,6,SAFE-B,pre_close_creation_but_later_update_or_no_snapshot
2026-07-19,1,10,19:31:00,2026-07-18T16:58:59.226691+00:00,2026-07-18T16:58:59.226691+00:00,2026-08-05T02:14:11.960151+00:00,2026-07-19T09:40:17.408056+00:00,6,SAFE-B,pre_close_creation_but_later_update_or_no_snapshot
2026-07-19,1,11,19:59:00,2026-07-18T16:58:59.226691+00:00,2026-07-18T16:58:59.226691+00:00,2026-08-05T02:14:11.960151+00:00,2026-07-19T09:40:17.408056+00:00,6,SAFE-B,pre_close_creation_but_later_update_or_no_snapshot
2026-07-19,1,12,20:30:00,2026-07-18T16:58:59.226691+00:00,2026-07-18T16:58:59.226691+00:00,2026-08-05T02:14:12.641933+00:00,2026-07-19T09:40:17.408056+00:00,6,SAFE-B,pre_close_creation_but_later_update_or_no_snapshot
2026-07-19,2,1,10:47:00,2026-07-18T16:58:59.226691+00:00,2026-07-18T16:58:59.226691+00:00,2026-08-05T02:14:10.404522+00:00,2026-07-19T09:40:17.408056+00:00,6,SAFE-B,pre_close_creation_but_later_update_or_no_snapshot
2026-07-19,2,2,11:16:00,2026-07-18T16:58:59.226691+00:00,2026-07-18T16:58:59.226691+00:00,2026-08-05T02:14:09.202495+00:00,2026-07-19T09:40:17.408056+00:00,6,SAFE-B,pre_close_creation_but_later_update_or_no_snapshot
2026-07-19,2,3,11:45:00,2026-07-18T16:58:59.226691+00:00,2026-07-18T16:58:59.226691+00:00,2026-08-05T02:14:10.404522+00:00,2026-07-19T09:40:17.408056+00:00,6,SAFE-B,pre_close_creation_but_later_update_or_no_snapshot
2026-07-19,2,4,12:14:00,2026-07-18T16:58:59.226691+00:00,2026-07-18T16:58:59.226691+00:00,2026-08-05T02:14:11.160428+00:00,2026-07-19T09:40:17.408056+00:00,6,SAFE-B,pre_close_creation_but_later_update_or_no_snapshot
2026-07-19,2,5,12:44:00,2026-07-18T16:58:59.226691+00:00,2026-07-18T16:58:59.226691+00:00,2026-08-05T02:14:10.404522+00:00,2026-07-19T09:40:17.408056+00:00,6,SAFE-B,pre_close_creation_but_later_update_or_no_snapshot
2026-07-19,2,6,13:14:00,2026-07-18T16:58:59.226691+00:00,2026-07-18T16:58:59.226691+00:00,2026-08-05T02:14:09.202495+00:00,2026-07-19T09:40:17.408056+00:00,6,SAFE-B,pre_close_creation_but_later_update_or_no_snapshot
2026-07-19,2,7,13:45:00,2026-07-18T16:58:59.226691+00:00,2026-07-18T16:58:59.226691+00:00,2026-08-05T02:14:10.404522+00:00,2026-07-19T09:40:17.408056+00:00,6,SAFE-B,pre_close_creation_but_later_update_or_no_snapshot
2026-07-19,2,8,14:16:00,2026-07-18T16:58:59.226691+00:00,2026-07-18T16:58:59.226691+00:00,2026-08-05T02:14:11.160428+00:00,2026-07-19T09:40:17.408056+00:00,6,SAFE-B,pre_close_creation_but_later_update_or_no_snapshot
2026-07-19,2,9,14:48:00,2026-07-18T16:58:59.226691+00:00,2026-07-18T16:58:59.226691+00:00,2026-08-05T02:14:09.202495+00:00,2026-07-19T09:40:17.408056+00:00,6,SAFE-B,pre_close_creation_but_later_update_or_no_snapshot
2026-07-19,2,10,15:21:00,2026-07-18T16:58:59.226691+00:00,2026-07-18T16:58:59.226691+00:00,2026-08-05T02:14:11.160428+00:00,2026-07-19T09:40:17.408056+00:00,6,SAFE-B,pre_close_creation_but_later_update_or_no_snapshot
2026-07-19,2,11,15:55:00,2026-07-18T16:58:59.226691+00:00,2026-07-18T16:58:59.226691+00:00,2026-08-05T02:14:11.160428+00:00,2026-07-19T09:40:17.408056+00:00,6,SAFE-B,pre_close_creation_but_later_update_or_no_snapshot
2026-07-19,2,12,16:30:00,2026-07-18T16:58:59.226691+00:00,2026-07-18T16:58:59.226691+00:00,2026-08-05T02:14:09.202495+00:00,2026-07-19T09:40:17.408056+00:00,6,SAFE-B,pre_close_creation_but_later_update_or_no_snapshot
2026-07-19,4,1,11:55:00,2026-07-18T16:58:59.226691+00:00,2026-07-18T16:58:59.226691+00:00,2026-08-05T02:14:09.202495+00:00,2026-07-19T09:40:17.408056+00:00,6,SAFE-B,pre_close_creation_but_later_update_or_no_snapshot
2026-07-19,4,2,12:24:00,2026-07-18T16:58:59.226691+00:00,2026-07-18T16:58:59.226691+00:00,2026-08-05T02:14:10.404522+00:00,2026-07-19T09:40:17.408056+00:00,6,SAFE-B,pre_close_creation_but_later_update_or_no_snapshot
2026-07-19,4,3,12:54:00,2026-07-18T16:58:59.226691+00:00,2026-07-18T16:58:59.226691+00:00,2026-08-05T02:14:10.404522+00:00,2026-07-19T09:40:17.408056+00:00,6,SAFE-B,pre_close_creation_but_later_update_or_no_snapshot
2026-07-19,4,4,13:25:00,2026-07-18T16:58:59.226691+00:00,2026-07-18T16:58:59.226691+00:00,2026-08-05T02:14:09.202495+00:00,2026-07-19T09:40:17.408056+00:00,6,SAFE-B,pre_close_creation_but_later_update_or_no_snapshot
2026-07-19,4,5,13:55:00,2026-07-18T16:58:59.226691+00:00,2026-07-18T16:58:59.226691+00:00,2026-08-05T02:14:11.160428+00:00,2026-07-19T09:40:17.408056+00:00,6,SAFE-B,pre_close_creation_but_later_update_or_no_snapshot
2026-07-19,4,6,14:28:00,2026-07-18T16:58:59.226691+00:00,2026-07-18T16:58:59.226691+00:00,2026-08-05T02:14:09.202495+00:00,2026-07-19T09:40:17.408056+00:00,6,SAFE-B,pre_close_creation_but_later_update_or_no_snapshot
2026-07-19,4,7,15:00:00,2026-07-18T16:58:59.226691+00:00,2026-07-18T16:58:59.226691+00:00,2026-08-05T02:14:11.160428+00:00,2026-07-19T09:40:17.408056+00:00,6,SAFE-B,pre_close_creation_but_later_update_or_no_snapshot
2026-07-19,4,8,15:32:00,2026-07-18T16:58:59.226691+00:00,2026-07-18T16:58:59.226691+00:00,2026-08-05T02:14:09.202495+00:00,2026-07-19T09:40:17.408056+00:00,6,SAFE-B,pre_close_creation_but_later_update_or_no_snapshot
2026-07-19,4,9,16:05:00,2026-07-18T16:58:59.226691+00:00,2026-07-18T16:58:59.226691+00:00,2026-08-05T02:14:09.202495+00:00,2026-07-19T09:40:17.408056+00:00,6,SAFE-B,pre_close_creation_but_later_update_or_no_snapshot
2026-07-19,4,10,16:37:00,2026-07-18T16:58:59.226691+00:00,2026-07-18T16:58:59.226691+00:00,2026-08-05T02:14:09.202495+00:00,2026-07-19T09:40:17.408056+00:00,6,SAFE-B,pre_close_creation_but_later_update_or_no_snapshot
2026-07-19,4,11,17:08:00,2026-07-18T16:58:59.226691+00:00,2026-07-18T16:58:59.226691+00:00,2026-08-05T02:14:10.404522+00:00,2026-07-19T09:40:17.408056+00:00,6,SAFE-B,pre_close_creation_but_later_update_or_no_snapshot
2026-07-19,4,12,17:42:00,2026-07-18T16:58:59.226691+00:00,2026-07-18T16:58:59.226691+00:00,2026-08-05T02:14:10.404522+00:00,2026-07-19T09:40:17.408056+00:00,6,SAFE-B,pre_close_creation_but_later_update_or_no_snapshot
2026-07-19,5,1,11:33:00,2026-07-18T16:58:59.226691+00:00,2026-07-18T16:58:59.226691+00:00,2026-08-05T02:14:11.160428+00:00,2026-07-19T09:40:17.408056+00:00,6,SAFE-B,pre_close_creation_but_later_update_or_no_snapshot
2026-07-19,5,2,12:03:00,2026-07-18T16:58:59.226691+00:00,2026-07-18T16:58:59.226691+00:00,2026-08-05T02:14:09.202495+00:00,2026-07-19T09:40:17.408056+00:00,6,SAFE-B,pre_close_creation_but_later_update_or_no_snapshot
2026-07-19,5,3,12:31:00,2026-07-18T16:58:59.226691+00:00,2026-07-18T16:58:59.226691+00:00,2026-08-05T02:14:09.202495+00:00,2026-07-19T09:40:17.408056+00:00,6,SAFE-B,pre_close_creation_but_later_update_or_no_snapshot
2026-07-19,5,4,13:03:00,2026-07-18T16:58:59.226691+00:00,2026-07-18T16:58:59.226691+00:00,2026-08-05T02:14:10.404522+00:00,2026-07-19T09:40:17.408056+00:00,6,SAFE-B,pre_close_creation_but_later_update_or_no_snapshot
2026-07-19,5,5,13:32:00,2026-07-18T16:58:59.226691+00:00,2026-07-18T16:58:59.226691+00:00,2026-08-05T02:14:09.202495+00:00,2026-07-19T09:40:17.408056+00:00,6,SAFE-B,pre_close_creation_but_later_update_or_no_snapshot
2026-07-19,5,6,14:04:00,2026-07-18T16:58:59.226691+00:00,2026-07-18T16:58:59.226691+00:00,2026-08-05T02:14:09.202495+00:00,2026-07-19T09:40:17.408056+00:00,6,SAFE-B,pre_close_creation_but_later_update_or_no_snapshot
2026-07-19,5,7,14:35:00,2026-07-18T16:58:59.226691+00:00,2026-07-18T16:58:59.226691+00:00,2026-08-05T02:14:09.202495+00:00,2026-07-19T09:40:17.408056+00:00,6,SAFE-B,pre_close_creation_but_later_update_or_no_snapshot
2026-07-19,5,8,15:05:00,2026-07-18T16:58:59.226691+00:00,2026-07-18T16:58:59.226691+00:00,2026-08-05T02:14:10.404522+00:00,2026-07-19T09:40:17.408056+00:00,6,SAFE-B,pre_close_creation_but_later_update_or_no_snapshot
2026-07-19,5,9,15:38:00,2026-07-18T16:58:59.226691+00:00,2026-07-18T16:58:59.226691+00:00,2026-08-05T02:14:09.202495+00:00,2026-07-19T09:40:17.408056+00:00,6,SAFE-B,pre_close_creation_but_later_update_or_no_snapshot
2026-07-19,5,10,16:14:00,2026-07-18T16:58:59.226691+00:00,2026-07-18T16:58:59.226691+00:00,2026-08-05T02:14:09.202495+00:00,2026-07-19T09:40:17.408056+00:00,6,SAFE-B,pre_close_creation_but_later_update_or_no_snapshot
2026-07-19,5,11,16:48:00,2026-07-18T16:58:59.226691+00:00,2026-07-18T16:58:59.226691+00:00,2026-08-05T02:14:09.202495+00:00,2026-07-19T09:40:17.408056+00:00,6,SAFE-B,pre_close_creation_but_later_update_or_no_snapshot
2026-07-19,5,12,17:20:00,2026-07-18T16:58:59.226691+00:00,2026-07-18T16:58:59.226691+00:00,2026-08-05T02:14:10.404522+00:00,2026-07-19T09:40:17.408056+00:00,6,SAFE-B,pre_close_creation_but_later_update_or_no_snapshot
2026-07-19,8,1,10:38:00,2026-07-18T16:58:59.226691+00:00,2026-07-18T16:58:59.226691+00:00,2026-08-05T02:14:16.950374+00:00,2026-07-19T09:40:17.408056+00:00,6,SAFE-B,pre_close_creation_but_later_update_or_no_snapshot
2026-07-19,8,2,11:08:00,2026-07-18T16:58:59.226691+00:00,2026-07-18T16:58:59.226691+00:00,2026-08-05T02:14:16.950374+00:00,2026-07-19T09:40:17.408056+00:00,6,SAFE-B,pre_close_creation_but_later_update_or_no_snapshot
2026-07-19,8,3,11:39:00,2026-07-18T16:58:59.226691+00:00,2026-07-18T16:58:59.226691+00:00,2026-08-05T02:14:16.950374+00:00,2026-07-19T09:40:17.408056+00:00,6,SAFE-B,pre_close_creation_but_later_update_or_no_snapshot
2026-07-19,8,4,12:06:00,2026-07-18T16:58:59.226691+00:00,2026-07-18T16:58:59.226691+00:00,2026-08-05T02:14:18.392453+00:00,2026-07-19T09:40:17.408056+00:00,6,SAFE-B,pre_close_creation_but_later_update_or_no_snapshot
2026-07-19,8,5,12:41:00,2026-07-18T16:58:59.226691+00:00,2026-07-18T16:58:59.226691+00:00,2026-08-05T02:14:16.950374+00:00,2026-07-19T09:40:17.408056+00:00,6,SAFE-B,pre_close_creation_but_later_update_or_no_snapshot
2026-07-19,8,6,13:10:00,2026-07-18T16:58:59.226691+00:00,2026-07-18T16:58:59.226691+00:00,2026-08-05T02:14:16.950374+00:00,2026-07-19T09:40:17.408056+00:00,6,SAFE-B,pre_close_creation_but_later_update_or_no_snapshot
2026-07-19,8,7,13:41:00,2026-07-18T16:58:59.226691+00:00,2026-07-18T16:58:59.226691+00:00,2026-08-05T02:14:16.950374+00:00,2026-07-19T09:40:17.408056+00:00,6,SAFE-B,pre_close_creation_but_later_update_or_no_snapshot
2026-07-19,8,8,14:07:00,2026-07-18T16:58:59.226691+00:00,2026-07-18T16:58:59.226691+00:00,2026-08-05T02:14:16.950374+00:00,2026-07-19T09:40:17.408056+00:00,6,SAFE-B,pre_close_creation_but_later_update_or_no_snapshot
2026-07-19,8,9,14:40:00,2026-07-18T16:58:59.226691+00:00,2026-07-18T16:58:59.226691+00:00,2026-08-05T02:14:18.392453+00:00,2026-07-19T09:40:17.408056+00:00,6,SAFE-B,pre_close_creation_but_later_update_or_no_snapshot
2026-07-19,8,10,15:07:00,2026-07-18T16:58:59.226691+00:00,2026-07-18T16:58:59.226691+00:00,2026-08-05T02:14:18.392453+00:00,2026-07-19T09:40:17.408056+00:00,6,SAFE-B,pre_close_creation_but_later_update_or_no_snapshot
2026-07-19,8,11,15:36:00,2026-07-18T16:58:59.226691+00:00,2026-07-18T16:58:59.226691+00:00,2026-08-05T02:14:17.698301+00:00,2026-07-19T09:40:17.408056+00:00,6,SAFE-B,pre_close_creation_but_later_update_or_no_snapshot
2026-07-19,8,12,16:10:00,2026-07-18T16:58:59.226691+00:00,2026-07-18T16:58:59.226691+00:00,2026-08-05T02:14:18.392453+00:00,2026-07-19T09:40:17.408056+00:00,6,SAFE-B,pre_close_creation_but_later_update_or_no_snapshot
2026-07-19,9,1,10:33:00,2026-07-18T16:58:59.226691+00:00,2026-07-18T16:58:59.226691+00:00,2026-08-05T02:14:11.160428+00:00,2026-07-19T09:40:17.408056+00:00,6,SAFE-B,pre_close_creation_but_later_update_or_no_snapshot
2026-07-19,9,2,11:04:00,2026-07-18T16:58:59.226691+00:00,2026-07-18T16:58:59.226691+00:00,2026-08-05T02:14:11.160428+00:00,2026-07-19T09:40:17.408056+00:00,6,SAFE-B,pre_close_creation_but_later_update_or_no_snapshot
2026-07-19,9,3,11:36:00,2026-07-18T16:58:59.226691+00:00,2026-07-18T16:58:59.226691+00:00,2026-08-05T02:14:11.160428+00:00,2026-07-19T09:40:17.408056+00:00,6,SAFE-B,pre_close_creation_but_later_update_or_no_snapshot
2026-07-19,9,4,12:08:00,2026-07-18T16:58:59.226691+00:00,2026-07-18T16:58:59.226691+00:00,2026-08-05T02:14:10.404522+00:00,2026-07-19T09:40:17.408056+00:00,6,SAFE-B,pre_close_creation_but_later_update_or_no_snapshot
2026-07-19,9,5,12:38:00,2026-07-18T16:58:59.226691+00:00,2026-07-18T16:58:59.226691+00:00,2026-08-05T02:14:10.404522+00:00,2026-07-19T09:40:17.408056+00:00,6,SAFE-B,pre_close_creation_but_later_update_or_no_snapshot
2026-07-19,9,6,13:09:00,2026-07-18T16:58:59.226691+00:00,2026-07-18T16:58:59.226691+00:00,2026-08-05T02:14:09.202495+00:00,2026-07-19T09:40:17.408056+00:00,6,SAFE-B,pre_close_creation_but_later_update_or_no_snapshot
2026-07-19,9,7,13:40:00,2026-07-18T16:58:59.226691+00:00,2026-07-18T16:58:59.226691+00:00,2026-08-05T02:14:10.404522+00:00,2026-07-19T09:40:17.408056+00:00,6,SAFE-B,pre_close_creation_but_later_update_or_no_snapshot
2026-07-19,9,8,14:12:00,2026-07-18T16:58:59.226691+00:00,2026-07-18T16:58:59.226691+00:00,2026-08-05T02:14:09.202495+00:00,2026-07-19T09:40:17.408056+00:00,6,SAFE-B,pre_close_creation_but_later_update_or_no_snapshot
2026-07-19,9,9,14:44:00,2026-07-18T16:58:59.226691+00:00,2026-07-18T16:58:59.226691+00:00,2026-08-05T02:14:09.202495+00:00,2026-07-19T09:40:17.408056+00:00,6,SAFE-B,pre_close_creation_but_later_update_or_no_snapshot
2026-07-19,9,10,15:16:00,2026-07-18T16:58:59.226691+00:00,2026-07-18T16:58:59.226691+00:00,2026-08-05T02:14:10.404522+00:00,2026-07-19T09:40:17.408056+00:00,6,SAFE-B,pre_close_creation_but_later_update_or_no_snapshot
2026-07-19,9,11,15:49:00,2026-07-18T16:58:59.226691+00:00,2026-07-18T16:58:59.226691+00:00,2026-08-05T02:14:09.202495+00:00,2026-07-19T09:40:17.408056+00:00,6,SAFE-B,pre_close_creation_but_later_update_or_no_snapshot
2026-07-19,9,12,16:25:00,2026-07-18T16:58:59.226691+00:00,2026-07-18T16:58:59.226691+00:00,2026-08-05T02:14:10.404522+00:00,2026-07-19T09:40:17.408056+00:00,6,SAFE-B,pre_close_creation_but_later_update_or_no_snapshot
2026-07-19,10,1,08:39:00,2026-07-18T16:58:59.226691+00:00,2026-07-18T16:58:59.226691+00:00,2026-08-05T02:14:09.202495+00:00,2026-07-19T09:40:17.408056+00:00,6,SAFE-B,pre_close_creation_but_later_update_or_no_snapshot
2026-07-19,10,2,09:05:00,2026-07-18T16:58:59.226691+00:00,2026-07-18T16:58:59.226691+00:00,2026-08-05T02:14:09.202495+00:00,2026-07-19T09:40:17.408056+00:00,6,SAFE-B,pre_close_creation_but_later_update_or_no_snapshot
2026-07-19,10,3,09:31:00,2026-07-18T16:58:59.226691+00:00,2026-07-18T16:58:59.226691+00:00,2026-08-05T02:14:09.202495+00:00,2026-07-19T09:40:17.408056+00:00,6,SAFE-B,pre_close_creation_but_later_update_or_no_snapshot
2026-07-19,10,4,09:57:00,2026-07-18T16:58:59.226691+00:00,2026-07-18T16:58:59.226691+00:00,2026-08-05T02:14:09.202495+00:00,2026-07-19T09:40:17.408056+00:00,6,SAFE-B,pre_close_creation_but_later_update_or_no_snapshot
2026-07-19,10,5,10:23:00,2026-07-18T16:58:59.226691+00:00,2026-07-18T16:58:59.226691+00:00,2026-08-05T02:14:09.202495+00:00,2026-07-19T09:40:17.408056+00:00,6,SAFE-B,pre_close_creation_but_later_update_or_no_snapshot
2026-07-19,10,6,10:51:00,2026-07-18T16:58:59.226691+00:00,2026-07-18T16:58:59.226691+00:00,2026-08-05T02:14:09.202495+00:00,2026-07-19T09:40:17.408056+00:00,6,SAFE-B,pre_close_creation_but_later_update_or_no_snapshot
2026-07-19,10,7,11:21:00,2026-07-18T16:58:59.226691+00:00,2026-07-18T16:58:59.226691+00:00,2026-08-05T02:14:11.160428+00:00,2026-07-19T09:40:17.408056+00:00,6,SAFE-B,pre_close_creation_but_later_update_or_no_snapshot
2026-07-19,10,8,11:53:00,2026-07-18T16:58:59.226691+00:00,2026-07-18T16:58:59.226691+00:00,2026-08-05T02:14:11.160428+00:00,2026-07-19T09:40:17.408056+00:00,6,SAFE-B,pre_close_creation_but_later_update_or_no_snapshot
2026-07-19,10,9,12:27:00,2026-07-18T16:58:59.226691+00:00,2026-07-18T16:58:59.226691+00:00,2026-08-05T02:14:09.202495+00:00,2026-07-19T09:40:17.408056+00:00,6,SAFE-B,pre_close_creation_but_later_update_or_no_snapshot
2026-07-19,10,10,13:00:00,2026-07-18T16:58:59.226691+00:00,2026-07-18T16:58:59.226691+00:00,2026-08-05T02:14:10.404522+00:00,2026-07-19T09:40:17.408056+00:00,6,SAFE-B,pre_close_creation_but_later_update_or_no_snapshot
2026-07-19,10,11,13:29:00,2026-07-18T16:58:59.226691+00:00,2026-07-18T16:58:59.226691+00:00,2026-08-05T02:14:10.404522+00:00,2026-07-19T09:40:17.408056+00:00,6,SAFE-B,pre_close_creation_but_later_update_or_no_snapshot
2026-07-19,10,12,14:06:00,2026-07-18T16:58:59.226691+00:00,2026-07-18T16:58:59.735186+00:00,2026-08-05T02:14:11.160428+00:00,2026-07-19T09:40:17.408056+00:00,6,SAFE-B,pre_close_creation_but_later_update_or_no_snapshot
2026-07-19,11,1,10:41:00,2026-07-18T16:58:59.735186+00:00,2026-07-18T16:58:59.735186+00:00,2026-08-05T02:14:09.202495+00:00,2026-07-19T09:40:17.408056+00:00,6,SAFE-B,pre_close_creation_but_later_update_or_no_snapshot
2026-07-19,11,2,11:24:00,2026-07-18T16:58:59.735186+00:00,2026-07-18T16:58:59.735186+00:00,2026-08-05T02:14:10.404522+00:00,2026-07-19T09:40:17.408056+00:00,6,SAFE-B,pre_close_creation_but_later_update_or_no_snapshot
2026-07-19,11,3,12:05:00,2026-07-18T16:58:59.735186+00:00,2026-07-18T16:58:59.735186+00:00,2026-08-05T02:14:11.160428+00:00,2026-07-19T09:40:17.408056+00:00,6,SAFE-B,pre_close_creation_but_later_update_or_no_snapshot
2026-07-19,11,4,12:32:00,2026-07-18T16:58:59.735186+00:00,2026-07-18T16:58:59.735186+00:00,2026-08-05T02:14:10.404522+00:00,2026-07-19T09:40:17.408056+00:00,6,SAFE-B,pre_close_creation_but_later_update_or_no_snapshot
2026-07-19,11,5,12:57:00,2026-07-18T16:58:59.735186+00:00,2026-07-18T16:58:59.735186+00:00,2026-08-05T02:14:10.404522+00:00,2026-07-19T09:40:17.408056+00:00,6,SAFE-B,pre_close_creation_but_later_update_or_no_snapshot
2026-07-19,11,6,13:23:00,2026-07-18T16:58:59.735186+00:00,2026-07-18T16:58:59.735186+00:00,2026-08-05T02:14:09.202495+00:00,2026-07-19T09:40:17.408056+00:00,6,SAFE-B,pre_close_creation_but_later_update_or_no_snapshot
2026-07-19,11,7,13:50:00,2026-07-18T16:58:59.735186+00:00,2026-07-18T16:58:59.735186+00:00,2026-08-05T02:14:10.404522+00:00,2026-07-19T09:40:17.408056+00:00,6,SAFE-B,pre_close_creation_but_later_update_or_no_snapshot
2026-07-19,11,8,14:21:00,2026-07-18T16:58:59.735186+00:00,2026-07-18T16:58:59.735186+00:00,2026-08-05T02:14:09.202495+00:00,2026-07-19T09:40:17.408056+00:00,6,SAFE-B,pre_close_creation_but_later_update_or_no_snapshot
2026-07-19,11,9,14:53:00,2026-07-18T16:58:59.735186+00:00,2026-07-18T16:58:59.735186+00:00,2026-08-05T02:14:09.202495+00:00,2026-07-19T09:40:17.408056+00:00,6,SAFE-B,pre_close_creation_but_later_update_or_no_snapshot
2026-07-19,11,10,15:19:00,2026-07-18T16:58:59.735186+00:00,2026-07-18T16:58:59.735186+00:00,2026-08-05T02:14:09.202495+00:00,2026-07-19T09:40:17.408056+00:00,6,SAFE-B,pre_close_creation_but_later_update_or_no_snapshot
2026-07-19,11,11,15:46:00,2026-07-18T16:58:59.735186+00:00,2026-07-18T16:58:59.735186+00:00,2026-08-05T02:14:10.404522+00:00,2026-07-19T09:40:17.408056+00:00,6,SAFE-B,pre_close_creation_but_later_update_or_no_snapshot
2026-07-19,11,12,16:18:00,2026-07-18T16:58:59.735186+00:00,2026-07-18T16:58:59.735186+00:00,2026-08-05T02:14:11.160428+00:00,2026-07-19T09:40:17.408056+00:00,6,SAFE-B,pre_close_creation_but_later_update_or_no_snapshot
2026-07-19,12,1,15:27:00,2026-07-18T16:58:59.735186+00:00,2026-07-18T16:58:59.735186+00:00,2026-08-05T02:14:16.950374+00:00,2026-07-19T09:40:17.408056+00:00,6,SAFE-B,pre_close_creation_but_later_update_or_no_snapshot
2026-07-19,12,2,15:57:00,2026-07-18T16:58:59.735186+00:00,2026-07-18T16:58:59.735186+00:00,2026-08-05T02:14:16.950374+00:00,2026-07-19T09:40:17.408056+00:00,6,SAFE-B,pre_close_creation_but_later_update_or_no_snapshot
2026-07-19,12,3,16:33:00,2026-07-18T16:58:59.735186+00:00,2026-07-18T16:58:59.735186+00:00,2026-08-05T02:14:18.392453+00:00,2026-07-19T09:40:17.408056+00:00,6,SAFE-B,pre_close_creation_but_later_update_or_no_snapshot
2026-07-19,12,4,17:06:00,2026-07-18T16:58:59.735186+00:00,2026-07-18T16:58:59.735186+00:00,2026-08-05T02:14:18.392453+00:00,2026-07-19T09:40:17.408056+00:00,6,SAFE-B,pre_close_creation_but_later_update_or_no_snapshot
2026-07-19,12,5,17:31:00,2026-07-18T16:58:59.735186+00:00,2026-07-18T16:58:59.735186+00:00,2026-08-05T02:14:16.950374+00:00,2026-07-19T09:40:17.408056+00:00,6,SAFE-B,pre_close_creation_but_later_update_or_no_snapshot
2026-07-19,12,6,17:56:00,2026-07-18T16:58:59.735186+00:00,2026-07-18T16:58:59.735186+00:00,2026-08-05T02:14:16.950374+00:00,2026-07-19T09:40:17.408056+00:00,6,SAFE-B,pre_close_creation_but_later_update_or_no_snapshot
2026-07-19,12,7,18:21:00,2026-07-18T16:58:59.735186+00:00,2026-07-18T16:58:59.735186+00:00,2026-08-05T02:14:18.392453+00:00,2026-07-19T09:40:17.408056+00:00,6,SAFE-B,pre_close_creation_but_later_update_or_no_snapshot
2026-07-19,12,8,18:46:00,2026-07-18T16:58:59.735186+00:00,2026-07-18T16:58:59.735186+00:00,2026-08-05T02:14:18.392453+00:00,2026-07-19T09:40:17.408056+00:00,6,SAFE-B,pre_close_creation_but_later_update_or_no_snapshot
2026-07-19,12,9,19:12:00,2026-07-18T16:58:59.735186+00:00,2026-07-18T16:58:59.735186+00:00,2026-08-05T02:14:18.392453+00:00,2026-07-19T09:40:17.408056+00:00,6,SAFE-B,pre_close_creation_but_later_update_or_no_snapshot
2026-07-19,12,10,19:38:00,2026-07-18T16:58:59.735186+00:00,2026-07-18T16:58:59.735186+00:00,2026-08-05T02:14:18.392453+00:00,2026-07-19T09:40:17.408056+00:00,6,SAFE-B,pre_close_creation_but_later_update_or_no_snapshot
2026-07-19,12,11,20:06:00,2026-07-18T16:58:59.735186+00:00,2026-07-18T16:58:59.735186+00:00,2026-08-05T02:14:18.392453+00:00,2026-07-19T09:40:17.408056+00:00,6,SAFE-B,pre_close_creation_but_later_update_or_no_snapshot
2026-07-19,12,12,20:37:00,2026-07-18T16:58:59.735186+00:00,2026-07-18T16:58:59.735186+00:00,2026-08-05T02:14:18.392453+00:00,2026-07-19T09:40:17.408056+00:00,6,SAFE-B,pre_close_creation_but_later_update_or_no_snapshot
2026-07-19,16,1,11:51:00,2026-07-18T16:58:59.735186+00:00,2026-07-18T16:58:59.735186+00:00,2026-08-05T02:14:16.950374+00:00,2026-07-19T09:40:17.408056+00:00,6,SAFE-B,pre_close_creation_but_later_update_or_no_snapshot
2026-07-19,16,2,12:22:00,2026-07-18T16:58:59.735186+00:00,2026-07-18T16:58:59.735186+00:00,2026-08-05T02:14:16.950374+00:00,2026-07-19T09:40:17.408056+00:00,6,SAFE-B,pre_close_creation_but_later_update_or_no_snapshot
2026-07-19,16,3,12:52:00,2026-07-18T16:58:59.735186+00:00,2026-07-18T16:58:59.735186+00:00,2026-08-05T02:14:16.950374+00:00,2026-07-19T09:40:17.408056+00:00,6,SAFE-B,pre_close_creation_but_later_update_or_no_snapshot
2026-07-19,16,4,13:20:00,2026-07-18T16:58:59.735186+00:00,2026-07-18T16:58:59.735186+00:00,2026-08-05T02:14:19.061403+00:00,2026-07-19T09:40:17.408056+00:00,6,SAFE-B,pre_close_creation_but_later_update_or_no_snapshot
2026-07-19,16,5,13:53:00,2026-07-18T16:58:59.735186+00:00,2026-07-18T16:58:59.735186+00:00,2026-08-05T02:14:16.950374+00:00,2026-07-19T09:40:17.408056+00:00,6,SAFE-B,pre_close_creation_but_later_update_or_no_snapshot
2026-07-19,16,6,14:33:00,2026-07-18T16:58:59.735186+00:00,2026-07-18T16:58:59.735186+00:00,2026-08-05T02:14:16.950374+00:00,2026-07-19T09:40:17.408056+00:00,6,SAFE-B,pre_close_creation_but_later_update_or_no_snapshot
2026-07-19,16,7,15:11:00,2026-07-18T16:58:59.735186+00:00,2026-07-18T16:58:59.735186+00:00,2026-08-05T02:14:17.698301+00:00,2026-07-19T09:40:17.408056+00:00,6,SAFE-B,pre_close_creation_but_later_update_or_no_snapshot
2026-07-19,16,8,15:42:00,2026-07-18T16:58:59.735186+00:00,2026-07-18T16:58:59.735186+00:00,2026-08-05T02:14:16.950374+00:00,2026-07-19T09:40:17.408056+00:00,6,SAFE-B,pre_close_creation_but_later_update_or_no_snapshot
2026-07-19,16,9,16:12:00,2026-07-18T16:58:59.735186+00:00,2026-07-18T16:58:59.735186+00:00,2026-08-05T02:14:16.950374+00:00,2026-07-19T09:40:17.408056+00:00,6,SAFE-B,pre_close_creation_but_later_update_or_no_snapshot
2026-07-19,16,10,16:46:00,2026-07-18T16:58:59.735186+00:00,2026-07-18T16:58:59.735186+00:00,2026-08-05T02:14:18.392453+00:00,2026-07-19T09:40:17.408056+00:00,6,SAFE-B,pre_close_creation_but_later_update_or_no_snapshot
2026-07-19,16,11,17:16:00,2026-07-18T16:58:59.735186+00:00,2026-07-18T16:58:59.735186+00:00,2026-08-05T02:14:16.950374+00:00,2026-07-19T09:40:17.408056+00:00,6,SAFE-B,pre_close_creation_but_later_update_or_no_snapshot
2026-07-19,16,12,17:48:00,2026-07-18T16:58:59.735186+00:00,2026-07-18T16:58:59.735186+00:00,2026-08-05T02:14:16.950374+00:00,2026-07-19T09:40:17.408056+00:00,6,SAFE-B,pre_close_creation_but_later_update_or_no_snapshot
2026-07-19,17,1,10:43:00,2026-07-18T16:58:59.735186+00:00,2026-07-18T16:58:59.735186+00:00,2026-08-05T02:14:10.404522+00:00,2026-07-19T09:40:17.408056+00:00,6,SAFE-B,pre_close_creation_but_later_update_or_no_snapshot
2026-07-19,17,2,11:13:00,2026-07-18T16:58:59.735186+00:00,2026-07-18T16:58:59.735186+00:00,2026-08-05T02:14:09.202495+00:00,2026-07-19T09:40:17.408056+00:00,6,SAFE-B,pre_close_creation_but_later_update_or_no_snapshot
2026-07-19,17,3,11:43:00,2026-07-18T16:58:59.735186+00:00,2026-07-18T16:58:59.735186+00:00,2026-08-05T02:14:10.404522+00:00,2026-07-19T09:40:17.408056+00:00,6,SAFE-B,pre_close_creation_but_later_update_or_no_snapshot
2026-07-19,17,4,12:12:00,2026-07-18T16:58:59.735186+00:00,2026-07-18T16:58:59.735186+00:00,2026-08-05T02:14:10.404522+00:00,2026-07-19T09:40:17.408056+00:00,6,SAFE-B,pre_close_creation_but_later_update_or_no_snapshot
2026-07-19,17,5,12:43:00,2026-07-18T16:58:59.735186+00:00,2026-07-18T16:58:59.735186+00:00,2026-08-05T02:14:10.404522+00:00,2026-07-19T09:40:17.408056+00:00,6,SAFE-B,pre_close_creation_but_later_update_or_no_snapshot
2026-07-19,17,6,13:08:00,2026-07-18T16:58:59.735186+00:00,2026-07-18T16:58:59.735186+00:00,2026-08-05T02:14:09.202495+00:00,2026-07-19T09:40:17.408056+00:00,6,SAFE-B,pre_close_creation_but_later_update_or_no_snapshot
2026-07-19,17,7,13:36:00,2026-07-18T16:58:59.735186+00:00,2026-07-18T16:58:59.735186+00:00,2026-08-05T02:14:09.202495+00:00,2026-07-19T09:40:17.408056+00:00,6,SAFE-B,pre_close_creation_but_later_update_or_no_snapshot
2026-07-19,17,8,14:25:00,2026-07-18T16:58:59.735186+00:00,2026-07-18T16:58:59.735186+00:00,2026-08-05T02:14:09.202495+00:00,2026-07-19T09:40:17.408056+00:00,6,SAFE-B,pre_close_creation_but_later_update_or_no_snapshot
2026-07-19,17,9,14:58:00,2026-07-18T16:58:59.735186+00:00,2026-07-18T16:58:59.735186+00:00,2026-08-05T02:14:09.202495+00:00,2026-07-19T09:40:17.408056+00:00,6,SAFE-B,pre_close_creation_but_later_update_or_no_snapshot
2026-07-19,17,10,15:29:00,2026-07-18T16:58:59.735186+00:00,2026-07-18T16:58:59.735186+00:00,2026-08-05T02:14:09.202495+00:00,2026-07-19T09:40:17.408056+00:00,6,SAFE-B,pre_close_creation_but_later_update_or_no_snapshot
2026-07-19,17,11,16:00:00,2026-07-18T16:58:59.735186+00:00,2026-07-18T16:58:59.735186+00:00,2026-08-05T02:14:09.202495+00:00,2026-07-19T09:40:17.408056+00:00,6,SAFE-B,pre_close_creation_but_later_update_or_no_snapshot
2026-07-19,17,12,16:50:00,2026-07-18T16:58:59.735186+00:00,2026-07-18T16:58:59.735186+00:00,2026-08-05T02:14:10.404522+00:00,2026-07-19T09:40:17.408056+00:00,6,SAFE-B,pre_close_creation_but_later_update_or_no_snapshot
2026-07-19,18,1,08:46:00,2026-07-18T16:58:59.735186+00:00,2026-07-18T16:58:59.735186+00:00,2026-08-05T02:14:14.013569+00:00,2026-07-19T09:40:17.408056+00:00,6,SAFE-B,pre_close_creation_but_later_update_or_no_snapshot
2026-07-19,18,2,09:12:00,2026-07-18T16:58:59.735186+00:00,2026-07-18T16:58:59.735186+00:00,2026-08-05T02:14:14.013569+00:00,2026-07-19T09:40:17.408056+00:00,6,SAFE-B,pre_close_creation_but_later_update_or_no_snapshot
2026-07-19,18,3,09:38:00,2026-07-18T16:58:59.735186+00:00,2026-07-18T16:58:59.735186+00:00,2026-08-05T02:14:14.750644+00:00,2026-07-19T09:40:17.408056+00:00,6,SAFE-B,pre_close_creation_but_later_update_or_no_snapshot
2026-07-19,18,4,10:04:00,2026-07-18T16:58:59.735186+00:00,2026-07-18T16:58:59.735186+00:00,2026-08-05T02:14:15.467482+00:00,2026-07-19T09:40:17.408056+00:00,6,SAFE-B,pre_close_creation_but_later_update_or_no_snapshot
2026-07-19,18,5,10:30:00,2026-07-18T16:58:59.735186+00:00,2026-07-18T16:58:59.735186+00:00,2026-08-05T02:14:15.467482+00:00,2026-07-19T09:40:17.408056+00:00,6,SAFE-B,pre_close_creation_but_later_update_or_no_snapshot
2026-07-19,18,6,10:59:00,2026-07-18T16:58:59.735186+00:00,2026-07-18T16:58:59.735186+00:00,2026-08-05T02:14:14.013569+00:00,2026-07-19T09:40:17.408056+00:00,6,SAFE-B,pre_close_creation_but_later_update_or_no_snapshot
2026-07-19,18,7,11:30:00,2026-07-18T16:58:59.735186+00:00,2026-07-18T16:58:59.735186+00:00,2026-08-05T02:14:14.750644+00:00,2026-07-19T09:40:17.408056+00:00,6,SAFE-B,pre_close_creation_but_later_update_or_no_snapshot
2026-07-19,18,8,12:00:00,2026-07-18T16:58:59.735186+00:00,2026-07-18T16:58:59.735186+00:00,2026-08-05T02:14:14.013569+00:00,2026-07-19T09:40:17.408056+00:00,6,SAFE-B,pre_close_creation_but_later_update_or_no_snapshot
2026-07-19,18,9,12:34:00,2026-07-18T16:58:59.735186+00:00,2026-07-18T16:58:59.735186+00:00,2026-08-05T02:14:15.467482+00:00,2026-07-19T09:40:17.408056+00:00,6,SAFE-B,pre_close_creation_but_later_update_or_no_snapshot
2026-07-19,18,10,13:06:00,2026-07-18T16:58:59.735186+00:00,2026-07-18T16:58:59.735186+00:00,2026-08-05T02:14:14.750644+00:00,2026-07-19T09:40:17.408056+00:00,6,SAFE-B,pre_close_creation_but_later_update_or_no_snapshot
2026-07-19,18,11,13:38:00,2026-07-18T16:58:59.735186+00:00,2026-07-18T16:58:59.735186+00:00,2026-08-05T02:14:15.467482+00:00,2026-07-19T09:40:17.408056+00:00,6,SAFE-B,pre_close_creation_but_later_update_or_no_snapshot
2026-07-19,18,12,14:15:00,2026-07-18T16:58:59.735186+00:00,2026-07-18T16:58:59.735186+00:00,2026-08-05T02:14:14.750644+00:00,2026-07-19T09:40:17.408056+00:00,6,SAFE-B,pre_close_creation_but_later_update_or_no_snapshot
2026-07-19,19,1,15:30:00,2026-07-18T16:58:59.735186+00:00,2026-07-18T16:58:59.735186+00:00,2026-08-05T02:14:09.202495+00:00,2026-07-19T09:40:17.408056+00:00,6,SAFE-B,pre_close_creation_but_later_update_or_no_snapshot
2026-07-19,19,2,16:06:00,2026-07-18T16:58:59.735186+00:00,2026-07-18T16:58:59.735186+00:00,2026-08-05T02:14:09.202495+00:00,2026-07-19T09:40:17.408056+00:00,6,SAFE-B,pre_close_creation_but_later_update_or_no_snapshot
2026-07-19,19,3,16:42:00,2026-07-18T16:58:59.735186+00:00,2026-07-18T16:58:59.735186+00:00,2026-08-05T02:14:09.202495+00:00,2026-07-19T09:40:17.408056+00:00,6,SAFE-B,pre_close_creation_but_later_update_or_no_snapshot
2026-07-19,19,4,17:18:00,2026-07-18T16:58:59.735186+00:00,2026-07-18T16:58:59.735186+00:00,2026-08-05T02:14:09.202495+00:00,2026-07-19T09:40:17.408056+00:00,6,SAFE-B,pre_close_creation_but_later_update_or_no_snapshot
2026-07-19,19,5,17:43:00,2026-07-18T16:58:59.735186+00:00,2026-07-18T16:58:59.735186+00:00,2026-08-05T02:14:09.202495+00:00,2026-07-19T09:40:17.408056+00:00,6,SAFE-B,pre_close_creation_but_later_update_or_no_snapshot
2026-07-19,19,6,18:08:00,2026-07-18T16:58:59.735186+00:00,2026-07-18T16:58:59.735186+00:00,2026-08-05T02:14:09.202495+00:00,2026-07-19T09:40:17.408056+00:00,6,SAFE-B,pre_close_creation_but_later_update_or_no_snapshot
2026-07-19,19,7,18:33:00,2026-07-18T16:58:59.735186+00:00,2026-07-18T16:58:59.735186+00:00,2026-08-05T02:14:10.404522+00:00,2026-07-19T09:40:17.408056+00:00,6,SAFE-B,pre_close_creation_but_later_update_or_no_snapshot
2026-07-19,19,8,18:58:00,2026-07-18T16:58:59.735186+00:00,2026-07-18T16:58:59.735186+00:00,2026-08-05T02:14:09.202495+00:00,2026-07-19T09:40:17.408056+00:00,6,SAFE-B,pre_close_creation_but_later_update_or_no_snapshot
2026-07-19,19,9,19:24:00,2026-07-18T16:58:59.735186+00:00,2026-07-18T16:58:59.735186+00:00,2026-08-05T02:14:09.202495+00:00,2026-07-19T09:40:17.408056+00:00,6,SAFE-B,pre_close_creation_but_later_update_or_no_snapshot
2026-07-19,19,10,19:50:00,2026-07-18T16:58:59.735186+00:00,2026-07-18T16:58:59.735186+00:00,2026-08-05T02:14:09.202495+00:00,2026-07-19T09:40:17.408056+00:00,6,SAFE-B,pre_close_creation_but_later_update_or_no_snapshot
2026-07-19,19,11,20:17:00,2026-07-18T16:58:59.735186+00:00,2026-07-18T16:58:59.735186+00:00,2026-08-05T02:14:09.202495+00:00,2026-07-19T09:40:17.408056+00:00,6,SAFE-B,pre_close_creation_but_later_update_or_no_snapshot
2026-07-19,19,12,20:45:00,2026-07-18T16:58:59.735186+00:00,2026-07-18T16:58:59.735186+00:00,2026-08-05T02:14:09.202495+00:00,2026-07-19T09:40:17.408056+00:00,6,SAFE-B,pre_close_creation_but_later_update_or_no_snapshot
2026-07-19,20,1,15:20:00,2026-07-18T16:58:59.735186+00:00,2026-07-18T16:58:59.735186+00:00,2026-08-05T02:14:10.404522+00:00,2026-07-19T09:40:17.408056+00:00,6,SAFE-B,pre_close_creation_but_later_update_or_no_snapshot
2026-07-19,20,2,16:02:00,2026-07-18T16:58:59.735186+00:00,2026-07-18T16:58:59.735186+00:00,2026-08-05T02:14:10.404522+00:00,2026-07-19T09:40:17.408056+00:00,6,SAFE-B,pre_close_creation_but_later_update_or_no_snapshot
2026-07-19,20,3,16:39:00,2026-07-18T16:58:59.735186+00:00,2026-07-18T16:58:59.735186+00:00,2026-08-05T02:14:09.202495+00:00,2026-07-19T09:40:17.408056+00:00,6,SAFE-B,pre_close_creation_but_later_update_or_no_snapshot
2026-07-19,20,4,17:12:00,2026-07-18T16:58:59.735186+00:00,2026-07-18T16:58:59.735186+00:00,2026-08-05T02:14:10.404522+00:00,2026-07-19T09:40:17.408056+00:00,6,SAFE-B,pre_close_creation_but_later_update_or_no_snapshot
2026-07-19,20,5,17:37:00,2026-07-18T16:58:59.735186+00:00,2026-07-18T16:58:59.735186+00:00,2026-08-05T02:14:10.404522+00:00,2026-07-19T09:40:17.408056+00:00,6,SAFE-B,pre_close_creation_but_later_update_or_no_snapshot
2026-07-19,20,6,18:02:00,2026-07-18T16:58:59.735186+00:00,2026-07-18T16:58:59.735186+00:00,2026-08-05T02:14:11.160428+00:00,2026-07-19T09:40:17.408056+00:00,6,SAFE-B,pre_close_creation_but_later_update_or_no_snapshot
2026-07-19,20,7,18:27:00,2026-07-18T16:58:59.735186+00:00,2026-07-18T16:58:59.735186+00:00,2026-08-05T02:14:09.202495+00:00,2026-07-19T09:40:17.408056+00:00,6,SAFE-B,pre_close_creation_but_later_update_or_no_snapshot
2026-07-19,20,8,18:52:00,2026-07-18T16:58:59.735186+00:00,2026-07-18T16:58:59.735186+00:00,2026-08-05T02:14:09.202495+00:00,2026-07-19T09:40:17.408056+00:00,6,SAFE-B,pre_close_creation_but_later_update_or_no_snapshot
2026-07-19,20,9,19:18:00,2026-07-18T16:58:59.735186+00:00,2026-07-18T16:58:59.735186+00:00,2026-08-05T02:14:09.202495+00:00,2026-07-19T09:40:17.408056+00:00,6,SAFE-B,pre_close_creation_but_later_update_or_no_snapshot
2026-07-19,20,10,19:44:00,2026-07-18T16:58:59.735186+00:00,2026-07-18T16:58:59.735186+00:00,2026-08-05T02:14:10.404522+00:00,2026-07-19T09:40:17.408056+00:00,6,SAFE-B,pre_close_creation_but_later_update_or_no_snapshot
2026-07-19,20,11,20:11:00,2026-07-18T16:58:59.735186+00:00,2026-07-18T16:59:00.039887+00:00,2026-08-05T02:14:11.160428+00:00,2026-07-19T09:40:17.408056+00:00,6,SAFE-B,pre_close_creation_but_later_update_or_no_snapshot
2026-07-19,20,12,20:41:00,2026-07-18T16:59:00.039887+00:00,2026-07-18T16:59:00.039887+00:00,2026-08-05T02:14:09.202495+00:00,2026-07-19T09:40:17.408056+00:00,6,SAFE-B,pre_close_creation_but_later_update_or_no_snapshot
2026-07-19,21,1,08:32:00,2026-07-18T16:59:00.039887+00:00,2026-07-18T16:59:00.039887+00:00,2026-08-05T02:14:09.202495+00:00,2026-07-19T09:40:17.408056+00:00,6,SAFE-B,pre_close_creation_but_later_update_or_no_snapshot
2026-07-19,21,2,08:58:00,2026-07-18T16:59:00.039887+00:00,2026-07-18T16:59:00.039887+00:00,2026-08-05T02:14:09.202495+00:00,2026-07-19T09:40:17.408056+00:00,6,SAFE-B,pre_close_creation_but_later_update_or_no_snapshot
2026-07-19,21,3,09:24:00,2026-07-18T16:59:00.039887+00:00,2026-07-18T16:59:00.039887+00:00,2026-08-05T02:14:09.202495+00:00,2026-07-19T09:40:17.408056+00:00,6,SAFE-B,pre_close_creation_but_later_update_or_no_snapshot
2026-07-19,21,4,09:50:00,2026-07-18T16:59:00.039887+00:00,2026-07-18T16:59:00.039887+00:00,2026-08-05T02:14:10.404522+00:00,2026-07-19T09:40:17.408056+00:00,6,SAFE-B,pre_close_creation_but_later_update_or_no_snapshot
2026-07-19,21,5,10:16:00,2026-07-18T16:59:00.039887+00:00,2026-07-18T16:59:00.039887+00:00,2026-08-05T02:14:09.202495+00:00,2026-07-19T09:40:17.408056+00:00,6,SAFE-B,pre_close_creation_but_later_update_or_no_snapshot
2026-07-19,21,6,10:45:00,2026-07-18T16:59:00.039887+00:00,2026-07-18T16:59:00.039887+00:00,2026-08-05T02:14:10.404522+00:00,2026-07-19T09:40:17.408056+00:00,6,SAFE-B,pre_close_creation_but_later_update_or_no_snapshot
2026-07-19,21,7,11:15:00,2026-07-18T16:59:00.039887+00:00,2026-07-18T16:59:00.039887+00:00,2026-08-05T02:14:11.160428+00:00,2026-07-19T09:40:17.408056+00:00,6,SAFE-B,pre_close_creation_but_later_update_or_no_snapshot
2026-07-19,21,8,11:47:00,2026-07-18T16:59:00.039887+00:00,2026-07-18T16:59:00.039887+00:00,2026-08-05T02:14:10.404522+00:00,2026-07-19T09:40:17.408056+00:00,6,SAFE-B,pre_close_creation_but_later_update_or_no_snapshot
2026-07-19,21,9,12:16:00,2026-07-18T16:59:00.039887+00:00,2026-07-18T16:59:00.039887+00:00,2026-08-05T02:14:09.202495+00:00,2026-07-19T09:40:17.408056+00:00,6,SAFE-B,pre_close_creation_but_later_update_or_no_snapshot
2026-07-19,21,10,12:48:00,2026-07-18T16:59:00.039887+00:00,2026-07-18T16:59:00.039887+00:00,2026-08-05T02:14:11.160428+00:00,2026-07-19T09:40:17.408056+00:00,6,SAFE-B,pre_close_creation_but_later_update_or_no_snapshot
2026-07-19,21,11,13:21:00,2026-07-18T16:59:00.039887+00:00,2026-07-18T16:59:00.039887+00:00,2026-08-05T02:14:09.202495+00:00,2026-07-19T09:40:17.408056+00:00,6,SAFE-B,pre_close_creation_but_later_update_or_no_snapshot
2026-07-19,21,12,14:00:00,2026-07-18T16:59:00.039887+00:00,2026-07-18T16:59:00.039887+00:00,2026-08-05T02:14:10.404522+00:00,2026-07-19T09:40:17.408056+00:00,6,SAFE-B,pre_close_creation_but_later_update_or_no_snapshot
2026-07-19,22,1,12:18:00,2026-07-18T16:59:00.039887+00:00,2026-07-18T16:59:00.039887+00:00,2026-08-05T02:14:10.404522+00:00,2026-07-19T09:40:17.408056+00:00,6,SAFE-B,pre_close_creation_but_later_update_or_no_snapshot
2026-07-19,22,2,12:46:00,2026-07-18T16:59:00.039887+00:00,2026-07-18T16:59:00.039887+00:00,2026-08-05T02:14:11.160428+00:00,2026-07-19T09:40:17.408056+00:00,6,SAFE-B,pre_close_creation_but_later_update_or_no_snapshot
2026-07-19,22,3,13:16:00,2026-07-18T16:59:00.039887+00:00,2026-07-18T16:59:00.039887+00:00,2026-08-05T02:14:11.160428+00:00,2026-07-19T09:40:17.408056+00:00,6,SAFE-B,pre_close_creation_but_later_update_or_no_snapshot
2026-07-19,22,4,13:43:00,2026-07-18T16:59:00.039887+00:00,2026-07-18T16:59:00.039887+00:00,2026-08-05T02:14:10.404522+00:00,2026-07-19T09:40:17.408056+00:00,6,SAFE-B,pre_close_creation_but_later_update_or_no_snapshot
2026-07-19,22,5,14:18:00,2026-07-18T16:59:00.039887+00:00,2026-07-18T16:59:00.039887+00:00,2026-08-05T02:14:10.404522+00:00,2026-07-19T09:40:17.408056+00:00,6,SAFE-B,pre_close_creation_but_later_update_or_no_snapshot
2026-07-19,22,6,14:46:00,2026-07-18T16:59:00.039887+00:00,2026-07-18T16:59:00.039887+00:00,2026-08-05T02:14:09.202495+00:00,2026-07-19T09:40:17.408056+00:00,6,SAFE-B,pre_close_creation_but_later_update_or_no_snapshot
2026-07-19,22,7,15:13:00,2026-07-18T16:59:00.039887+00:00,2026-07-18T16:59:00.039887+00:00,2026-08-05T02:14:09.202495+00:00,2026-07-19T09:40:17.408056+00:00,6,SAFE-B,pre_close_creation_but_later_update_or_no_snapshot
2026-07-19,22,8,15:44:00,2026-07-18T16:59:00.039887+00:00,2026-07-18T16:59:00.039887+00:00,2026-08-05T02:14:09.202495+00:00,2026-07-19T09:40:17.408056+00:00,6,SAFE-B,pre_close_creation_but_later_update_or_no_snapshot
2026-07-19,22,9,16:21:00,2026-07-18T16:59:00.039887+00:00,2026-07-18T16:59:00.039887+00:00,2026-08-05T02:14:11.160428+00:00,2026-07-19T09:40:17.408056+00:00,6,SAFE-B,pre_close_creation_but_later_update_or_no_snapshot
2026-07-19,22,10,16:55:00,2026-07-18T16:59:00.039887+00:00,2026-07-18T16:59:00.039887+00:00,2026-08-05T02:14:09.202495+00:00,2026-07-19T09:40:17.408056+00:00,6,SAFE-B,pre_close_creation_but_later_update_or_no_snapshot
2026-07-19,22,11,17:28:00,2026-07-18T16:59:00.039887+00:00,2026-07-18T16:59:00.039887+00:00,2026-08-05T02:14:10.404522+00:00,2026-07-19T09:40:17.408056+00:00,6,SAFE-B,pre_close_creation_but_later_update_or_no_snapshot
2026-07-19,22,12,18:00:00,2026-07-18T16:59:00.039887+00:00,2026-07-18T16:59:00.039887+00:00,2026-08-05T02:14:11.160428+00:00,2026-07-19T09:40:17.408056+00:00,6,SAFE-B,pre_close_creation_but_later_update_or_no_snapshot
2026-07-20,2,1,10:47:00,2026-07-19T15:03:09.929052+00:00,2026-07-19T15:03:09.929052+00:00,2026-08-05T02:15:06.580491+00:00,2026-07-19T15:03:41.117789+00:00,6,SAFE-B,pre_close_creation_but_later_update_or_no_snapshot
2026-07-20,2,2,11:16:00,2026-07-19T15:03:09.929052+00:00,2026-07-19T15:03:09.929052+00:00,2026-08-05T02:15:06.580491+00:00,2026-07-19T15:03:41.117789+00:00,6,SAFE-B,pre_close_creation_but_later_update_or_no_snapshot
2026-07-20,2,3,11:45:00,2026-07-19T15:03:09.929052+00:00,2026-07-19T15:03:09.929052+00:00,2026-08-05T02:15:06.580491+00:00,2026-07-19T15:03:41.117789+00:00,6,SAFE-B,pre_close_creation_but_later_update_or_no_snapshot
2026-07-20,2,4,12:14:00,2026-07-19T15:03:09.929052+00:00,2026-07-19T15:03:09.929052+00:00,2026-08-05T02:15:06.580491+00:00,2026-07-19T15:03:41.117789+00:00,6,SAFE-B,pre_close_creation_but_later_update_or_no_snapshot
2026-07-20,2,5,12:44:00,2026-07-19T15:03:09.929052+00:00,2026-07-19T15:03:09.929052+00:00,2026-08-05T02:15:06.580491+00:00,2026-07-19T15:03:41.117789+00:00,6,SAFE-B,pre_close_creation_but_later_update_or_no_snapshot
2026-07-20,2,6,13:14:00,2026-07-19T15:03:09.929052+00:00,2026-07-19T15:03:09.929052+00:00,2026-08-05T02:15:06.580491+00:00,2026-07-19T15:03:41.117789+00:00,6,SAFE-B,pre_close_creation_but_later_update_or_no_snapshot
2026-07-20,2,7,13:45:00,2026-07-19T15:03:09.929052+00:00,2026-07-19T15:03:09.929052+00:00,2026-08-05T02:15:06.580491+00:00,2026-07-19T15:03:41.117789+00:00,6,SAFE-B,pre_close_creation_but_later_update_or_no_snapshot
2026-07-20,2,8,14:16:00,2026-07-19T15:03:09.929052+00:00,2026-07-19T15:03:09.929052+00:00,2026-08-05T02:15:06.580491+00:00,2026-07-19T15:03:41.117789+00:00,6,SAFE-B,pre_close_creation_but_later_update_or_no_snapshot
2026-07-20,2,9,14:48:00,2026-07-19T15:03:09.929052+00:00,2026-07-19T15:03:09.929052+00:00,2026-08-05T02:15:06.580491+00:00,2026-07-19T15:03:41.117789+00:00,6,SAFE-B,pre_close_creation_but_later_update_or_no_snapshot
2026-07-20,2,10,15:21:00,2026-07-19T15:03:09.929052+00:00,2026-07-19T15:03:09.929052+00:00,2026-08-05T02:15:06.580491+00:00,2026-07-19T15:03:41.117789+00:00,6,SAFE-B,pre_close_creation_but_later_update_or_no_snapshot
2026-07-20,2,11,15:55:00,2026-07-19T15:03:09.929052+00:00,2026-07-19T15:03:09.929052+00:00,2026-08-05T02:15:06.580491+00:00,2026-07-19T15:03:41.117789+00:00,6,SAFE-B,pre_close_creation_but_later_update_or_no_snapshot
2026-07-20,2,12,16:30:00,2026-07-19T15:03:09.929052+00:00,2026-07-19T15:03:09.929052+00:00,2026-08-05T02:15:06.580491+00:00,2026-07-19T15:03:41.117789+00:00,6,SAFE-B,pre_close_creation_but_later_update_or_no_snapshot
2026-07-20,4,1,11:55:00,2026-07-19T15:03:09.929052+00:00,2026-07-19T15:03:09.929052+00:00,2026-08-05T02:15:06.580491+00:00,2026-07-19T15:03:41.117789+00:00,6,SAFE-B,pre_close_creation_but_later_update_or_no_snapshot
2026-07-20,4,2,12:24:00,2026-07-19T15:03:09.929052+00:00,2026-07-19T15:03:09.929052+00:00,2026-08-05T02:15:07.68786+00:00,2026-07-19T15:03:41.117789+00:00,6,SAFE-B,pre_close_creation_but_later_update_or_no_snapshot
2026-07-20,4,3,12:54:00,2026-07-19T15:03:09.929052+00:00,2026-07-19T15:03:09.929052+00:00,2026-08-05T02:15:06.580491+00:00,2026-07-19T15:03:41.117789+00:00,6,SAFE-B,pre_close_creation_but_later_update_or_no_snapshot
2026-07-20,4,4,13:25:00,2026-07-19T15:03:09.929052+00:00,2026-07-19T15:03:09.929052+00:00,2026-08-05T02:15:07.68786+00:00,2026-07-19T15:03:41.117789+00:00,6,SAFE-B,pre_close_creation_but_later_update_or_no_snapshot
2026-07-20,4,5,13:55:00,2026-07-19T15:03:09.929052+00:00,2026-07-19T15:03:09.929052+00:00,2026-08-05T02:15:06.580491+00:00,2026-07-19T15:03:41.117789+00:00,6,SAFE-B,pre_close_creation_but_later_update_or_no_snapshot
2026-07-20,4,6,14:28:00,2026-07-19T15:03:09.929052+00:00,2026-07-19T15:03:09.929052+00:00,2026-08-05T02:15:07.68786+00:00,2026-07-19T15:03:41.117789+00:00,6,SAFE-B,pre_close_creation_but_later_update_or_no_snapshot
2026-07-20,4,7,15:00:00,2026-07-19T15:03:09.929052+00:00,2026-07-19T15:03:09.929052+00:00,2026-08-05T02:15:06.580491+00:00,2026-07-19T15:03:41.117789+00:00,6,SAFE-B,pre_close_creation_but_later_update_or_no_snapshot
2026-07-20,4,8,15:32:00,2026-07-19T15:03:09.929052+00:00,2026-07-19T15:03:09.929052+00:00,2026-08-05T02:15:06.580491+00:00,2026-07-19T15:03:41.117789+00:00,6,SAFE-B,pre_close_creation_but_later_update_or_no_snapshot
2026-07-20,4,9,16:05:00,2026-07-19T15:03:09.929052+00:00,2026-07-19T15:03:09.929052+00:00,2026-08-05T02:15:08.444519+00:00,2026-07-19T15:03:41.117789+00:00,6,SAFE-B,pre_close_creation_but_later_update_or_no_snapshot
2026-07-20,4,10,16:37:00,2026-07-19T15:03:09.929052+00:00,2026-07-19T15:03:09.929052+00:00,2026-08-05T02:15:07.68786+00:00,2026-07-19T15:03:41.117789+00:00,6,SAFE-B,pre_close_creation_but_later_update_or_no_snapshot
2026-07-20,4,11,17:08:00,2026-07-19T15:03:09.929052+00:00,2026-07-19T15:03:09.929052+00:00,2026-08-05T02:15:07.68786+00:00,2026-07-19T15:03:41.117789+00:00,6,SAFE-B,pre_close_creation_but_later_update_or_no_snapshot
2026-07-20,4,12,17:42:00,2026-07-19T15:03:09.929052+00:00,2026-07-19T15:03:09.929052+00:00,2026-08-05T02:15:06.580491+00:00,2026-07-19T15:03:41.117789+00:00,6,SAFE-B,pre_close_creation_but_later_update_or_no_snapshot
2026-07-20,5,1,11:33:00,2026-07-19T15:03:09.929052+00:00,2026-07-19T15:03:09.929052+00:00,2026-08-05T02:15:06.580491+00:00,2026-07-19T15:03:41.117789+00:00,6,SAFE-B,pre_close_creation_but_later_update_or_no_snapshot
2026-07-20,5,2,12:03:00,2026-07-19T15:03:09.929052+00:00,2026-07-19T15:03:09.929052+00:00,2026-08-05T02:15:07.68786+00:00,2026-07-19T15:03:41.117789+00:00,6,SAFE-B,pre_close_creation_but_later_update_or_no_snapshot
2026-07-20,5,3,12:31:00,2026-07-19T15:03:09.929052+00:00,2026-07-19T15:03:09.929052+00:00,2026-08-05T02:15:06.580491+00:00,2026-07-19T15:03:41.117789+00:00,6,SAFE-B,pre_close_creation_but_later_update_or_no_snapshot
2026-07-20,5,4,13:03:00,2026-07-19T15:03:09.929052+00:00,2026-07-19T15:03:09.929052+00:00,2026-08-05T02:15:06.580491+00:00,2026-07-19T15:03:41.117789+00:00,6,SAFE-B,pre_close_creation_but_later_update_or_no_snapshot
2026-07-20,5,5,13:32:00,2026-07-19T15:03:09.929052+00:00,2026-07-19T15:03:09.929052+00:00,2026-08-05T02:15:06.580491+00:00,2026-07-19T15:03:41.117789+00:00,6,SAFE-B,pre_close_creation_but_later_update_or_no_snapshot
2026-07-20,5,6,14:04:00,2026-07-19T15:03:09.929052+00:00,2026-07-19T15:03:09.929052+00:00,2026-08-05T02:15:06.580491+00:00,2026-07-19T15:03:41.117789+00:00,6,SAFE-B,pre_close_creation_but_later_update_or_no_snapshot
2026-07-20,5,7,14:35:00,2026-07-19T15:03:09.929052+00:00,2026-07-19T15:03:09.929052+00:00,2026-08-05T02:15:06.580491+00:00,2026-07-19T15:03:41.117789+00:00,6,SAFE-B,pre_close_creation_but_later_update_or_no_snapshot
2026-07-20,5,8,15:05:00,2026-07-19T15:03:09.929052+00:00,2026-07-19T15:03:09.929052+00:00,2026-08-05T02:15:06.580491+00:00,2026-07-19T15:03:41.117789+00:00,6,SAFE-B,pre_close_creation_but_later_update_or_no_snapshot
2026-07-20,5,9,15:38:00,2026-07-19T15:03:09.929052+00:00,2026-07-19T15:03:09.929052+00:00,2026-08-05T02:15:06.580491+00:00,2026-07-19T15:03:41.117789+00:00,6,SAFE-B,pre_close_creation_but_later_update_or_no_snapshot
2026-07-20,5,10,16:14:00,2026-07-19T15:03:09.929052+00:00,2026-07-19T15:03:09.929052+00:00,2026-08-05T02:15:06.580491+00:00,2026-07-19T15:03:41.117789+00:00,6,SAFE-B,pre_close_creation_but_later_update_or_no_snapshot
2026-07-20,5,11,16:48:00,2026-07-19T15:03:09.929052+00:00,2026-07-19T15:03:09.929052+00:00,2026-08-05T02:15:06.580491+00:00,2026-07-19T15:03:41.117789+00:00,6,SAFE-B,pre_close_creation_but_later_update_or_no_snapshot
2026-07-20,5,12,17:20:00,2026-07-19T15:03:09.929052+00:00,2026-07-19T15:03:09.929052+00:00,2026-08-05T02:15:06.580491+00:00,2026-07-19T15:03:41.117789+00:00,6,SAFE-B,pre_close_creation_but_later_update_or_no_snapshot
2026-07-20,9,1,10:33:00,2026-07-19T15:03:09.929052+00:00,2026-07-19T15:03:09.929052+00:00,2026-08-05T02:15:07.68786+00:00,2026-07-19T15:03:41.117789+00:00,6,SAFE-B,pre_close_creation_but_later_update_or_no_snapshot
2026-07-20,9,2,11:04:00,2026-07-19T15:03:09.929052+00:00,2026-07-19T15:03:09.929052+00:00,2026-08-05T02:15:07.68786+00:00,2026-07-19T15:03:41.117789+00:00,6,SAFE-B,pre_close_creation_but_later_update_or_no_snapshot
2026-07-20,9,3,11:36:00,2026-07-19T15:03:09.929052+00:00,2026-07-19T15:03:09.929052+00:00,2026-08-05T02:15:07.68786+00:00,2026-07-19T15:03:41.117789+00:00,6,SAFE-B,pre_close_creation_but_later_update_or_no_snapshot
2026-07-20,9,4,12:08:00,2026-07-19T15:03:09.929052+00:00,2026-07-19T15:03:09.929052+00:00,2026-08-05T02:15:06.580491+00:00,2026-07-19T15:03:41.117789+00:00,6,SAFE-B,pre_close_creation_but_later_update_or_no_snapshot
2026-07-20,9,5,12:38:00,2026-07-19T15:03:09.929052+00:00,2026-07-19T15:03:09.929052+00:00,2026-08-05T02:15:06.580491+00:00,2026-07-19T15:03:41.117789+00:00,6,SAFE-B,pre_close_creation_but_later_update_or_no_snapshot
2026-07-20,9,6,13:09:00,2026-07-19T15:03:09.929052+00:00,2026-07-19T15:03:09.929052+00:00,2026-08-05T02:15:07.68786+00:00,2026-07-19T15:03:41.117789+00:00,6,SAFE-B,pre_close_creation_but_later_update_or_no_snapshot
2026-07-20,9,7,13:40:00,2026-07-19T15:03:09.929052+00:00,2026-07-19T15:03:09.929052+00:00,2026-08-05T02:15:06.580491+00:00,2026-07-19T15:03:41.117789+00:00,6,SAFE-B,pre_close_creation_but_later_update_or_no_snapshot
2026-07-20,9,8,14:12:00,2026-07-19T15:03:09.929052+00:00,2026-07-19T15:03:09.929052+00:00,2026-08-05T02:15:07.68786+00:00,2026-07-19T15:03:41.117789+00:00,6,SAFE-B,pre_close_creation_but_later_update_or_no_snapshot
2026-07-20,9,9,14:44:00,2026-07-19T15:03:09.929052+00:00,2026-07-19T15:03:09.929052+00:00,2026-08-05T02:15:07.68786+00:00,2026-07-19T15:03:41.117789+00:00,6,SAFE-B,pre_close_creation_but_later_update_or_no_snapshot
2026-07-20,9,10,15:16:00,2026-07-19T15:03:09.929052+00:00,2026-07-19T15:03:09.929052+00:00,2026-08-05T02:15:06.580491+00:00,2026-07-19T15:03:41.117789+00:00,6,SAFE-B,pre_close_creation_but_later_update_or_no_snapshot
2026-07-20,9,11,15:49:00,2026-07-19T15:03:09.929052+00:00,2026-07-19T15:03:09.929052+00:00,2026-08-05T02:15:06.580491+00:00,2026-07-19T15:03:41.117789+00:00,6,SAFE-B,pre_close_creation_but_later_update_or_no_snapshot
2026-07-20,9,12,16:25:00,2026-07-19T15:03:09.929052+00:00,2026-07-19T15:03:09.929052+00:00,2026-08-05T02:15:07.68786+00:00,2026-07-19T15:03:41.117789+00:00,6,SAFE-B,pre_close_creation_but_later_update_or_no_snapshot
2026-07-20,10,1,08:32:00,2026-07-19T15:03:09.929052+00:00,2026-07-19T15:03:09.929052+00:00,2026-08-05T02:15:06.580491+00:00,2026-07-19T15:03:41.117789+00:00,6,SAFE-B,pre_close_creation_but_later_update_or_no_snapshot
2026-07-20,10,2,08:58:00,2026-07-19T15:03:09.929052+00:00,2026-07-19T15:03:09.929052+00:00,2026-08-05T02:15:06.580491+00:00,2026-07-19T15:03:41.117789+00:00,6,SAFE-B,pre_close_creation_but_later_update_or_no_snapshot
2026-07-20,10,3,09:24:00,2026-07-19T15:03:09.929052+00:00,2026-07-19T15:03:09.929052+00:00,2026-08-05T02:15:06.580491+00:00,2026-07-19T15:03:41.117789+00:00,6,SAFE-B,pre_close_creation_but_later_update_or_no_snapshot
2026-07-20,10,4,09:50:00,2026-07-19T15:03:09.929052+00:00,2026-07-19T15:03:09.929052+00:00,2026-08-05T02:15:06.580491+00:00,2026-07-19T15:03:41.117789+00:00,6,SAFE-B,pre_close_creation_but_later_update_or_no_snapshot
2026-07-20,10,5,10:18:00,2026-07-19T15:03:09.929052+00:00,2026-07-19T15:03:09.929052+00:00,2026-08-05T02:15:07.68786+00:00,2026-07-19T15:03:41.117789+00:00,6,SAFE-B,pre_close_creation_but_later_update_or_no_snapshot
2026-07-20,10,6,10:50:00,2026-07-19T15:03:09.929052+00:00,2026-07-19T15:03:09.929052+00:00,2026-08-05T02:15:06.580491+00:00,2026-07-19T15:03:41.117789+00:00,6,SAFE-B,pre_close_creation_but_later_update_or_no_snapshot
2026-07-20,10,7,11:19:00,2026-07-19T15:03:09.929052+00:00,2026-07-19T15:03:09.929052+00:00,2026-08-05T02:15:06.580491+00:00,2026-07-19T15:03:41.117789+00:00,6,SAFE-B,pre_close_creation_but_later_update_or_no_snapshot
2026-07-20,10,8,11:48:00,2026-07-19T15:03:09.929052+00:00,2026-07-19T15:03:09.929052+00:00,2026-08-05T02:15:06.580491+00:00,2026-07-19T15:03:41.117789+00:00,6,SAFE-B,pre_close_creation_but_later_update_or_no_snapshot
2026-07-20,10,9,12:19:00,2026-07-19T15:03:09.929052+00:00,2026-07-19T15:03:09.929052+00:00,2026-08-05T02:15:06.580491+00:00,2026-07-19T15:03:41.117789+00:00,6,SAFE-B,pre_close_creation_but_later_update_or_no_snapshot
2026-07-20,10,10,12:52:00,2026-07-19T15:03:09.929052+00:00,2026-07-19T15:03:09.929052+00:00,2026-08-05T02:15:06.580491+00:00,2026-07-19T15:03:41.117789+00:00,6,SAFE-B,pre_close_creation_but_later_update_or_no_snapshot
2026-07-20,10,11,13:28:00,2026-07-19T15:03:09.929052+00:00,2026-07-19T15:03:09.929052+00:00,2026-08-05T02:15:07.68786+00:00,2026-07-19T15:03:41.117789+00:00,6,SAFE-B,pre_close_creation_but_later_update_or_no_snapshot
2026-07-20,10,12,14:02:00,2026-07-19T15:03:09.929052+00:00,2026-07-19T15:03:09.929052+00:00,2026-08-05T02:15:07.68786+00:00,2026-07-19T15:03:41.117789+00:00,6,SAFE-B,pre_close_creation_but_later_update_or_no_snapshot
2026-07-20,11,1,10:44:00,2026-07-19T15:03:09.929052+00:00,2026-07-19T15:03:09.929052+00:00,2026-08-05T02:15:06.580491+00:00,2026-07-19T15:03:41.117789+00:00,6,SAFE-B,pre_close_creation_but_later_update_or_no_snapshot
2026-07-20,11,2,11:26:00,2026-07-19T15:03:09.929052+00:00,2026-07-19T15:03:09.929052+00:00,2026-08-05T02:15:06.580491+00:00,2026-07-19T15:03:41.117789+00:00,6,SAFE-B,pre_close_creation_but_later_update_or_no_snapshot
2026-07-20,11,3,11:58:00,2026-07-19T15:03:09.929052+00:00,2026-07-19T15:03:09.929052+00:00,2026-08-05T02:15:06.580491+00:00,2026-07-19T15:03:41.117789+00:00,6,SAFE-B,pre_close_creation_but_later_update_or_no_snapshot
2026-07-20,11,4,12:28:00,2026-07-19T15:03:09.929052+00:00,2026-07-19T15:03:09.929052+00:00,2026-08-05T02:15:06.580491+00:00,2026-07-19T15:03:41.117789+00:00,6,SAFE-B,pre_close_creation_but_later_update_or_no_snapshot
2026-07-20,11,5,12:57:00,2026-07-19T15:03:09.929052+00:00,2026-07-19T15:03:09.929052+00:00,2026-08-05T02:15:07.68786+00:00,2026-07-19T15:03:41.117789+00:00,6,SAFE-B,pre_close_creation_but_later_update_or_no_snapshot
2026-07-20,11,6,13:23:00,2026-07-19T15:03:09.929052+00:00,2026-07-19T15:03:09.929052+00:00,2026-08-05T02:15:06.580491+00:00,2026-07-19T15:03:41.117789+00:00,6,SAFE-B,pre_close_creation_but_later_update_or_no_snapshot
2026-07-20,11,7,13:50:00,2026-07-19T15:03:09.929052+00:00,2026-07-19T15:03:09.929052+00:00,2026-08-05T02:15:06.580491+00:00,2026-07-19T15:03:41.117789+00:00,6,SAFE-B,pre_close_creation_but_later_update_or_no_snapshot
2026-07-20,11,8,14:20:00,2026-07-19T15:03:09.929052+00:00,2026-07-19T15:03:09.929052+00:00,2026-08-05T02:15:07.68786+00:00,2026-07-19T15:03:41.117789+00:00,6,SAFE-B,pre_close_creation_but_later_update_or_no_snapshot
2026-07-20,11,9,14:52:00,2026-07-19T15:03:09.929052+00:00,2026-07-19T15:03:09.929052+00:00,2026-08-05T02:15:06.580491+00:00,2026-07-19T15:03:41.117789+00:00,6,SAFE-B,pre_close_creation_but_later_update_or_no_snapshot
2026-07-20,11,10,15:19:00,2026-07-19T15:03:09.929052+00:00,2026-07-19T15:03:09.929052+00:00,2026-08-05T02:15:07.68786+00:00,2026-07-19T15:03:41.117789+00:00,6,SAFE-B,pre_close_creation_but_later_update_or_no_snapshot
2026-07-20,11,11,16:01:00,2026-07-19T15:03:09.929052+00:00,2026-07-19T15:03:09.929052+00:00,2026-08-05T02:15:07.68786+00:00,2026-07-19T15:03:41.117789+00:00,6,SAFE-B,pre_close_creation_but_later_update_or_no_snapshot
2026-07-20,11,12,16:36:00,2026-07-19T15:03:09.929052+00:00,2026-07-19T15:03:09.929052+00:00,2026-08-05T02:15:07.68786+00:00,2026-07-19T15:03:41.117789+00:00,6,SAFE-B,pre_close_creation_but_later_update_or_no_snapshot
2026-07-20,12,1,15:27:00,2026-07-19T15:03:09.929052+00:00,2026-07-19T15:03:09.929052+00:00,2026-08-05T02:15:13.49424+00:00,2026-07-19T15:03:41.117789+00:00,6,SAFE-B,pre_close_creation_but_later_update_or_no_snapshot
2026-07-20,12,2,16:03:00,2026-07-19T15:03:09.929052+00:00,2026-07-19T15:03:09.929052+00:00,2026-08-05T02:15:13.49424+00:00,2026-07-19T15:03:41.117789+00:00,6,SAFE-B,pre_close_creation_but_later_update_or_no_snapshot
2026-07-20,12,3,16:31:00,2026-07-19T15:03:09.929052+00:00,2026-07-19T15:03:09.929052+00:00,2026-08-05T02:15:12.753568+00:00,2026-07-19T15:03:41.117789+00:00,6,SAFE-B,pre_close_creation_but_later_update_or_no_snapshot
2026-07-20,12,4,17:00:00,2026-07-19T15:03:09.929052+00:00,2026-07-19T15:03:09.929052+00:00,2026-08-05T02:15:12.753568+00:00,2026-07-19T15:03:41.117789+00:00,6,SAFE-B,pre_close_creation_but_later_update_or_no_snapshot
2026-07-20,12,5,17:24:00,2026-07-19T15:03:09.929052+00:00,2026-07-19T15:03:09.929052+00:00,2026-08-05T02:15:12.753568+00:00,2026-07-19T15:03:41.117789+00:00,6,SAFE-B,pre_close_creation_but_later_update_or_no_snapshot
2026-07-20,12,6,17:49:00,2026-07-19T15:03:09.929052+00:00,2026-07-19T15:03:09.929052+00:00,2026-08-05T02:15:14.812749+00:00,2026-07-19T15:03:41.117789+00:00,6,SAFE-B,pre_close_creation_but_later_update_or_no_snapshot
2026-07-20,12,7,18:14:00,2026-07-19T15:03:09.929052+00:00,2026-07-19T15:03:09.929052+00:00,2026-08-05T02:15:13.49424+00:00,2026-07-19T15:03:41.117789+00:00,6,SAFE-B,pre_close_creation_but_later_update_or_no_snapshot
2026-07-20,12,8,18:39:00,2026-07-19T15:03:09.929052+00:00,2026-07-19T15:03:09.929052+00:00,2026-08-05T02:15:12.753568+00:00,2026-07-19T15:03:41.117789+00:00,6,SAFE-B,pre_close_creation_but_later_update_or_no_snapshot
2026-07-20,12,9,19:05:00,2026-07-19T15:03:09.929052+00:00,2026-07-19T15:03:09.929052+00:00,2026-08-05T02:15:13.49424+00:00,2026-07-19T15:03:41.117789+00:00,6,SAFE-B,pre_close_creation_but_later_update_or_no_snapshot
2026-07-20,12,10,19:31:00,2026-07-19T15:03:09.929052+00:00,2026-07-19T15:03:09.929052+00:00,2026-08-05T02:15:12.753568+00:00,2026-07-19T15:03:41.117789+00:00,6,SAFE-B,pre_close_creation_but_later_update_or_no_snapshot
2026-07-20,12,11,19:59:00,2026-07-19T15:03:09.929052+00:00,2026-07-19T15:03:09.929052+00:00,2026-08-05T02:15:13.49424+00:00,2026-07-19T15:03:41.117789+00:00,6,SAFE-B,pre_close_creation_but_later_update_or_no_snapshot
2026-07-20,12,12,20:30:00,2026-07-19T15:03:09.929052+00:00,2026-07-19T15:03:10.3297+00:00,2026-08-05T02:15:12.753568+00:00,2026-07-19T15:03:41.117789+00:00,6,SAFE-B,pre_close_creation_but_later_update_or_no_snapshot
2026-07-20,15,1,15:25:00,2026-07-19T15:03:10.3297+00:00,2026-07-19T15:03:10.3297+00:00,2026-08-05T02:15:06.580491+00:00,2026-07-19T15:03:41.117789+00:00,6,SAFE-B,pre_close_creation_but_later_update_or_no_snapshot
2026-07-20,15,2,15:59:00,2026-07-19T15:03:10.3297+00:00,2026-07-19T15:03:10.3297+00:00,2026-08-05T02:15:06.580491+00:00,2026-07-19T15:03:41.117789+00:00,6,SAFE-B,pre_close_creation_but_later_update_or_no_snapshot
2026-07-20,15,3,16:34:00,2026-07-19T15:03:10.3297+00:00,2026-07-19T15:03:10.3297+00:00,2026-08-05T02:15:06.580491+00:00,2026-07-19T15:03:41.117789+00:00,6,SAFE-B,pre_close_creation_but_later_update_or_no_snapshot
2026-07-20,15,4,17:06:00,2026-07-19T15:03:10.3297+00:00,2026-07-19T15:03:10.3297+00:00,2026-08-05T02:15:06.580491+00:00,2026-07-19T15:03:41.117789+00:00,6,SAFE-B,pre_close_creation_but_later_update_or_no_snapshot
2026-07-20,15,5,17:31:00,2026-07-19T15:03:10.3297+00:00,2026-07-19T15:03:10.3297+00:00,2026-08-05T02:15:06.580491+00:00,2026-07-19T15:03:41.117789+00:00,6,SAFE-B,pre_close_creation_but_later_update_or_no_snapshot
2026-07-20,15,6,17:56:00,2026-07-19T15:03:10.3297+00:00,2026-07-19T15:03:10.3297+00:00,2026-08-05T02:15:06.580491+00:00,2026-07-19T15:03:41.117789+00:00,6,SAFE-B,pre_close_creation_but_later_update_or_no_snapshot
2026-07-20,15,7,18:21:00,2026-07-19T15:03:10.3297+00:00,2026-07-19T15:03:10.3297+00:00,2026-08-05T02:15:06.580491+00:00,2026-07-19T15:03:41.117789+00:00,6,SAFE-B,pre_close_creation_but_later_update_or_no_snapshot
2026-07-20,15,8,18:46:00,2026-07-19T15:03:10.3297+00:00,2026-07-19T15:03:10.3297+00:00,2026-08-05T02:15:06.580491+00:00,2026-07-19T15:03:41.117789+00:00,6,SAFE-B,pre_close_creation_but_later_update_or_no_snapshot
2026-07-20,15,9,19:12:00,2026-07-19T15:03:10.3297+00:00,2026-07-19T15:03:10.3297+00:00,2026-08-05T02:15:06.580491+00:00,2026-07-19T15:03:41.117789+00:00,6,SAFE-B,pre_close_creation_but_later_update_or_no_snapshot
2026-07-20,15,10,19:38:00,2026-07-19T15:03:10.3297+00:00,2026-07-19T15:03:10.3297+00:00,2026-08-05T02:15:06.580491+00:00,2026-07-19T15:03:41.117789+00:00,6,SAFE-B,pre_close_creation_but_later_update_or_no_snapshot
2026-07-20,15,11,20:06:00,2026-07-19T15:03:10.3297+00:00,2026-07-19T15:03:10.3297+00:00,2026-08-05T02:15:06.580491+00:00,2026-07-19T15:03:41.117789+00:00,6,SAFE-B,pre_close_creation_but_later_update_or_no_snapshot
2026-07-20,15,12,20:37:00,2026-07-19T15:03:10.3297+00:00,2026-07-19T15:03:10.3297+00:00,2026-08-05T02:15:06.580491+00:00,2026-07-19T15:03:41.117789+00:00,6,SAFE-B,pre_close_creation_but_later_update_or_no_snapshot
2026-07-20,16,1,11:53:00,2026-07-19T15:03:10.3297+00:00,2026-07-19T15:03:10.3297+00:00,2026-08-05T02:15:14.171239+00:00,2026-07-19T15:03:41.117789+00:00,6,SAFE-B,pre_close_creation_but_later_update_or_no_snapshot
2026-07-20,16,2,12:22:00,2026-07-19T15:03:10.3297+00:00,2026-07-19T15:03:10.3297+00:00,2026-08-05T02:15:12.753568+00:00,2026-07-19T15:03:41.117789+00:00,6,SAFE-B,pre_close_creation_but_later_update_or_no_snapshot
2026-07-20,16,3,12:50:00,2026-07-19T15:03:10.3297+00:00,2026-07-19T15:03:10.3297+00:00,2026-08-05T02:15:12.753568+00:00,2026-07-19T15:03:41.117789+00:00,6,SAFE-B,pre_close_creation_but_later_update_or_no_snapshot
2026-07-20,16,4,13:21:00,2026-07-19T15:03:10.3297+00:00,2026-07-19T15:03:10.3297+00:00,2026-08-05T02:15:12.753568+00:00,2026-07-19T15:03:41.117789+00:00,6,SAFE-B,pre_close_creation_but_later_update_or_no_snapshot
2026-07-20,16,5,13:59:00,2026-07-19T15:03:10.3297+00:00,2026-07-19T15:03:10.3297+00:00,2026-08-05T02:15:12.753568+00:00,2026-07-19T15:03:41.117789+00:00,6,SAFE-B,pre_close_creation_but_later_update_or_no_snapshot
2026-07-20,16,6,14:34:00,2026-07-19T15:03:10.3297+00:00,2026-07-19T15:03:10.3297+00:00,2026-08-05T02:15:14.171239+00:00,2026-07-19T15:03:41.117789+00:00,6,SAFE-B,pre_close_creation_but_later_update_or_no_snapshot
2026-07-20,16,7,15:13:00,2026-07-19T15:03:10.3297+00:00,2026-07-19T15:03:10.3297+00:00,2026-08-05T02:15:12.753568+00:00,2026-07-19T15:03:41.117789+00:00,6,SAFE-B,pre_close_creation_but_later_update_or_no_snapshot
2026-07-20,16,8,15:47:00,2026-07-19T15:03:10.3297+00:00,2026-07-19T15:03:10.3297+00:00,2026-08-05T02:15:13.49424+00:00,2026-07-19T15:03:41.117789+00:00,6,SAFE-B,pre_close_creation_but_later_update_or_no_snapshot
2026-07-20,16,9,16:18:00,2026-07-19T15:03:10.3297+00:00,2026-07-19T15:03:10.3297+00:00,2026-08-05T02:15:12.753568+00:00,2026-07-19T15:03:41.117789+00:00,6,SAFE-B,pre_close_creation_but_later_update_or_no_snapshot
2026-07-20,16,10,16:46:00,2026-07-19T15:03:10.3297+00:00,2026-07-19T15:03:10.3297+00:00,2026-08-05T02:15:13.49424+00:00,2026-07-19T15:03:41.117789+00:00,6,SAFE-B,pre_close_creation_but_later_update_or_no_snapshot
2026-07-20,16,11,17:16:00,2026-07-19T15:03:10.3297+00:00,2026-07-19T15:03:10.3297+00:00,2026-08-05T02:15:14.171239+00:00,2026-07-19T15:03:41.117789+00:00,6,SAFE-B,pre_close_creation_but_later_update_or_no_snapshot
2026-07-20,16,12,17:50:00,2026-07-19T15:03:10.3297+00:00,2026-07-19T15:03:10.3297+00:00,2026-08-05T02:15:12.753568+00:00,2026-07-19T15:03:41.117789+00:00,6,SAFE-B,pre_close_creation_but_later_update_or_no_snapshot
2026-07-20,18,1,08:44:00,2026-07-19T15:03:10.3297+00:00,2026-07-19T15:03:10.3297+00:00,2026-08-05T02:15:09.89563+00:00,2026-07-19T15:03:41.117789+00:00,6,SAFE-B,pre_close_creation_but_later_update_or_no_snapshot
2026-07-20,18,2,09:10:00,2026-07-19T15:03:10.3297+00:00,2026-07-19T15:03:10.3297+00:00,2026-08-05T02:15:11.24838+00:00,2026-07-19T15:03:41.117789+00:00,6,SAFE-B,pre_close_creation_but_later_update_or_no_snapshot
2026-07-20,18,3,09:36:00,2026-07-19T15:03:10.3297+00:00,2026-07-19T15:03:10.3297+00:00,2026-08-05T02:15:11.24838+00:00,2026-07-19T15:03:41.117789+00:00,6,SAFE-B,pre_close_creation_but_later_update_or_no_snapshot
2026-07-20,18,4,10:02:00,2026-07-19T15:03:10.3297+00:00,2026-07-19T15:03:10.3297+00:00,2026-08-05T02:15:10.584574+00:00,2026-07-19T15:03:41.117789+00:00,6,SAFE-B,pre_close_creation_but_later_update_or_no_snapshot
2026-07-20,18,5,10:30:00,2026-07-19T15:03:10.3297+00:00,2026-07-19T15:03:10.3297+00:00,2026-08-05T02:15:11.24838+00:00,2026-07-19T15:03:41.117789+00:00,6,SAFE-B,pre_close_creation_but_later_update_or_no_snapshot
2026-07-20,18,6,10:59:00,2026-07-19T15:03:10.3297+00:00,2026-07-19T15:03:10.3297+00:00,2026-08-05T02:15:09.89563+00:00,2026-07-19T15:03:41.117789+00:00,6,SAFE-B,pre_close_creation_but_later_update_or_no_snapshot
2026-07-20,18,7,11:30:00,2026-07-19T15:03:10.3297+00:00,2026-07-19T15:03:10.3297+00:00,2026-08-05T02:15:09.89563+00:00,2026-07-19T15:03:41.117789+00:00,6,SAFE-B,pre_close_creation_but_later_update_or_no_snapshot
2026-07-20,18,8,12:01:00,2026-07-19T15:03:10.3297+00:00,2026-07-19T15:03:10.3297+00:00,2026-08-05T02:15:09.89563+00:00,2026-07-19T15:03:41.117789+00:00,6,SAFE-B,pre_close_creation_but_later_update_or_no_snapshot
2026-07-20,18,9,12:34:00,2026-07-19T15:03:10.3297+00:00,2026-07-19T15:03:10.3297+00:00,2026-08-05T02:15:11.24838+00:00,2026-07-19T15:03:41.117789+00:00,6,SAFE-B,pre_close_creation_but_later_update_or_no_snapshot
2026-07-20,18,10,13:06:00,2026-07-19T15:03:10.3297+00:00,2026-07-19T15:03:10.3297+00:00,2026-08-05T02:15:11.24838+00:00,2026-07-19T15:03:41.117789+00:00,6,SAFE-B,pre_close_creation_but_later_update_or_no_snapshot
2026-07-20,18,11,13:38:00,2026-07-19T15:03:10.3297+00:00,2026-07-19T15:03:10.3297+00:00,2026-08-05T02:15:10.584574+00:00,2026-07-19T15:03:41.117789+00:00,6,SAFE-B,pre_close_creation_but_later_update_or_no_snapshot
2026-07-20,18,12,14:14:00,2026-07-19T15:03:10.3297+00:00,2026-07-19T15:03:10.3297+00:00,2026-08-05T02:15:11.24838+00:00,2026-07-19T15:03:41.117789+00:00,6,SAFE-B,pre_close_creation_but_later_update_or_no_snapshot
2026-07-20,19,1,15:30:00,2026-07-19T15:03:10.3297+00:00,2026-07-19T15:03:10.3297+00:00,2026-08-05T02:15:06.580491+00:00,2026-07-19T15:03:41.117789+00:00,6,SAFE-B,pre_close_creation_but_later_update_or_no_snapshot
2026-07-20,19,2,16:06:00,2026-07-19T15:03:10.3297+00:00,2026-07-19T15:03:10.3297+00:00,2026-08-05T02:15:06.580491+00:00,2026-07-19T15:03:41.117789+00:00,6,SAFE-B,pre_close_creation_but_later_update_or_no_snapshot
2026-07-20,19,3,16:42:00,2026-07-19T15:03:10.3297+00:00,2026-07-19T15:03:10.3297+00:00,2026-08-05T02:15:06.580491+00:00,2026-07-19T15:03:41.117789+00:00,6,SAFE-B,pre_close_creation_but_later_update_or_no_snapshot
2026-07-20,19,4,17:18:00,2026-07-19T15:03:10.3297+00:00,2026-07-19T15:03:10.3297+00:00,2026-08-05T02:15:06.580491+00:00,2026-07-19T15:03:41.117789+00:00,6,SAFE-B,pre_close_creation_but_later_update_or_no_snapshot
2026-07-20,19,5,17:43:00,2026-07-19T15:03:10.3297+00:00,2026-07-19T15:03:10.3297+00:00,2026-08-05T02:15:06.580491+00:00,2026-07-19T15:03:41.117789+00:00,6,SAFE-B,pre_close_creation_but_later_update_or_no_snapshot
2026-07-20,19,6,18:08:00,2026-07-19T15:03:10.3297+00:00,2026-07-19T15:03:10.3297+00:00,2026-08-05T02:15:06.580491+00:00,2026-07-19T15:03:41.117789+00:00,6,SAFE-B,pre_close_creation_but_later_update_or_no_snapshot
2026-07-20,19,7,18:33:00,2026-07-19T15:03:10.3297+00:00,2026-07-19T15:03:10.3297+00:00,2026-08-05T02:15:06.580491+00:00,2026-07-19T15:03:41.117789+00:00,6,SAFE-B,pre_close_creation_but_later_update_or_no_snapshot
2026-07-20,19,8,18:58:00,2026-07-19T15:03:10.3297+00:00,2026-07-19T15:03:10.3297+00:00,2026-08-05T02:15:06.580491+00:00,2026-07-19T15:03:41.117789+00:00,6,SAFE-B,pre_close_creation_but_later_update_or_no_snapshot
2026-07-20,19,9,19:24:00,2026-07-19T15:03:10.3297+00:00,2026-07-19T15:03:10.3297+00:00,2026-08-05T02:15:06.580491+00:00,2026-07-19T15:03:41.117789+00:00,6,SAFE-B,pre_close_creation_but_later_update_or_no_snapshot
2026-07-20,19,10,19:50:00,2026-07-19T15:03:10.3297+00:00,2026-07-19T15:03:10.3297+00:00,2026-08-05T02:15:06.580491+00:00,2026-07-19T15:03:41.117789+00:00,6,SAFE-B,pre_close_creation_but_later_update_or_no_snapshot
2026-07-20,19,11,20:17:00,2026-07-19T15:03:10.3297+00:00,2026-07-19T15:03:10.3297+00:00,2026-08-05T02:15:06.580491+00:00,2026-07-19T15:03:41.117789+00:00,6,SAFE-B,pre_close_creation_but_later_update_or_no_snapshot
2026-07-20,19,12,20:45:00,2026-07-19T15:03:10.3297+00:00,2026-07-19T15:03:10.3297+00:00,2026-08-05T02:15:06.580491+00:00,2026-07-19T15:03:41.117789+00:00,6,SAFE-B,pre_close_creation_but_later_update_or_no_snapshot
2026-07-20,20,1,15:20:00,2026-07-19T15:03:10.3297+00:00,2026-07-19T15:03:10.3297+00:00,2026-08-05T02:15:06.580491+00:00,2026-07-19T15:03:41.117789+00:00,6,SAFE-B,pre_close_creation_but_later_update_or_no_snapshot
2026-07-20,20,2,16:10:00,2026-07-19T15:03:10.3297+00:00,2026-07-19T15:03:10.3297+00:00,2026-08-05T02:15:06.580491+00:00,2026-07-19T15:03:41.117789+00:00,6,SAFE-B,pre_close_creation_but_later_update_or_no_snapshot
2026-07-20,20,3,16:39:00,2026-07-19T15:03:10.3297+00:00,2026-07-19T15:03:10.3297+00:00,2026-08-05T02:15:06.580491+00:00,2026-07-19T15:03:41.117789+00:00,6,SAFE-B,pre_close_creation_but_later_update_or_no_snapshot
2026-07-20,20,4,17:12:00,2026-07-19T15:03:10.3297+00:00,2026-07-19T15:03:10.3297+00:00,2026-08-05T02:15:07.68786+00:00,2026-07-19T15:03:41.117789+00:00,6,SAFE-B,pre_close_creation_but_later_update_or_no_snapshot
2026-07-20,20,5,17:37:00,2026-07-19T15:03:10.3297+00:00,2026-07-19T15:03:10.3297+00:00,2026-08-05T02:15:06.580491+00:00,2026-07-19T15:03:41.117789+00:00,6,SAFE-B,pre_close_creation_but_later_update_or_no_snapshot
2026-07-20,20,6,18:02:00,2026-07-19T15:03:10.3297+00:00,2026-07-19T15:03:10.3297+00:00,2026-08-05T02:15:06.580491+00:00,2026-07-19T15:03:41.117789+00:00,6,SAFE-B,pre_close_creation_but_later_update_or_no_snapshot
2026-07-20,20,7,18:27:00,2026-07-19T15:03:10.3297+00:00,2026-07-19T15:03:10.3297+00:00,2026-08-05T02:15:06.580491+00:00,2026-07-19T15:03:41.117789+00:00,6,SAFE-B,pre_close_creation_but_later_update_or_no_snapshot
2026-07-20,20,8,18:52:00,2026-07-19T15:03:10.3297+00:00,2026-07-19T15:03:10.3297+00:00,2026-08-05T02:15:06.580491+00:00,2026-07-19T15:03:41.117789+00:00,6,SAFE-B,pre_close_creation_but_later_update_or_no_snapshot
2026-07-20,20,9,19:18:00,2026-07-19T15:03:10.3297+00:00,2026-07-19T15:03:10.3297+00:00,2026-08-05T02:15:06.580491+00:00,2026-07-19T15:03:41.117789+00:00,6,SAFE-B,pre_close_creation_but_later_update_or_no_snapshot
2026-07-20,20,10,19:44:00,2026-07-19T15:03:10.3297+00:00,2026-07-19T15:03:10.3297+00:00,2026-08-05T02:15:07.68786+00:00,2026-07-19T15:03:41.117789+00:00,6,SAFE-B,pre_close_creation_but_later_update_or_no_snapshot
2026-07-20,20,11,20:11:00,2026-07-19T15:03:10.3297+00:00,2026-07-19T15:03:10.3297+00:00,2026-08-05T02:15:07.68786+00:00,2026-07-19T15:03:41.117789+00:00,6,SAFE-B,pre_close_creation_but_later_update_or_no_snapshot
2026-07-20,20,12,20:41:00,2026-07-19T15:03:10.3297+00:00,2026-07-19T15:03:10.3297+00:00,2026-08-05T02:15:07.68786+00:00,2026-07-19T15:03:41.117789+00:00,6,SAFE-B,pre_close_creation_but_later_update_or_no_snapshot
2026-07-20,22,1,12:17:00,2026-07-19T15:03:10.3297+00:00,2026-07-19T15:03:10.3297+00:00,2026-08-05T02:15:07.68786+00:00,2026-07-19T15:03:41.117789+00:00,6,SAFE-B,pre_close_creation_but_later_update_or_no_snapshot
2026-07-20,22,2,12:47:00,2026-07-19T15:03:10.3297+00:00,2026-07-19T15:03:10.3297+00:00,2026-08-05T02:15:06.580491+00:00,2026-07-19T15:03:41.117789+00:00,6,SAFE-B,pre_close_creation_but_later_update_or_no_snapshot
2026-07-20,22,3,13:18:00,2026-07-19T15:03:10.3297+00:00,2026-07-19T15:03:10.3297+00:00,2026-08-05T02:15:07.68786+00:00,2026-07-19T15:03:41.117789+00:00,6,SAFE-B,pre_close_creation_but_later_update_or_no_snapshot
2026-07-20,22,4,13:48:00,2026-07-19T15:03:10.3297+00:00,2026-07-19T15:03:10.3297+00:00,2026-08-05T02:15:07.68786+00:00,2026-07-19T15:03:41.117789+00:00,6,SAFE-B,pre_close_creation_but_later_update_or_no_snapshot
2026-07-20,22,5,14:24:00,2026-07-19T15:03:10.3297+00:00,2026-07-19T15:03:10.3297+00:00,2026-08-05T02:15:06.580491+00:00,2026-07-19T15:03:41.117789+00:00,6,SAFE-B,pre_close_creation_but_later_update_or_no_snapshot
2026-07-20,22,6,14:56:00,2026-07-19T15:03:10.3297+00:00,2026-07-19T15:03:10.3297+00:00,2026-08-05T02:15:06.580491+00:00,2026-07-19T15:03:41.117789+00:00,6,SAFE-B,pre_close_creation_but_later_update_or_no_snapshot
2026-07-20,22,7,15:23:00,2026-07-19T15:03:10.3297+00:00,2026-07-19T15:03:10.3297+00:00,2026-08-05T02:15:06.580491+00:00,2026-07-19T15:03:41.117789+00:00,6,SAFE-B,pre_close_creation_but_later_update_or_no_snapshot
2026-07-20,22,8,15:54:00,2026-07-19T15:03:10.3297+00:00,2026-07-19T15:03:10.3297+00:00,2026-08-05T02:15:06.580491+00:00,2026-07-19T15:03:41.117789+00:00,6,SAFE-B,pre_close_creation_but_later_update_or_no_snapshot
2026-07-20,22,9,16:20:00,2026-07-19T15:03:10.3297+00:00,2026-07-19T15:03:10.3297+00:00,2026-08-05T02:15:06.580491+00:00,2026-07-19T15:03:41.117789+00:00,6,SAFE-B,pre_close_creation_but_later_update_or_no_snapshot
2026-07-20,22,10,16:54:00,2026-07-19T15:03:10.3297+00:00,2026-07-19T15:03:10.3297+00:00,2026-08-05T02:15:07.68786+00:00,2026-07-19T15:03:41.117789+00:00,6,SAFE-B,pre_close_creation_but_later_update_or_no_snapshot
2026-07-20,22,11,17:28:00,2026-07-19T15:03:10.3297+00:00,2026-07-19T15:03:10.3297+00:00,2026-08-05T02:15:07.68786+00:00,2026-07-19T15:03:41.117789+00:00,6,SAFE-B,pre_close_creation_but_later_update_or_no_snapshot
2026-07-20,22,12,18:00:00,2026-07-19T15:03:10.3297+00:00,2026-07-19T15:03:10.3297+00:00,2026-08-05T02:15:06.580491+00:00,2026-07-19T15:03:41.117789+00:00,6,SAFE-B,pre_close_creation_but_later_update_or_no_snapshot
2026-07-21,4,1,11:55:00,2026-07-20T15:03:09.05159+00:00,2026-07-20T15:03:09.05159+00:00,2026-08-05T02:16:00.109847+00:00,2026-07-20T15:03:40.651265+00:00,6,SAFE-B,pre_close_creation_but_later_update_or_no_snapshot
2026-07-21,4,2,12:24:00,2026-07-20T15:03:09.05159+00:00,2026-07-20T15:03:09.05159+00:00,2026-08-05T02:16:00.109847+00:00,2026-07-20T15:03:40.651265+00:00,6,SAFE-B,pre_close_creation_but_later_update_or_no_snapshot
2026-07-21,4,3,12:54:00,2026-07-20T15:03:09.05159+00:00,2026-07-20T15:03:09.05159+00:00,2026-08-05T02:16:00.109847+00:00,2026-07-20T15:03:40.651265+00:00,6,SAFE-B,pre_close_creation_but_later_update_or_no_snapshot
2026-07-21,4,4,13:25:00,2026-07-20T15:03:09.05159+00:00,2026-07-20T15:03:09.05159+00:00,2026-08-05T02:15:59.277318+00:00,2026-07-20T15:03:40.651265+00:00,6,SAFE-B,pre_close_creation_but_later_update_or_no_snapshot
2026-07-21,4,5,13:55:00,2026-07-20T15:03:09.05159+00:00,2026-07-20T15:03:09.05159+00:00,2026-08-05T02:16:00.854039+00:00,2026-07-20T15:03:40.651265+00:00,6,SAFE-B,pre_close_creation_but_later_update_or_no_snapshot
2026-07-21,4,6,14:28:00,2026-07-20T15:03:09.05159+00:00,2026-07-20T15:03:09.05159+00:00,2026-08-05T02:16:00.854039+00:00,2026-07-20T15:03:40.651265+00:00,6,SAFE-B,pre_close_creation_but_later_update_or_no_snapshot
2026-07-21,4,7,15:00:00,2026-07-20T15:03:09.05159+00:00,2026-07-20T15:03:09.05159+00:00,2026-08-05T02:16:00.854039+00:00,2026-07-20T15:03:40.651265+00:00,6,SAFE-B,pre_close_creation_but_later_update_or_no_snapshot
2026-07-21,4,8,15:32:00,2026-07-20T15:03:09.05159+00:00,2026-07-20T15:03:09.05159+00:00,2026-08-05T02:16:00.109847+00:00,2026-07-20T15:03:40.651265+00:00,6,SAFE-B,pre_close_creation_but_later_update_or_no_snapshot
2026-07-21,4,9,16:05:00,2026-07-20T15:03:09.05159+00:00,2026-07-20T15:03:09.05159+00:00,2026-08-05T02:16:00.109847+00:00,2026-07-20T15:03:40.651265+00:00,6,SAFE-B,pre_close_creation_but_later_update_or_no_snapshot
2026-07-21,4,10,16:37:00,2026-07-20T15:03:09.05159+00:00,2026-07-20T15:03:09.05159+00:00,2026-08-05T02:16:00.109847+00:00,2026-07-20T15:03:40.651265+00:00,6,SAFE-B,pre_close_creation_but_later_update_or_no_snapshot
2026-07-21,4,11,17:08:00,2026-07-20T15:03:09.05159+00:00,2026-07-20T15:03:09.05159+00:00,2026-08-05T02:16:00.854039+00:00,2026-07-20T15:03:40.651265+00:00,6,SAFE-B,pre_close_creation_but_later_update_or_no_snapshot
2026-07-21,4,12,17:42:00,2026-07-20T15:03:09.05159+00:00,2026-07-20T15:03:09.05159+00:00,2026-08-05T02:15:59.277318+00:00,2026-07-20T15:03:40.651265+00:00,6,SAFE-B,pre_close_creation_but_later_update_or_no_snapshot
2026-07-21,5,1,11:33:00,2026-07-20T15:03:09.05159+00:00,2026-07-20T15:03:09.05159+00:00,2026-08-05T02:16:00.109847+00:00,2026-07-20T15:03:40.651265+00:00,6,SAFE-B,pre_close_creation_but_later_update_or_no_snapshot
2026-07-21,5,2,12:03:00,2026-07-20T15:03:09.05159+00:00,2026-07-20T15:03:09.05159+00:00,2026-08-05T02:16:00.854039+00:00,2026-07-20T15:03:40.651265+00:00,6,SAFE-B,pre_close_creation_but_later_update_or_no_snapshot
2026-07-21,5,3,12:31:00,2026-07-20T15:03:09.05159+00:00,2026-07-20T15:03:09.05159+00:00,2026-08-05T02:15:59.277318+00:00,2026-07-20T15:03:40.651265+00:00,6,SAFE-B,pre_close_creation_but_later_update_or_no_snapshot
2026-07-21,5,4,13:03:00,2026-07-20T15:03:09.05159+00:00,2026-07-20T15:03:09.05159+00:00,2026-08-05T02:16:00.109847+00:00,2026-07-20T15:03:40.651265+00:00,6,SAFE-B,pre_close_creation_but_later_update_or_no_snapshot
2026-07-21,5,5,13:32:00,2026-07-20T15:03:09.05159+00:00,2026-07-20T15:03:09.05159+00:00,2026-08-05T02:16:00.854039+00:00,2026-07-20T15:03:40.651265+00:00,6,SAFE-B,pre_close_creation_but_later_update_or_no_snapshot
2026-07-21,5,6,14:04:00,2026-07-20T15:03:09.05159+00:00,2026-07-20T15:03:09.05159+00:00,2026-08-05T02:15:59.277318+00:00,2026-07-20T15:03:40.651265+00:00,6,SAFE-B,pre_close_creation_but_later_update_or_no_snapshot
2026-07-21,5,7,14:35:00,2026-07-20T15:03:09.05159+00:00,2026-07-20T15:03:09.05159+00:00,2026-08-05T02:15:59.277318+00:00,2026-07-20T15:03:40.651265+00:00,6,SAFE-B,pre_close_creation_but_later_update_or_no_snapshot
2026-07-21,5,8,15:05:00,2026-07-20T15:03:09.05159+00:00,2026-07-20T15:03:09.05159+00:00,2026-08-05T02:15:59.277318+00:00,2026-07-20T15:03:40.651265+00:00,6,SAFE-B,pre_close_creation_but_later_update_or_no_snapshot
2026-07-21,5,9,15:38:00,2026-07-20T15:03:09.05159+00:00,2026-07-20T15:03:09.05159+00:00,2026-08-05T02:15:59.277318+00:00,2026-07-20T15:03:40.651265+00:00,6,SAFE-B,pre_close_creation_but_later_update_or_no_snapshot
2026-07-21,5,10,16:14:00,2026-07-20T15:03:09.05159+00:00,2026-07-20T15:03:09.05159+00:00,2026-08-05T02:16:00.109847+00:00,2026-07-20T15:03:40.651265+00:00,6,SAFE-B,pre_close_creation_but_later_update_or_no_snapshot
2026-07-21,5,11,16:48:00,2026-07-20T15:03:09.05159+00:00,2026-07-20T15:03:09.05159+00:00,2026-08-05T02:15:59.277318+00:00,2026-07-20T15:03:40.651265+00:00,6,SAFE-B,pre_close_creation_but_later_update_or_no_snapshot
2026-07-21,5,12,17:20:00,2026-07-20T15:03:09.05159+00:00,2026-07-20T15:03:09.05159+00:00,2026-08-05T02:16:00.109847+00:00,2026-07-20T15:03:40.651265+00:00,6,SAFE-B,pre_close_creation_but_later_update_or_no_snapshot
2026-07-21,9,1,10:33:00,2026-07-20T15:03:09.05159+00:00,2026-07-20T15:03:09.05159+00:00,2026-08-05T02:15:59.277318+00:00,2026-07-20T15:03:40.651265+00:00,6,SAFE-B,pre_close_creation_but_later_update_or_no_snapshot
2026-07-21,9,2,11:04:00,2026-07-20T15:03:09.05159+00:00,2026-07-20T15:03:09.05159+00:00,2026-08-05T02:16:00.854039+00:00,2026-07-20T15:03:40.651265+00:00,6,SAFE-B,pre_close_creation_but_later_update_or_no_snapshot
2026-07-21,9,3,11:36:00,2026-07-20T15:03:09.05159+00:00,2026-07-20T15:03:09.05159+00:00,2026-08-05T02:15:59.277318+00:00,2026-07-20T15:03:40.651265+00:00,6,SAFE-B,pre_close_creation_but_later_update_or_no_snapshot
2026-07-21,9,4,12:08:00,2026-07-20T15:03:09.05159+00:00,2026-07-20T15:03:09.05159+00:00,2026-08-05T02:15:59.277318+00:00,2026-07-20T15:03:40.651265+00:00,6,SAFE-B,pre_close_creation_but_later_update_or_no_snapshot
2026-07-21,9,5,12:38:00,2026-07-20T15:03:09.05159+00:00,2026-07-20T15:03:09.05159+00:00,2026-08-05T02:16:01.517522+00:00,2026-07-20T15:03:40.651265+00:00,6,SAFE-B,pre_close_creation_but_later_update_or_no_snapshot
2026-07-21,9,6,13:09:00,2026-07-20T15:03:09.05159+00:00,2026-07-20T15:03:09.05159+00:00,2026-08-05T02:15:59.277318+00:00,2026-07-20T15:03:40.651265+00:00,6,SAFE-B,pre_close_creation_but_later_update_or_no_snapshot
2026-07-21,9,7,13:40:00,2026-07-20T15:03:09.05159+00:00,2026-07-20T15:03:09.05159+00:00,2026-08-05T02:15:59.277318+00:00,2026-07-20T15:03:40.651265+00:00,6,SAFE-B,pre_close_creation_but_later_update_or_no_snapshot
2026-07-21,9,8,14:12:00,2026-07-20T15:03:09.05159+00:00,2026-07-20T15:03:09.05159+00:00,2026-08-05T02:16:00.854039+00:00,2026-07-20T15:03:40.651265+00:00,6,SAFE-B,pre_close_creation_but_later_update_or_no_snapshot
2026-07-21,9,9,14:44:00,2026-07-20T15:03:09.05159+00:00,2026-07-20T15:03:09.05159+00:00,2026-08-05T02:15:59.277318+00:00,2026-07-20T15:03:40.651265+00:00,6,SAFE-B,pre_close_creation_but_later_update_or_no_snapshot
2026-07-21,9,10,15:16:00,2026-07-20T15:03:09.05159+00:00,2026-07-20T15:03:09.05159+00:00,2026-08-05T02:16:00.109847+00:00,2026-07-20T15:03:40.651265+00:00,6,SAFE-B,pre_close_creation_but_later_update_or_no_snapshot
2026-07-21,9,11,15:49:00,2026-07-20T15:03:09.05159+00:00,2026-07-20T15:03:09.05159+00:00,2026-08-05T02:15:59.277318+00:00,2026-07-20T15:03:40.651265+00:00,6,SAFE-B,pre_close_creation_but_later_update_or_no_snapshot
2026-07-21,9,12,16:25:00,2026-07-20T15:03:09.05159+00:00,2026-07-20T15:03:09.05159+00:00,2026-08-05T02:16:00.109847+00:00,2026-07-20T15:03:40.651265+00:00,6,SAFE-B,pre_close_creation_but_later_update_or_no_snapshot
2026-07-21,10,1,08:32:00,2026-07-20T15:03:09.05159+00:00,2026-07-20T15:03:09.05159+00:00,2026-08-05T02:16:00.854039+00:00,2026-07-20T15:03:40.651265+00:00,6,SAFE-B,pre_close_creation_but_later_update_or_no_snapshot
2026-07-21,10,2,08:58:00,2026-07-20T15:03:09.05159+00:00,2026-07-20T15:03:09.05159+00:00,2026-08-05T02:16:00.854039+00:00,2026-07-20T15:03:40.651265+00:00,6,SAFE-B,pre_close_creation_but_later_update_or_no_snapshot
2026-07-21,10,3,09:24:00,2026-07-20T15:03:09.05159+00:00,2026-07-20T15:03:09.05159+00:00,2026-08-05T02:16:00.854039+00:00,2026-07-20T15:03:40.651265+00:00,6,SAFE-B,pre_close_creation_but_later_update_or_no_snapshot
2026-07-21,10,4,09:50:00,2026-07-20T15:03:09.05159+00:00,2026-07-20T15:03:09.05159+00:00,2026-08-05T02:15:59.277318+00:00,2026-07-20T15:03:40.651265+00:00,6,SAFE-B,pre_close_creation_but_later_update_or_no_snapshot
2026-07-21,10,5,10:18:00,2026-07-20T15:03:09.05159+00:00,2026-07-20T15:03:09.05159+00:00,2026-08-05T02:15:59.277318+00:00,2026-07-20T15:03:40.651265+00:00,6,SAFE-B,pre_close_creation_but_later_update_or_no_snapshot
2026-07-21,10,6,10:46:00,2026-07-20T15:03:09.05159+00:00,2026-07-20T15:03:09.05159+00:00,2026-08-05T02:16:00.109847+00:00,2026-07-20T15:03:40.651265+00:00,6,SAFE-B,pre_close_creation_but_later_update_or_no_snapshot
2026-07-21,10,7,11:15:00,2026-07-20T15:03:09.05159+00:00,2026-07-20T15:03:09.05159+00:00,2026-08-05T02:16:00.109847+00:00,2026-07-20T15:03:40.651265+00:00,6,SAFE-B,pre_close_creation_but_later_update_or_no_snapshot
2026-07-21,10,8,11:45:00,2026-07-20T15:03:09.05159+00:00,2026-07-20T15:03:09.05159+00:00,2026-08-05T02:16:00.854039+00:00,2026-07-20T15:03:40.651265+00:00,6,SAFE-B,pre_close_creation_but_later_update_or_no_snapshot
2026-07-21,10,9,12:19:00,2026-07-20T15:03:09.05159+00:00,2026-07-20T15:03:09.05159+00:00,2026-08-05T02:15:59.277318+00:00,2026-07-20T15:03:40.651265+00:00,6,SAFE-B,pre_close_creation_but_later_update_or_no_snapshot
2026-07-21,10,10,12:51:00,2026-07-20T15:03:09.05159+00:00,2026-07-20T15:03:09.05159+00:00,2026-08-05T02:16:00.854039+00:00,2026-07-20T15:03:40.651265+00:00,6,SAFE-B,pre_close_creation_but_later_update_or_no_snapshot
2026-07-21,10,11,13:27:00,2026-07-20T15:03:09.05159+00:00,2026-07-20T15:03:09.05159+00:00,2026-08-05T02:16:00.854039+00:00,2026-07-20T15:03:40.651265+00:00,6,SAFE-B,pre_close_creation_but_later_update_or_no_snapshot
2026-07-21,10,12,14:02:00,2026-07-20T15:03:09.05159+00:00,2026-07-20T15:03:09.05159+00:00,2026-08-05T02:15:59.277318+00:00,2026-07-20T15:03:40.651265+00:00,6,SAFE-B,pre_close_creation_but_later_update_or_no_snapshot
2026-07-21,11,1,10:43:00,2026-07-20T15:03:09.05159+00:00,2026-07-20T15:03:09.05159+00:00,2026-08-05T02:15:59.277318+00:00,2026-07-20T15:03:40.651265+00:00,6,SAFE-B,pre_close_creation_but_later_update_or_no_snapshot
2026-07-21,11,2,11:24:00,2026-07-20T15:03:09.05159+00:00,2026-07-20T15:03:09.05159+00:00,2026-08-05T02:16:00.109847+00:00,2026-07-20T15:03:40.651265+00:00,6,SAFE-B,pre_close_creation_but_later_update_or_no_snapshot
2026-07-21,11,3,12:04:00,2026-07-20T15:03:09.05159+00:00,2026-07-20T15:03:09.05159+00:00,2026-08-05T02:16:00.854039+00:00,2026-07-20T15:03:40.651265+00:00,6,SAFE-B,pre_close_creation_but_later_update_or_no_snapshot
2026-07-21,11,4,12:29:00,2026-07-20T15:03:09.05159+00:00,2026-07-20T15:03:09.05159+00:00,2026-08-05T02:16:00.109847+00:00,2026-07-20T15:03:40.651265+00:00,6,SAFE-B,pre_close_creation_but_later_update_or_no_snapshot
2026-07-21,11,5,12:57:00,2026-07-20T15:03:09.05159+00:00,2026-07-20T15:03:09.05159+00:00,2026-08-05T02:16:00.109847+00:00,2026-07-20T15:03:40.651265+00:00,6,SAFE-B,pre_close_creation_but_later_update_or_no_snapshot
2026-07-21,11,6,13:22:00,2026-07-20T15:03:09.05159+00:00,2026-07-20T15:03:09.05159+00:00,2026-08-05T02:16:00.854039+00:00,2026-07-20T15:03:40.651265+00:00,6,SAFE-B,pre_close_creation_but_later_update_or_no_snapshot
2026-07-21,11,7,13:50:00,2026-07-20T15:03:09.05159+00:00,2026-07-20T15:03:09.05159+00:00,2026-08-05T02:15:59.277318+00:00,2026-07-20T15:03:40.651265+00:00,6,SAFE-B,pre_close_creation_but_later_update_or_no_snapshot
2026-07-21,11,8,14:23:00,2026-07-20T15:03:09.05159+00:00,2026-07-20T15:03:09.05159+00:00,2026-08-05T02:16:00.109847+00:00,2026-07-20T15:03:40.651265+00:00,6,SAFE-B,pre_close_creation_but_later_update_or_no_snapshot
2026-07-21,11,9,14:49:00,2026-07-20T15:03:09.05159+00:00,2026-07-20T15:03:09.05159+00:00,2026-08-05T02:16:00.109847+00:00,2026-07-20T15:03:40.651265+00:00,6,SAFE-B,pre_close_creation_but_later_update_or_no_snapshot
2026-07-21,11,10,15:19:00,2026-07-20T15:03:09.05159+00:00,2026-07-20T15:03:09.05159+00:00,2026-08-05T02:16:00.109847+00:00,2026-07-20T15:03:40.651265+00:00,6,SAFE-B,pre_close_creation_but_later_update_or_no_snapshot
2026-07-21,11,11,16:01:00,2026-07-20T15:03:09.05159+00:00,2026-07-20T15:03:09.05159+00:00,2026-08-05T02:15:59.277318+00:00,2026-07-20T15:03:40.651265+00:00,6,SAFE-B,pre_close_creation_but_later_update_or_no_snapshot
2026-07-21,11,12,16:36:00,2026-07-20T15:03:09.05159+00:00,2026-07-20T15:03:09.05159+00:00,2026-08-05T02:15:59.277318+00:00,2026-07-20T15:03:40.651265+00:00,6,SAFE-B,pre_close_creation_but_later_update_or_no_snapshot
2026-07-21,12,1,15:27:00,2026-07-20T15:03:09.05159+00:00,2026-07-20T15:03:09.05159+00:00,2026-08-05T02:16:02.932323+00:00,2026-07-20T15:03:40.651265+00:00,6,SAFE-B,pre_close_creation_but_later_update_or_no_snapshot
2026-07-21,12,2,15:56:00,2026-07-20T15:03:09.05159+00:00,2026-07-20T15:03:09.05159+00:00,2026-08-05T02:16:02.255754+00:00,2026-07-20T15:03:40.651265+00:00,6,SAFE-B,pre_close_creation_but_later_update_or_no_snapshot
2026-07-21,12,3,16:31:00,2026-07-20T15:03:09.05159+00:00,2026-07-20T15:03:09.05159+00:00,2026-08-05T02:16:02.255754+00:00,2026-07-20T15:03:40.651265+00:00,6,SAFE-B,pre_close_creation_but_later_update_or_no_snapshot
2026-07-21,12,4,17:00:00,2026-07-20T15:03:09.05159+00:00,2026-07-20T15:03:09.05159+00:00,2026-08-05T02:16:02.255754+00:00,2026-07-20T15:03:40.651265+00:00,6,SAFE-B,pre_close_creation_but_later_update_or_no_snapshot
2026-07-21,12,5,17:24:00,2026-07-20T15:03:09.05159+00:00,2026-07-20T15:03:09.05159+00:00,2026-08-05T02:16:02.255754+00:00,2026-07-20T15:03:40.651265+00:00,6,SAFE-B,pre_close_creation_but_later_update_or_no_snapshot
2026-07-21,12,6,17:49:00,2026-07-20T15:03:09.05159+00:00,2026-07-20T15:03:09.05159+00:00,2026-08-05T02:16:02.255754+00:00,2026-07-20T15:03:40.651265+00:00,6,SAFE-B,pre_close_creation_but_later_update_or_no_snapshot
2026-07-21,12,7,18:14:00,2026-07-20T15:03:09.05159+00:00,2026-07-20T15:03:09.05159+00:00,2026-08-05T02:16:02.255754+00:00,2026-07-20T15:03:40.651265+00:00,6,SAFE-B,pre_close_creation_but_later_update_or_no_snapshot
2026-07-21,12,8,18:39:00,2026-07-20T15:03:09.05159+00:00,2026-07-20T15:03:09.05159+00:00,2026-08-05T02:16:02.255754+00:00,2026-07-20T15:03:40.651265+00:00,6,SAFE-B,pre_close_creation_but_later_update_or_no_snapshot
2026-07-21,12,9,19:05:00,2026-07-20T15:03:09.05159+00:00,2026-07-20T15:03:09.05159+00:00,2026-08-05T02:16:02.932323+00:00,2026-07-20T15:03:40.651265+00:00,6,SAFE-B,pre_close_creation_but_later_update_or_no_snapshot
2026-07-21,12,10,19:31:00,2026-07-20T15:03:09.05159+00:00,2026-07-20T15:03:09.05159+00:00,2026-08-05T02:16:03.612984+00:00,2026-07-20T15:03:40.651265+00:00,6,SAFE-B,pre_close_creation_but_later_update_or_no_snapshot
2026-07-21,12,11,19:59:00,2026-07-20T15:03:09.05159+00:00,2026-07-20T15:03:09.05159+00:00,2026-08-05T02:16:02.255754+00:00,2026-07-20T15:03:40.651265+00:00,6,SAFE-B,pre_close_creation_but_later_update_or_no_snapshot
2026-07-21,12,12,20:30:00,2026-07-20T15:03:09.05159+00:00,2026-07-20T15:03:09.05159+00:00,2026-08-05T02:16:02.932323+00:00,2026-07-20T15:03:40.651265+00:00,6,SAFE-B,pre_close_creation_but_later_update_or_no_snapshot
2026-07-21,15,1,15:25:00,2026-07-20T15:03:09.05159+00:00,2026-07-20T15:03:09.05159+00:00,2026-08-05T02:16:00.109847+00:00,2026-07-20T15:03:40.651265+00:00,6,SAFE-B,pre_close_creation_but_later_update_or_no_snapshot
2026-07-21,15,2,15:59:00,2026-07-20T15:03:09.05159+00:00,2026-07-20T15:03:09.05159+00:00,2026-08-05T02:15:58.139113+00:00,2026-07-20T15:03:40.651265+00:00,6,SAFE-B,pre_close_creation_but_later_update_or_no_snapshot
2026-07-21,15,3,16:34:00,2026-07-20T15:03:09.05159+00:00,2026-07-20T15:03:09.05159+00:00,2026-08-05T02:15:58.139113+00:00,2026-07-20T15:03:40.651265+00:00,6,SAFE-B,pre_close_creation_but_later_update_or_no_snapshot
2026-07-21,15,4,17:06:00,2026-07-20T15:03:09.05159+00:00,2026-07-20T15:03:09.05159+00:00,2026-08-05T02:16:00.109847+00:00,2026-07-20T15:03:40.651265+00:00,6,SAFE-B,pre_close_creation_but_later_update_or_no_snapshot
2026-07-21,15,5,17:31:00,2026-07-20T15:03:09.05159+00:00,2026-07-20T15:03:09.05159+00:00,2026-08-05T02:15:58.139113+00:00,2026-07-20T15:03:40.651265+00:00,6,SAFE-B,pre_close_creation_but_later_update_or_no_snapshot
2026-07-21,15,6,17:56:00,2026-07-20T15:03:09.05159+00:00,2026-07-20T15:03:09.05159+00:00,2026-08-05T02:15:58.139113+00:00,2026-07-20T15:03:40.651265+00:00,6,SAFE-B,pre_close_creation_but_later_update_or_no_snapshot
2026-07-21,15,7,18:21:00,2026-07-20T15:03:09.05159+00:00,2026-07-20T15:03:09.05159+00:00,2026-08-05T02:16:00.109847+00:00,2026-07-20T15:03:40.651265+00:00,6,SAFE-B,pre_close_creation_but_later_update_or_no_snapshot
2026-07-21,15,8,18:46:00,2026-07-20T15:03:09.05159+00:00,2026-07-20T15:03:09.05159+00:00,2026-08-05T02:16:00.109847+00:00,2026-07-20T15:03:40.651265+00:00,6,SAFE-B,pre_close_creation_but_later_update_or_no_snapshot
2026-07-21,15,9,19:12:00,2026-07-20T15:03:09.05159+00:00,2026-07-20T15:03:09.05159+00:00,2026-08-05T02:16:00.109847+00:00,2026-07-20T15:03:40.651265+00:00,6,SAFE-B,pre_close_creation_but_later_update_or_no_snapshot
2026-07-21,15,10,19:38:00,2026-07-20T15:03:09.05159+00:00,2026-07-20T15:03:09.05159+00:00,2026-08-05T02:15:58.139113+00:00,2026-07-20T15:03:40.651265+00:00,6,SAFE-B,pre_close_creation_but_later_update_or_no_snapshot
2026-07-21,15,11,20:06:00,2026-07-20T15:03:09.05159+00:00,2026-07-20T15:03:09.05159+00:00,2026-08-05T02:16:00.109847+00:00,2026-07-20T15:03:40.651265+00:00,6,SAFE-B,pre_close_creation_but_later_update_or_no_snapshot
2026-07-21,15,12,20:37:00,2026-07-20T15:03:09.05159+00:00,2026-07-20T15:03:09.57374+00:00,2026-08-05T02:16:00.109847+00:00,2026-07-20T15:03:40.651265+00:00,6,SAFE-B,pre_close_creation_but_later_update_or_no_snapshot
2026-07-21,16,1,11:49:00,2026-07-20T15:03:09.57374+00:00,2026-07-20T15:03:09.57374+00:00,2026-08-05T02:16:04.390425+00:00,2026-07-20T15:03:40.651265+00:00,6,SAFE-B,pre_close_creation_but_later_update_or_no_snapshot
2026-07-21,16,2,12:15:00,2026-07-20T15:03:09.57374+00:00,2026-07-20T15:03:09.57374+00:00,2026-08-05T02:16:04.390425+00:00,2026-07-20T15:03:40.651265+00:00,6,SAFE-B,pre_close_creation_but_later_update_or_no_snapshot
2026-07-21,16,3,12:49:00,2026-07-20T15:03:09.57374+00:00,2026-07-20T15:03:09.57374+00:00,2026-08-05T02:16:03.612984+00:00,2026-07-20T15:03:40.651265+00:00,6,SAFE-B,pre_close_creation_but_later_update_or_no_snapshot
2026-07-21,16,4,13:20:00,2026-07-20T15:03:09.57374+00:00,2026-07-20T15:03:09.57374+00:00,2026-08-05T02:16:04.390425+00:00,2026-07-20T15:03:40.651265+00:00,6,SAFE-B,pre_close_creation_but_later_update_or_no_snapshot
2026-07-21,16,5,13:53:00,2026-07-20T15:03:09.57374+00:00,2026-07-20T15:03:09.57374+00:00,2026-08-05T02:16:03.612984+00:00,2026-07-20T15:03:40.651265+00:00,6,SAFE-B,pre_close_creation_but_later_update_or_no_snapshot
2026-07-21,16,6,14:33:00,2026-07-20T15:03:09.57374+00:00,2026-07-20T15:03:09.57374+00:00,2026-08-05T02:16:04.390425+00:00,2026-07-20T15:03:40.651265+00:00,6,SAFE-B,pre_close_creation_but_later_update_or_no_snapshot
2026-07-21,16,7,15:13:00,2026-07-20T15:03:09.57374+00:00,2026-07-20T15:03:09.57374+00:00,2026-08-05T02:16:03.612984+00:00,2026-07-20T15:03:40.651265+00:00,6,SAFE-B,pre_close_creation_but_later_update_or_no_snapshot
2026-07-21,16,8,15:45:00,2026-07-20T15:03:09.57374+00:00,2026-07-20T15:03:09.57374+00:00,2026-08-05T02:16:04.390425+00:00,2026-07-20T15:03:40.651265+00:00,6,SAFE-B,pre_close_creation_but_later_update_or_no_snapshot
2026-07-21,16,9,16:13:00,2026-07-20T15:03:09.57374+00:00,2026-07-20T15:03:09.57374+00:00,2026-08-05T02:16:03.612984+00:00,2026-07-20T15:03:40.651265+00:00,6,SAFE-B,pre_close_creation_but_later_update_or_no_snapshot
2026-07-21,16,10,16:46:00,2026-07-20T15:03:09.57374+00:00,2026-07-20T15:03:09.57374+00:00,2026-08-05T02:16:03.612984+00:00,2026-07-20T15:03:40.651265+00:00,6,SAFE-B,pre_close_creation_but_later_update_or_no_snapshot
2026-07-21,16,11,17:16:00,2026-07-20T15:03:09.57374+00:00,2026-07-20T15:03:09.57374+00:00,2026-08-05T02:16:03.612984+00:00,2026-07-20T15:03:40.651265+00:00,6,SAFE-B,pre_close_creation_but_later_update_or_no_snapshot
2026-07-21,16,12,17:50:00,2026-07-20T15:03:09.57374+00:00,2026-07-20T15:03:09.57374+00:00,2026-08-05T02:16:03.612984+00:00,2026-07-20T15:03:40.651265+00:00,6,SAFE-B,pre_close_creation_but_later_update_or_no_snapshot
2026-07-21,19,1,15:30:00,2026-07-20T15:03:09.57374+00:00,2026-07-20T15:03:09.57374+00:00,2026-08-05T02:16:00.854039+00:00,2026-07-20T15:03:40.651265+00:00,6,SAFE-B,pre_close_creation_but_later_update_or_no_snapshot
2026-07-21,19,2,16:06:00,2026-07-20T15:03:09.57374+00:00,2026-07-20T15:03:09.57374+00:00,2026-08-05T02:16:00.854039+00:00,2026-07-20T15:03:40.651265+00:00,6,SAFE-B,pre_close_creation_but_later_update_or_no_snapshot
2026-07-21,19,3,16:42:00,2026-07-20T15:03:09.57374+00:00,2026-07-20T15:03:09.57374+00:00,2026-08-05T02:15:59.277318+00:00,2026-07-20T15:03:40.651265+00:00,6,SAFE-B,pre_close_creation_but_later_update_or_no_snapshot
2026-07-21,19,4,17:18:00,2026-07-20T15:03:09.57374+00:00,2026-07-20T15:03:09.57374+00:00,2026-08-05T02:16:00.109847+00:00,2026-07-20T15:03:40.651265+00:00,6,SAFE-B,pre_close_creation_but_later_update_or_no_snapshot
2026-07-21,19,5,17:43:00,2026-07-20T15:03:09.57374+00:00,2026-07-20T15:03:09.57374+00:00,2026-08-05T02:15:59.277318+00:00,2026-07-20T15:03:40.651265+00:00,6,SAFE-B,pre_close_creation_but_later_update_or_no_snapshot
2026-07-21,19,6,18:08:00,2026-07-20T15:03:09.57374+00:00,2026-07-20T15:03:09.57374+00:00,2026-08-05T02:16:00.109847+00:00,2026-07-20T15:03:40.651265+00:00,6,SAFE-B,pre_close_creation_but_later_update_or_no_snapshot
2026-07-21,19,7,18:33:00,2026-07-20T15:03:09.57374+00:00,2026-07-20T15:03:09.57374+00:00,2026-08-05T02:15:59.277318+00:00,2026-07-20T15:03:40.651265+00:00,6,SAFE-B,pre_close_creation_but_later_update_or_no_snapshot
2026-07-21,19,8,18:58:00,2026-07-20T15:03:09.57374+00:00,2026-07-20T15:03:09.57374+00:00,2026-08-05T02:15:59.277318+00:00,2026-07-20T15:03:40.651265+00:00,6,SAFE-B,pre_close_creation_but_later_update_or_no_snapshot
2026-07-21,19,9,19:24:00,2026-07-20T15:03:09.57374+00:00,2026-07-20T15:03:09.57374+00:00,2026-08-05T02:15:59.277318+00:00,2026-07-20T15:03:40.651265+00:00,6,SAFE-B,pre_close_creation_but_later_update_or_no_snapshot
2026-07-21,19,10,19:50:00,2026-07-20T15:03:09.57374+00:00,2026-07-20T15:03:09.57374+00:00,2026-08-05T02:15:59.277318+00:00,2026-07-20T15:03:40.651265+00:00,6,SAFE-B,pre_close_creation_but_later_update_or_no_snapshot
2026-07-21,19,11,20:17:00,2026-07-20T15:03:09.57374+00:00,2026-07-20T15:03:09.57374+00:00,2026-08-05T02:15:59.277318+00:00,2026-07-20T15:03:40.651265+00:00,6,SAFE-B,pre_close_creation_but_later_update_or_no_snapshot
2026-07-21,19,12,20:45:00,2026-07-20T15:03:09.57374+00:00,2026-07-20T15:03:09.57374+00:00,2026-08-05T02:16:00.109847+00:00,2026-07-20T15:03:40.651265+00:00,6,SAFE-B,pre_close_creation_but_later_update_or_no_snapshot
2026-07-21,20,1,15:21:00,2026-07-20T15:03:09.57374+00:00,2026-07-20T15:03:09.57374+00:00,2026-08-05T02:16:00.854039+00:00,2026-07-20T15:03:40.651265+00:00,6,SAFE-B,pre_close_creation_but_later_update_or_no_snapshot
2026-07-21,20,2,16:03:00,2026-07-20T15:03:09.57374+00:00,2026-07-20T15:03:09.57374+00:00,2026-08-05T02:16:00.854039+00:00,2026-07-20T15:03:40.651265+00:00,6,SAFE-B,pre_close_creation_but_later_update_or_no_snapshot
2026-07-21,20,3,16:39:00,2026-07-20T15:03:09.57374+00:00,2026-07-20T15:03:09.57374+00:00,2026-08-05T02:16:00.109847+00:00,2026-07-20T15:03:40.651265+00:00,6,SAFE-B,pre_close_creation_but_later_update_or_no_snapshot
2026-07-21,20,4,17:12:00,2026-07-20T15:03:09.57374+00:00,2026-07-20T15:03:09.57374+00:00,2026-08-05T02:15:59.277318+00:00,2026-07-20T15:03:40.651265+00:00,6,SAFE-B,pre_close_creation_but_later_update_or_no_snapshot
2026-07-21,20,5,17:37:00,2026-07-20T15:03:09.57374+00:00,2026-07-20T15:03:09.57374+00:00,2026-08-05T02:16:00.109847+00:00,2026-07-20T15:03:40.651265+00:00,6,SAFE-B,pre_close_creation_but_later_update_or_no_snapshot
2026-07-21,20,6,18:02:00,2026-07-20T15:03:09.57374+00:00,2026-07-20T15:03:09.57374+00:00,2026-08-05T02:15:59.277318+00:00,2026-07-20T15:03:40.651265+00:00,6,SAFE-B,pre_close_creation_but_later_update_or_no_snapshot
2026-07-21,20,7,18:27:00,2026-07-20T15:03:09.57374+00:00,2026-07-20T15:03:09.57374+00:00,2026-08-05T02:15:59.277318+00:00,2026-07-20T15:03:40.651265+00:00,6,SAFE-B,pre_close_creation_but_later_update_or_no_snapshot
2026-07-21,20,8,18:52:00,2026-07-20T15:03:09.57374+00:00,2026-07-20T15:03:09.57374+00:00,2026-08-05T02:15:59.277318+00:00,2026-07-20T15:03:40.651265+00:00,6,SAFE-B,pre_close_creation_but_later_update_or_no_snapshot
2026-07-21,20,9,19:18:00,2026-07-20T15:03:09.57374+00:00,2026-07-20T15:03:09.57374+00:00,2026-08-05T02:15:59.277318+00:00,2026-07-20T15:03:40.651265+00:00,6,SAFE-B,pre_close_creation_but_later_update_or_no_snapshot
2026-07-21,20,10,19:44:00,2026-07-20T15:03:09.57374+00:00,2026-07-20T15:03:09.57374+00:00,2026-08-05T02:16:00.854039+00:00,2026-07-20T15:03:40.651265+00:00,6,SAFE-B,pre_close_creation_but_later_update_or_no_snapshot
2026-07-21,20,11,20:11:00,2026-07-20T15:03:09.57374+00:00,2026-07-20T15:03:09.57374+00:00,2026-08-05T02:15:59.277318+00:00,2026-07-20T15:03:40.651265+00:00,6,SAFE-B,pre_close_creation_but_later_update_or_no_snapshot
2026-07-21,20,12,20:41:00,2026-07-20T15:03:09.57374+00:00,2026-07-20T15:03:09.57374+00:00,2026-08-05T02:16:00.854039+00:00,2026-07-20T15:03:40.651265+00:00,6,SAFE-B,pre_close_creation_but_later_update_or_no_snapshot
2026-07-21,22,1,12:17:00,2026-07-20T15:03:09.57374+00:00,2026-07-20T15:03:09.57374+00:00,2026-08-05T02:16:00.854039+00:00,2026-07-20T15:03:40.651265+00:00,6,SAFE-B,pre_close_creation_but_later_update_or_no_snapshot
2026-07-21,22,2,12:44:00,2026-07-20T15:03:09.57374+00:00,2026-07-20T15:03:09.57374+00:00,2026-08-05T02:16:00.854039+00:00,2026-07-20T15:03:40.651265+00:00,6,SAFE-B,pre_close_creation_but_later_update_or_no_snapshot
2026-07-21,22,3,13:14:00,2026-07-20T15:03:09.57374+00:00,2026-07-20T15:03:09.57374+00:00,2026-08-05T02:15:59.277318+00:00,2026-07-20T15:03:40.651265+00:00,6,SAFE-B,pre_close_creation_but_later_update_or_no_snapshot
2026-07-21,22,4,13:45:00,2026-07-20T15:03:09.57374+00:00,2026-07-20T15:03:09.57374+00:00,2026-08-05T02:16:00.854039+00:00,2026-07-20T15:03:40.651265+00:00,6,SAFE-B,pre_close_creation_but_later_update_or_no_snapshot
2026-07-21,22,5,14:17:00,2026-07-20T15:03:09.57374+00:00,2026-07-20T15:03:09.57374+00:00,2026-08-05T02:16:00.854039+00:00,2026-07-20T15:03:40.651265+00:00,6,SAFE-B,pre_close_creation_but_later_update_or_no_snapshot
2026-07-21,22,6,14:54:00,2026-07-20T15:03:09.57374+00:00,2026-07-20T15:03:09.57374+00:00,2026-08-05T02:16:00.854039+00:00,2026-07-20T15:03:40.651265+00:00,6,SAFE-B,pre_close_creation_but_later_update_or_no_snapshot
2026-07-21,22,7,15:23:00,2026-07-20T15:03:09.57374+00:00,2026-07-20T15:03:09.57374+00:00,2026-08-05T02:16:00.854039+00:00,2026-07-20T15:03:40.651265+00:00,6,SAFE-B,pre_close_creation_but_later_update_or_no_snapshot
2026-07-21,22,8,15:54:00,2026-07-20T15:03:09.57374+00:00,2026-07-20T15:03:09.57374+00:00,2026-08-05T02:16:00.854039+00:00,2026-07-20T15:03:40.651265+00:00,6,SAFE-B,pre_close_creation_but_later_update_or_no_snapshot
2026-07-21,22,9,16:20:00,2026-07-20T15:03:09.57374+00:00,2026-07-20T15:03:09.57374+00:00,2026-08-05T02:16:00.109847+00:00,2026-07-20T15:03:40.651265+00:00,6,SAFE-B,pre_close_creation_but_later_update_or_no_snapshot
2026-07-21,22,10,16:54:00,2026-07-20T15:03:09.57374+00:00,2026-07-20T15:03:09.57374+00:00,2026-08-05T02:16:00.854039+00:00,2026-07-20T15:03:40.651265+00:00,6,SAFE-B,pre_close_creation_but_later_update_or_no_snapshot
2026-07-21,22,11,17:28:00,2026-07-20T15:03:09.57374+00:00,2026-07-20T15:03:09.57374+00:00,2026-08-05T02:16:00.854039+00:00,2026-07-20T15:03:40.651265+00:00,6,SAFE-B,pre_close_creation_but_later_update_or_no_snapshot
2026-07-21,22,12,18:00:00,2026-07-20T15:03:09.57374+00:00,2026-07-20T15:03:09.57374+00:00,2026-08-05T02:15:59.277318+00:00,2026-07-20T15:03:40.651265+00:00,6,SAFE-B,pre_close_creation_but_later_update_or_no_snapshot
2026-07-21,23,1,08:44:00,2026-07-20T15:03:09.57374+00:00,2026-07-20T15:03:09.57374+00:00,2026-08-05T02:15:58.139113+00:00,2026-07-20T15:03:40.651265+00:00,6,SAFE-B,pre_close_creation_but_later_update_or_no_snapshot
2026-07-21,23,2,09:10:00,2026-07-20T15:03:09.57374+00:00,2026-07-20T15:03:09.57374+00:00,2026-08-05T02:15:58.139113+00:00,2026-07-20T15:03:40.651265+00:00,6,SAFE-B,pre_close_creation_but_later_update_or_no_snapshot
2026-07-21,23,3,09:36:00,2026-07-20T15:03:09.57374+00:00,2026-07-20T15:03:09.57374+00:00,2026-08-05T02:15:58.139113+00:00,2026-07-20T15:03:40.651265+00:00,6,SAFE-B,pre_close_creation_but_later_update_or_no_snapshot
2026-07-21,23,4,10:02:00,2026-07-20T15:03:09.57374+00:00,2026-07-20T15:03:09.57374+00:00,2026-08-05T02:16:00.109847+00:00,2026-07-20T15:03:40.651265+00:00,6,SAFE-B,pre_close_creation_but_later_update_or_no_snapshot
2026-07-21,23,5,10:30:00,2026-07-20T15:03:09.57374+00:00,2026-07-20T15:03:09.57374+00:00,2026-08-05T02:15:58.139113+00:00,2026-07-20T15:03:40.651265+00:00,6,SAFE-B,pre_close_creation_but_later_update_or_no_snapshot
2026-07-21,23,6,10:59:00,2026-07-20T15:03:09.57374+00:00,2026-07-20T15:03:09.57374+00:00,2026-08-05T02:15:58.139113+00:00,2026-07-20T15:03:40.651265+00:00,6,SAFE-B,pre_close_creation_but_later_update_or_no_snapshot
2026-07-21,23,7,11:29:00,2026-07-20T15:03:09.57374+00:00,2026-07-20T15:03:09.57374+00:00,2026-08-05T02:15:58.139113+00:00,2026-07-20T15:03:40.651265+00:00,6,SAFE-B,pre_close_creation_but_later_update_or_no_snapshot
2026-07-21,23,8,11:58:00,2026-07-20T15:03:09.57374+00:00,2026-07-20T15:03:09.57374+00:00,2026-08-05T02:15:58.139113+00:00,2026-07-20T15:03:40.651265+00:00,6,SAFE-B,pre_close_creation_but_later_update_or_no_snapshot
2026-07-21,23,9,12:27:00,2026-07-20T15:03:09.57374+00:00,2026-07-20T15:03:09.57374+00:00,2026-08-05T02:15:58.139113+00:00,2026-07-20T15:03:40.651265+00:00,6,SAFE-B,pre_close_creation_but_later_update_or_no_snapshot
2026-07-21,23,10,13:01:00,2026-07-20T15:03:09.57374+00:00,2026-07-20T15:03:09.57374+00:00,2026-08-05T02:15:58.139113+00:00,2026-07-20T15:03:40.651265+00:00,6,SAFE-B,pre_close_creation_but_later_update_or_no_snapshot
2026-07-21,23,11,13:36:00,2026-07-20T15:03:09.57374+00:00,2026-07-20T15:03:09.57374+00:00,2026-08-05T02:16:00.109847+00:00,2026-07-20T15:03:40.651265+00:00,6,SAFE-B,pre_close_creation_but_later_update_or_no_snapshot
2026-07-21,23,12,14:10:00,2026-07-20T15:03:09.57374+00:00,2026-07-20T15:03:09.57374+00:00,2026-08-05T02:16:00.109847+00:00,2026-07-20T15:03:40.651265+00:00,6,SAFE-B,pre_close_creation_but_later_update_or_no_snapshot
2026-07-22,5,1,11:33:00,2026-07-21T16:28:12.647439+00:00,2026-07-21T16:28:12.647439+00:00,2026-08-05T02:16:48.890415+00:00,2026-07-21T16:29:19.132414+00:00,6,SAFE-B,pre_close_creation_but_later_update_or_no_snapshot
2026-07-22,5,2,12:03:00,2026-07-21T16:28:12.647439+00:00,2026-07-21T16:28:12.647439+00:00,2026-08-05T02:16:50.549569+00:00,2026-07-21T16:29:19.132414+00:00,6,SAFE-B,pre_close_creation_but_later_update_or_no_snapshot
2026-07-22,5,3,12:31:00,2026-07-21T16:28:12.647439+00:00,2026-07-21T16:28:12.647439+00:00,2026-08-05T02:16:50.549569+00:00,2026-07-21T16:29:19.132414+00:00,6,SAFE-B,pre_close_creation_but_later_update_or_no_snapshot
2026-07-22,5,4,13:03:00,2026-07-21T16:28:12.647439+00:00,2026-07-21T16:28:12.647439+00:00,2026-08-05T02:16:50.549569+00:00,2026-07-21T16:29:19.132414+00:00,6,SAFE-B,pre_close_creation_but_later_update_or_no_snapshot
2026-07-22,5,5,13:32:00,2026-07-21T16:28:12.647439+00:00,2026-07-21T16:28:12.647439+00:00,2026-08-05T02:16:50.549569+00:00,2026-07-21T16:29:19.132414+00:00,6,SAFE-B,pre_close_creation_but_later_update_or_no_snapshot
2026-07-22,5,6,14:04:00,2026-07-21T16:28:12.647439+00:00,2026-07-21T16:28:12.647439+00:00,2026-08-05T02:16:50.549569+00:00,2026-07-21T16:29:19.132414+00:00,6,SAFE-B,pre_close_creation_but_later_update_or_no_snapshot
2026-07-22,5,7,14:35:00,2026-07-21T16:28:12.647439+00:00,2026-07-21T16:28:12.647439+00:00,2026-08-05T02:16:50.549569+00:00,2026-07-21T16:29:19.132414+00:00,6,SAFE-B,pre_close_creation_but_later_update_or_no_snapshot
2026-07-22,5,8,15:05:00,2026-07-21T16:28:12.647439+00:00,2026-07-21T16:28:12.647439+00:00,2026-08-05T02:16:49.70107+00:00,2026-07-21T16:29:19.132414+00:00,6,SAFE-B,pre_close_creation_but_later_update_or_no_snapshot
2026-07-22,5,9,15:38:00,2026-07-21T16:28:12.647439+00:00,2026-07-21T16:28:12.647439+00:00,2026-08-05T02:16:48.890415+00:00,2026-07-21T16:29:19.132414+00:00,6,SAFE-B,pre_close_creation_but_later_update_or_no_snapshot
2026-07-22,5,10,16:15:00,2026-07-21T16:28:12.647439+00:00,2026-07-21T16:28:12.647439+00:00,2026-08-05T02:16:49.70107+00:00,2026-07-21T16:29:19.132414+00:00,6,SAFE-B,pre_close_creation_but_later_update_or_no_snapshot
2026-07-22,5,11,16:48:00,2026-07-21T16:28:12.647439+00:00,2026-07-21T16:28:12.647439+00:00,2026-08-05T02:16:48.890415+00:00,2026-07-21T16:29:19.132414+00:00,6,SAFE-B,pre_close_creation_but_later_update_or_no_snapshot
2026-07-22,5,12,17:20:00,2026-07-21T16:28:12.647439+00:00,2026-07-21T16:28:12.647439+00:00,2026-08-05T02:16:48.890415+00:00,2026-07-21T16:29:19.132414+00:00,6,SAFE-B,pre_close_creation_but_later_update_or_no_snapshot
2026-07-22,8,1,10:41:00,2026-07-21T16:28:12.647439+00:00,2026-07-21T16:28:12.647439+00:00,2026-08-05T02:16:54.396107+00:00,2026-07-21T16:29:19.132414+00:00,6,SAFE-B,pre_close_creation_but_later_update_or_no_snapshot
2026-07-22,8,2,11:08:00,2026-07-21T16:28:12.647439+00:00,2026-07-21T16:28:12.647439+00:00,2026-08-05T02:16:54.396107+00:00,2026-07-21T16:29:19.132414+00:00,6,SAFE-B,pre_close_creation_but_later_update_or_no_snapshot
2026-07-22,8,3,11:40:00,2026-07-21T16:28:12.647439+00:00,2026-07-21T16:28:12.647439+00:00,2026-08-05T02:16:54.396107+00:00,2026-07-21T16:29:19.132414+00:00,6,SAFE-B,pre_close_creation_but_later_update_or_no_snapshot
2026-07-22,8,4,12:06:00,2026-07-21T16:28:12.647439+00:00,2026-07-21T16:28:12.647439+00:00,2026-08-05T02:16:55.769218+00:00,2026-07-21T16:29:19.132414+00:00,6,SAFE-B,pre_close_creation_but_later_update_or_no_snapshot
2026-07-22,8,5,12:34:00,2026-07-21T16:28:12.647439+00:00,2026-07-21T16:28:12.647439+00:00,2026-08-05T02:16:54.396107+00:00,2026-07-21T16:29:19.132414+00:00,6,SAFE-B,pre_close_creation_but_later_update_or_no_snapshot
2026-07-22,8,6,13:00:00,2026-07-21T16:28:12.647439+00:00,2026-07-21T16:28:12.647439+00:00,2026-08-05T02:16:54.396107+00:00,2026-07-21T16:29:19.132414+00:00,6,SAFE-B,pre_close_creation_but_later_update_or_no_snapshot
2026-07-22,8,7,13:26:00,2026-07-21T16:28:12.647439+00:00,2026-07-21T16:28:12.647439+00:00,2026-08-05T02:16:55.100946+00:00,2026-07-21T16:29:19.132414+00:00,6,SAFE-B,pre_close_creation_but_later_update_or_no_snapshot
2026-07-22,8,8,13:57:00,2026-07-21T16:28:12.647439+00:00,2026-07-21T16:28:12.647439+00:00,2026-08-05T02:16:54.396107+00:00,2026-07-21T16:29:19.132414+00:00,6,SAFE-B,pre_close_creation_but_later_update_or_no_snapshot
2026-07-22,8,9,14:28:00,2026-07-21T16:28:12.647439+00:00,2026-07-21T16:28:12.647439+00:00,2026-08-05T02:16:54.396107+00:00,2026-07-21T16:29:19.132414+00:00,6,SAFE-B,pre_close_creation_but_later_update_or_no_snapshot
2026-07-22,8,10,14:55:00,2026-07-21T16:28:12.647439+00:00,2026-07-21T16:28:12.647439+00:00,2026-08-05T02:16:54.396107+00:00,2026-07-21T16:29:19.132414+00:00,6,SAFE-B,pre_close_creation_but_later_update_or_no_snapshot
2026-07-22,8,11,15:34:00,2026-07-21T16:28:12.647439+00:00,2026-07-21T16:28:12.647439+00:00,2026-08-05T02:16:54.396107+00:00,2026-07-21T16:29:19.132414+00:00,6,SAFE-B,pre_close_creation_but_later_update_or_no_snapshot
2026-07-22,8,12,16:09:00,2026-07-21T16:28:12.647439+00:00,2026-07-21T16:28:12.647439+00:00,2026-08-05T02:16:54.396107+00:00,2026-07-21T16:29:19.132414+00:00,6,SAFE-B,pre_close_creation_but_later_update_or_no_snapshot
2026-07-22,9,1,10:33:00,2026-07-21T16:28:12.647439+00:00,2026-07-21T16:28:12.647439+00:00,2026-08-05T02:16:50.549569+00:00,2026-07-21T16:29:19.132414+00:00,6,SAFE-B,pre_close_creation_but_later_update_or_no_snapshot
2026-07-22,9,2,11:04:00,2026-07-21T16:28:12.647439+00:00,2026-07-21T16:28:12.647439+00:00,2026-08-05T02:16:50.549569+00:00,2026-07-21T16:29:19.132414+00:00,6,SAFE-B,pre_close_creation_but_later_update_or_no_snapshot
2026-07-22,9,3,11:36:00,2026-07-21T16:28:12.647439+00:00,2026-07-21T16:28:12.647439+00:00,2026-08-05T02:16:48.890415+00:00,2026-07-21T16:29:19.132414+00:00,6,SAFE-B,pre_close_creation_but_later_update_or_no_snapshot
2026-07-22,9,4,12:08:00,2026-07-21T16:28:12.647439+00:00,2026-07-21T16:28:12.647439+00:00,2026-08-05T02:16:50.549569+00:00,2026-07-21T16:29:19.132414+00:00,6,SAFE-B,pre_close_creation_but_later_update_or_no_snapshot
2026-07-22,9,5,12:38:00,2026-07-21T16:28:12.647439+00:00,2026-07-21T16:28:12.647439+00:00,2026-08-05T02:16:48.890415+00:00,2026-07-21T16:29:19.132414+00:00,6,SAFE-B,pre_close_creation_but_later_update_or_no_snapshot
2026-07-22,9,6,13:08:00,2026-07-21T16:28:12.647439+00:00,2026-07-21T16:28:12.647439+00:00,2026-08-05T02:16:48.890415+00:00,2026-07-21T16:29:19.132414+00:00,6,SAFE-B,pre_close_creation_but_later_update_or_no_snapshot
2026-07-22,9,7,13:38:00,2026-07-21T16:28:12.647439+00:00,2026-07-21T16:28:12.647439+00:00,2026-08-05T02:16:48.890415+00:00,2026-07-21T16:29:19.132414+00:00,6,SAFE-B,pre_close_creation_but_later_update_or_no_snapshot
2026-07-22,9,8,14:08:00,2026-07-21T16:28:12.647439+00:00,2026-07-21T16:28:12.647439+00:00,2026-08-05T02:16:50.549569+00:00,2026-07-21T16:29:19.132414+00:00,6,SAFE-B,pre_close_creation_but_later_update_or_no_snapshot
2026-07-22,9,9,14:38:00,2026-07-21T16:28:12.647439+00:00,2026-07-21T16:28:12.647439+00:00,2026-08-05T02:16:49.70107+00:00,2026-07-21T16:29:19.132414+00:00,6,SAFE-B,pre_close_creation_but_later_update_or_no_snapshot
2026-07-22,9,10,15:13:00,2026-07-21T16:28:12.647439+00:00,2026-07-21T16:28:12.647439+00:00,2026-08-05T02:16:48.890415+00:00,2026-07-21T16:29:19.132414+00:00,6,SAFE-B,pre_close_creation_but_later_update_or_no_snapshot
2026-07-22,9,11,15:48:00,2026-07-21T16:28:12.647439+00:00,2026-07-21T16:28:12.647439+00:00,2026-08-05T02:16:49.70107+00:00,2026-07-21T16:29:19.132414+00:00,6,SAFE-B,pre_close_creation_but_later_update_or_no_snapshot
2026-07-22,9,12,16:25:00,2026-07-21T16:28:12.647439+00:00,2026-07-21T16:28:12.647439+00:00,2026-08-05T02:16:49.70107+00:00,2026-07-21T16:29:19.132414+00:00,6,SAFE-B,pre_close_creation_but_later_update_or_no_snapshot
2026-07-22,10,1,08:32:00,2026-07-21T16:28:12.647439+00:00,2026-07-21T16:28:12.647439+00:00,2026-08-05T02:16:48.890415+00:00,2026-07-21T16:29:19.132414+00:00,6,SAFE-B,pre_close_creation_but_later_update_or_no_snapshot
2026-07-22,10,2,08:58:00,2026-07-21T16:28:12.647439+00:00,2026-07-21T16:28:12.647439+00:00,2026-08-05T02:16:50.549569+00:00,2026-07-21T16:29:19.132414+00:00,6,SAFE-B,pre_close_creation_but_later_update_or_no_snapshot
2026-07-22,10,3,09:24:00,2026-07-21T16:28:12.647439+00:00,2026-07-21T16:28:12.647439+00:00,2026-08-05T02:16:48.890415+00:00,2026-07-21T16:29:19.132414+00:00,6,SAFE-B,pre_close_creation_but_later_update_or_no_snapshot
2026-07-22,10,4,09:50:00,2026-07-21T16:28:12.647439+00:00,2026-07-21T16:28:12.647439+00:00,2026-08-05T02:16:50.549569+00:00,2026-07-21T16:29:19.132414+00:00,6,SAFE-B,pre_close_creation_but_later_update_or_no_snapshot
2026-07-22,10,5,10:16:00,2026-07-21T16:28:12.647439+00:00,2026-07-21T16:28:12.647439+00:00,2026-08-05T02:16:48.890415+00:00,2026-07-21T16:29:19.132414+00:00,6,SAFE-B,pre_close_creation_but_later_update_or_no_snapshot
2026-07-22,10,6,10:44:00,2026-07-21T16:28:12.647439+00:00,2026-07-21T16:28:12.647439+00:00,2026-08-05T02:16:48.890415+00:00,2026-07-21T16:29:19.132414+00:00,6,SAFE-B,pre_close_creation_but_later_update_or_no_snapshot
2026-07-22,10,7,11:13:00,2026-07-21T16:28:12.647439+00:00,2026-07-21T16:28:12.647439+00:00,2026-08-05T02:16:48.890415+00:00,2026-07-21T16:29:19.132414+00:00,6,SAFE-B,pre_close_creation_but_later_update_or_no_snapshot
2026-07-22,10,8,11:43:00,2026-07-21T16:28:12.647439+00:00,2026-07-21T16:28:12.647439+00:00,2026-08-05T02:16:48.890415+00:00,2026-07-21T16:29:19.132414+00:00,6,SAFE-B,pre_close_creation_but_later_update_or_no_snapshot
2026-07-22,10,9,12:13:00,2026-07-21T16:28:12.647439+00:00,2026-07-21T16:28:12.647439+00:00,2026-08-05T02:16:50.549569+00:00,2026-07-21T16:29:19.132414+00:00,6,SAFE-B,pre_close_creation_but_later_update_or_no_snapshot
2026-07-22,10,10,12:47:00,2026-07-21T16:28:12.647439+00:00,2026-07-21T16:28:12.647439+00:00,2026-08-05T02:16:48.890415+00:00,2026-07-21T16:29:19.132414+00:00,6,SAFE-B,pre_close_creation_but_later_update_or_no_snapshot
2026-07-22,10,11,13:22:00,2026-07-21T16:28:12.647439+00:00,2026-07-21T16:28:12.647439+00:00,2026-08-05T02:16:50.549569+00:00,2026-07-21T16:29:19.132414+00:00,6,SAFE-B,pre_close_creation_but_later_update_or_no_snapshot
2026-07-22,10,12,13:59:00,2026-07-21T16:28:12.647439+00:00,2026-07-21T16:28:12.647439+00:00,2026-08-05T02:16:50.549569+00:00,2026-07-21T16:29:19.132414+00:00,6,SAFE-B,pre_close_creation_but_later_update_or_no_snapshot
2026-07-22,13,1,10:35:00,2026-07-21T16:28:12.647439+00:00,2026-07-21T16:28:12.647439+00:00,2026-08-05T02:16:51.370409+00:00,2026-07-21T16:29:19.132414+00:00,6,SAFE-B,pre_close_creation_but_later_update_or_no_snapshot
2026-07-22,13,2,10:58:00,2026-07-21T16:28:12.647439+00:00,2026-07-21T16:28:12.647439+00:00,2026-08-05T02:16:52.07379+00:00,2026-07-21T16:29:19.132414+00:00,6,SAFE-B,pre_close_creation_but_later_update_or_no_snapshot
2026-07-22,13,3,11:21:00,2026-07-21T16:28:12.647439+00:00,2026-07-21T16:28:12.647439+00:00,2026-08-05T02:16:52.07379+00:00,2026-07-21T16:29:19.132414+00:00,6,SAFE-B,pre_close_creation_but_later_update_or_no_snapshot
2026-07-22,13,4,11:47:00,2026-07-21T16:28:12.647439+00:00,2026-07-21T16:28:12.647439+00:00,2026-08-05T02:16:52.07379+00:00,2026-07-21T16:29:19.132414+00:00,6,SAFE-B,pre_close_creation_but_later_update_or_no_snapshot
2026-07-22,13,5,12:11:00,2026-07-21T16:28:12.647439+00:00,2026-07-21T16:28:12.647439+00:00,2026-08-05T02:16:51.370409+00:00,2026-07-21T16:29:19.132414+00:00,6,SAFE-B,pre_close_creation_but_later_update_or_no_snapshot
2026-07-22,13,6,12:42:00,2026-07-21T16:28:12.647439+00:00,2026-07-21T16:28:12.647439+00:00,2026-08-05T02:16:51.370409+00:00,2026-07-21T16:29:19.132414+00:00,6,SAFE-B,pre_close_creation_but_later_update_or_no_snapshot
2026-07-22,13,7,13:12:00,2026-07-21T16:28:12.647439+00:00,2026-07-21T16:28:12.647439+00:00,2026-08-05T02:16:52.760887+00:00,2026-07-21T16:29:19.132414+00:00,6,SAFE-B,pre_close_creation_but_later_update_or_no_snapshot
2026-07-22,13,8,13:43:00,2026-07-21T16:28:12.647439+00:00,2026-07-21T16:28:12.647439+00:00,2026-08-05T02:16:51.370409+00:00,2026-07-21T16:29:19.132414+00:00,6,SAFE-B,pre_close_creation_but_later_update_or_no_snapshot
2026-07-22,13,9,14:33:00,2026-07-21T16:28:12.647439+00:00,2026-07-21T16:28:12.647439+00:00,2026-08-05T02:16:51.370409+00:00,2026-07-21T16:29:19.132414+00:00,6,SAFE-B,pre_close_creation_but_later_update_or_no_snapshot
2026-07-22,13,10,15:18:00,2026-07-21T16:28:12.647439+00:00,2026-07-21T16:28:12.647439+00:00,2026-08-05T02:16:52.07379+00:00,2026-07-21T16:29:19.132414+00:00,6,SAFE-B,pre_close_creation_but_later_update_or_no_snapshot
2026-07-22,13,11,15:46:00,2026-07-21T16:28:12.647439+00:00,2026-07-21T16:28:12.647439+00:00,2026-08-05T02:16:52.07379+00:00,2026-07-21T16:29:19.132414+00:00,6,SAFE-B,pre_close_creation_but_later_update_or_no_snapshot
2026-07-22,13,12,16:18:00,2026-07-21T16:28:12.647439+00:00,2026-07-21T16:28:12.647439+00:00,2026-08-05T02:16:51.370409+00:00,2026-07-21T16:29:19.132414+00:00,6,SAFE-B,pre_close_creation_but_later_update_or_no_snapshot
2026-07-22,14,1,08:46:00,2026-07-21T16:28:12.647439+00:00,2026-07-21T16:28:12.647439+00:00,2026-08-05T02:16:48.890415+00:00,2026-07-21T16:29:19.132414+00:00,6,SAFE-B,pre_close_creation_but_later_update_or_no_snapshot
2026-07-22,14,2,09:12:00,2026-07-21T16:28:12.647439+00:00,2026-07-21T16:28:12.647439+00:00,2026-08-05T02:16:49.70107+00:00,2026-07-21T16:29:19.132414+00:00,6,SAFE-B,pre_close_creation_but_later_update_or_no_snapshot
2026-07-22,14,3,09:38:00,2026-07-21T16:28:12.647439+00:00,2026-07-21T16:28:12.647439+00:00,2026-08-05T02:16:48.890415+00:00,2026-07-21T16:29:19.132414+00:00,6,SAFE-B,pre_close_creation_but_later_update_or_no_snapshot
2026-07-22,14,4,10:04:00,2026-07-21T16:28:12.647439+00:00,2026-07-21T16:28:12.647439+00:00,2026-08-05T02:16:48.890415+00:00,2026-07-21T16:29:19.132414+00:00,6,SAFE-B,pre_close_creation_but_later_update_or_no_snapshot
2026-07-22,14,5,10:30:00,2026-07-21T16:28:12.647439+00:00,2026-07-21T16:28:12.647439+00:00,2026-08-05T02:16:50.549569+00:00,2026-07-21T16:29:19.132414+00:00,6,SAFE-B,pre_close_creation_but_later_update_or_no_snapshot
2026-07-22,14,6,10:59:00,2026-07-21T16:28:12.647439+00:00,2026-07-21T16:28:12.647439+00:00,2026-08-05T02:16:48.890415+00:00,2026-07-21T16:29:19.132414+00:00,6,SAFE-B,pre_close_creation_but_later_update_or_no_snapshot
2026-07-22,14,7,11:28:00,2026-07-21T16:28:12.647439+00:00,2026-07-21T16:28:12.647439+00:00,2026-08-05T02:16:50.549569+00:00,2026-07-21T16:29:19.132414+00:00,6,SAFE-B,pre_close_creation_but_later_update_or_no_snapshot
2026-07-22,14,8,11:58:00,2026-07-21T16:28:12.647439+00:00,2026-07-21T16:28:12.647439+00:00,2026-08-05T02:16:50.549569+00:00,2026-07-21T16:29:19.132414+00:00,6,SAFE-B,pre_close_creation_but_later_update_or_no_snapshot
2026-07-22,14,9,12:27:00,2026-07-21T16:28:12.647439+00:00,2026-07-21T16:28:12.647439+00:00,2026-08-05T02:16:48.890415+00:00,2026-07-21T16:29:19.132414+00:00,6,SAFE-B,pre_close_creation_but_later_update_or_no_snapshot
2026-07-22,14,10,13:05:00,2026-07-21T16:28:12.647439+00:00,2026-07-21T16:28:12.647439+00:00,2026-08-05T02:16:48.890415+00:00,2026-07-21T16:29:19.132414+00:00,6,SAFE-B,pre_close_creation_but_later_update_or_no_snapshot
2026-07-22,14,11,13:35:00,2026-07-21T16:28:12.647439+00:00,2026-07-21T16:28:12.647439+00:00,2026-08-05T02:16:48.890415+00:00,2026-07-21T16:29:19.132414+00:00,6,SAFE-B,pre_close_creation_but_later_update_or_no_snapshot
2026-07-22,14,12,14:13:00,2026-07-21T16:28:12.647439+00:00,2026-07-21T16:28:12.647439+00:00,2026-08-05T02:16:48.890415+00:00,2026-07-21T16:29:19.132414+00:00,6,SAFE-B,pre_close_creation_but_later_update_or_no_snapshot
2026-07-22,15,1,15:27:00,2026-07-21T16:28:12.647439+00:00,2026-07-21T16:28:12.647439+00:00,2026-08-05T02:16:50.549569+00:00,2026-07-21T16:29:19.132414+00:00,6,SAFE-B,pre_close_creation_but_later_update_or_no_snapshot
2026-07-22,15,2,15:58:00,2026-07-21T16:28:12.647439+00:00,2026-07-21T16:28:12.647439+00:00,2026-08-05T02:16:50.549569+00:00,2026-07-21T16:29:19.132414+00:00,6,SAFE-B,pre_close_creation_but_later_update_or_no_snapshot
2026-07-22,15,3,16:33:00,2026-07-21T16:28:12.647439+00:00,2026-07-21T16:28:12.647439+00:00,2026-08-05T02:16:47.666063+00:00,2026-07-21T16:29:19.132414+00:00,6,SAFE-B,pre_close_creation_but_later_update_or_no_snapshot
2026-07-22,15,4,17:01:00,2026-07-21T16:28:12.647439+00:00,2026-07-21T16:28:12.647439+00:00,2026-08-05T02:16:47.666063+00:00,2026-07-21T16:29:19.132414+00:00,6,SAFE-B,pre_close_creation_but_later_update_or_no_snapshot
2026-07-22,15,5,17:26:00,2026-07-21T16:28:12.647439+00:00,2026-07-21T16:28:12.647439+00:00,2026-08-05T02:16:50.549569+00:00,2026-07-21T16:29:19.132414+00:00,6,SAFE-B,pre_close_creation_but_later_update_or_no_snapshot
2026-07-22,15,6,17:53:00,2026-07-21T16:28:12.647439+00:00,2026-07-21T16:28:12.647439+00:00,2026-08-05T02:16:50.549569+00:00,2026-07-21T16:29:19.132414+00:00,6,SAFE-B,pre_close_creation_but_later_update_or_no_snapshot
2026-07-22,15,7,18:18:00,2026-07-21T16:28:12.647439+00:00,2026-07-21T16:28:12.647439+00:00,2026-08-05T02:16:47.666063+00:00,2026-07-21T16:29:19.132414+00:00,6,SAFE-B,pre_close_creation_but_later_update_or_no_snapshot
2026-07-22,15,8,18:44:00,2026-07-21T16:28:12.647439+00:00,2026-07-21T16:28:12.647439+00:00,2026-08-05T02:16:47.666063+00:00,2026-07-21T16:29:19.132414+00:00,6,SAFE-B,pre_close_creation_but_later_update_or_no_snapshot
2026-07-22,15,9,19:13:00,2026-07-21T16:28:12.647439+00:00,2026-07-21T16:28:12.647439+00:00,2026-08-05T02:16:50.549569+00:00,2026-07-21T16:29:19.132414+00:00,6,SAFE-B,pre_close_creation_but_later_update_or_no_snapshot
2026-07-22,15,10,19:40:00,2026-07-21T16:28:12.647439+00:00,2026-07-21T16:28:12.647439+00:00,2026-08-05T02:16:50.549569+00:00,2026-07-21T16:29:19.132414+00:00,6,SAFE-B,pre_close_creation_but_later_update_or_no_snapshot
2026-07-22,15,11,20:06:00,2026-07-21T16:28:12.647439+00:00,2026-07-21T16:28:12.647439+00:00,2026-08-05T02:16:50.549569+00:00,2026-07-21T16:29:19.132414+00:00,6,SAFE-B,pre_close_creation_but_later_update_or_no_snapshot
2026-07-22,15,12,20:35:00,2026-07-21T16:28:12.647439+00:00,2026-07-21T16:28:13.123174+00:00,2026-08-05T02:16:50.549569+00:00,2026-07-21T16:29:19.132414+00:00,6,SAFE-B,pre_close_creation_but_later_update_or_no_snapshot
2026-07-22,16,1,11:51:00,2026-07-21T16:28:13.123174+00:00,2026-07-21T16:28:13.123174+00:00,2026-08-05T02:16:54.396107+00:00,2026-07-21T16:29:19.132414+00:00,6,SAFE-B,pre_close_creation_but_later_update_or_no_snapshot
2026-07-22,16,2,12:22:00,2026-07-21T16:28:13.123174+00:00,2026-07-21T16:28:13.123174+00:00,2026-08-05T02:16:54.396107+00:00,2026-07-21T16:29:19.132414+00:00,6,SAFE-B,pre_close_creation_but_later_update_or_no_snapshot
2026-07-22,16,3,12:51:00,2026-07-21T16:28:13.123174+00:00,2026-07-21T16:28:13.123174+00:00,2026-08-05T02:16:55.100946+00:00,2026-07-21T16:29:19.132414+00:00,6,SAFE-B,pre_close_creation_but_later_update_or_no_snapshot
2026-07-22,16,4,13:20:00,2026-07-21T16:28:13.123174+00:00,2026-07-21T16:28:13.123174+00:00,2026-08-05T02:16:54.396107+00:00,2026-07-21T16:29:19.132414+00:00,6,SAFE-B,pre_close_creation_but_later_update_or_no_snapshot
2026-07-22,16,5,13:54:00,2026-07-21T16:28:13.123174+00:00,2026-07-21T16:28:13.123174+00:00,2026-08-05T02:16:55.100946+00:00,2026-07-21T16:29:19.132414+00:00,6,SAFE-B,pre_close_creation_but_later_update_or_no_snapshot
2026-07-22,16,6,14:26:00,2026-07-21T16:28:13.123174+00:00,2026-07-21T16:28:13.123174+00:00,2026-08-05T02:16:54.396107+00:00,2026-07-21T16:29:19.132414+00:00,6,SAFE-B,pre_close_creation_but_later_update_or_no_snapshot
2026-07-22,16,7,15:02:00,2026-07-21T16:28:13.123174+00:00,2026-07-21T16:28:13.123174+00:00,2026-08-05T02:16:55.769218+00:00,2026-07-21T16:29:19.132414+00:00,6,SAFE-B,pre_close_creation_but_later_update_or_no_snapshot
2026-07-22,16,8,15:42:00,2026-07-21T16:28:13.123174+00:00,2026-07-21T16:28:13.123174+00:00,2026-08-05T02:16:54.396107+00:00,2026-07-21T16:29:19.132414+00:00,6,SAFE-B,pre_close_creation_but_later_update_or_no_snapshot
2026-07-22,16,9,16:13:00,2026-07-21T16:28:13.123174+00:00,2026-07-21T16:28:13.123174+00:00,2026-08-05T02:16:54.396107+00:00,2026-07-21T16:29:19.132414+00:00,6,SAFE-B,pre_close_creation_but_later_update_or_no_snapshot
2026-07-22,16,10,16:45:00,2026-07-21T16:28:13.123174+00:00,2026-07-21T16:28:13.123174+00:00,2026-08-05T02:16:55.100946+00:00,2026-07-21T16:29:19.132414+00:00,6,SAFE-B,pre_close_creation_but_later_update_or_no_snapshot
2026-07-22,16,11,17:17:00,2026-07-21T16:28:13.123174+00:00,2026-07-21T16:28:13.123174+00:00,2026-08-05T02:16:54.396107+00:00,2026-07-21T16:29:19.132414+00:00,6,SAFE-B,pre_close_creation_but_later_update_or_no_snapshot
2026-07-22,16,12,17:50:00,2026-07-21T16:28:13.123174+00:00,2026-07-21T16:28:13.123174+00:00,2026-08-05T02:16:54.396107+00:00,2026-07-21T16:29:19.132414+00:00,6,SAFE-B,pre_close_creation_but_later_update_or_no_snapshot
2026-07-22,19,1,15:30:00,2026-07-21T16:28:13.123174+00:00,2026-07-21T16:28:13.123174+00:00,2026-08-05T02:16:50.549569+00:00,2026-07-21T16:29:19.132414+00:00,6,SAFE-B,pre_close_creation_but_later_update_or_no_snapshot
2026-07-22,19,2,16:03:00,2026-07-21T16:28:13.123174+00:00,2026-07-21T16:28:13.123174+00:00,2026-08-05T02:16:50.549569+00:00,2026-07-21T16:29:19.132414+00:00,6,SAFE-B,pre_close_creation_but_later_update_or_no_snapshot
2026-07-22,19,3,16:37:00,2026-07-21T16:28:13.123174+00:00,2026-07-21T16:28:13.123174+00:00,2026-08-05T02:16:50.549569+00:00,2026-07-21T16:29:19.132414+00:00,6,SAFE-B,pre_close_creation_but_later_update_or_no_snapshot
2026-07-22,19,4,17:11:00,2026-07-21T16:28:13.123174+00:00,2026-07-21T16:28:13.123174+00:00,2026-08-05T02:16:50.549569+00:00,2026-07-21T16:29:19.132414+00:00,6,SAFE-B,pre_close_creation_but_later_update_or_no_snapshot
2026-07-22,19,5,17:36:00,2026-07-21T16:28:13.123174+00:00,2026-07-21T16:28:13.123174+00:00,2026-08-05T02:16:50.549569+00:00,2026-07-21T16:29:19.132414+00:00,6,SAFE-B,pre_close_creation_but_later_update_or_no_snapshot
2026-07-22,19,6,18:03:00,2026-07-21T16:28:13.123174+00:00,2026-07-21T16:28:13.123174+00:00,2026-08-05T02:16:50.549569+00:00,2026-07-21T16:29:19.132414+00:00,6,SAFE-B,pre_close_creation_but_later_update_or_no_snapshot
2026-07-22,19,7,18:28:00,2026-07-21T16:28:13.123174+00:00,2026-07-21T16:28:13.123174+00:00,2026-08-05T02:16:48.890415+00:00,2026-07-21T16:29:19.132414+00:00,6,SAFE-B,pre_close_creation_but_later_update_or_no_snapshot
2026-07-22,19,8,18:54:00,2026-07-21T16:28:13.123174+00:00,2026-07-21T16:28:13.123174+00:00,2026-08-05T02:16:50.549569+00:00,2026-07-21T16:29:19.132414+00:00,6,SAFE-B,pre_close_creation_but_later_update_or_no_snapshot
2026-07-22,19,9,19:23:00,2026-07-21T16:28:13.123174+00:00,2026-07-21T16:28:13.123174+00:00,2026-08-05T02:16:48.890415+00:00,2026-07-21T16:29:19.132414+00:00,6,SAFE-B,pre_close_creation_but_later_update_or_no_snapshot
2026-07-22,19,10,19:50:00,2026-07-21T16:28:13.123174+00:00,2026-07-21T16:28:13.123174+00:00,2026-08-05T02:16:48.890415+00:00,2026-07-21T16:29:19.132414+00:00,6,SAFE-B,pre_close_creation_but_later_update_or_no_snapshot
2026-07-22,19,11,20:16:00,2026-07-21T16:28:13.123174+00:00,2026-07-21T16:28:13.123174+00:00,2026-08-05T02:16:48.890415+00:00,2026-07-21T16:29:19.132414+00:00,6,SAFE-B,pre_close_creation_but_later_update_or_no_snapshot
2026-07-22,19,12,20:45:00,2026-07-21T16:28:13.123174+00:00,2026-07-21T16:28:13.123174+00:00,2026-08-05T02:16:48.890415+00:00,2026-07-21T16:29:19.132414+00:00,6,SAFE-B,pre_close_creation_but_later_update_or_no_snapshot
2026-07-22,22,1,12:16:00,2026-07-21T16:28:13.123174+00:00,2026-07-21T16:28:13.123174+00:00,2026-08-05T02:16:50.549569+00:00,2026-07-21T16:29:19.132414+00:00,6,SAFE-B,pre_close_creation_but_later_update_or_no_snapshot
2026-07-22,22,2,12:44:00,2026-07-21T16:28:13.123174+00:00,2026-07-21T16:28:13.123174+00:00,2026-08-05T02:16:50.549569+00:00,2026-07-21T16:29:19.132414+00:00,6,SAFE-B,pre_close_creation_but_later_update_or_no_snapshot
2026-07-22,22,3,13:14:00,2026-07-21T16:28:13.123174+00:00,2026-07-21T16:28:13.123174+00:00,2026-08-05T02:16:48.890415+00:00,2026-07-21T16:29:19.132414+00:00,6,SAFE-B,pre_close_creation_but_later_update_or_no_snapshot
2026-07-22,22,4,13:45:00,2026-07-21T16:28:13.123174+00:00,2026-07-21T16:28:13.123174+00:00,2026-08-05T02:16:48.890415+00:00,2026-07-21T16:29:19.132414+00:00,6,SAFE-B,pre_close_creation_but_later_update_or_no_snapshot
2026-07-22,22,5,14:17:00,2026-07-21T16:28:13.123174+00:00,2026-07-21T16:28:13.123174+00:00,2026-08-05T02:16:50.549569+00:00,2026-07-21T16:29:19.132414+00:00,6,SAFE-B,pre_close_creation_but_later_update_or_no_snapshot
2026-07-22,22,6,14:49:00,2026-07-21T16:28:13.123174+00:00,2026-07-21T16:28:13.123174+00:00,2026-08-05T02:16:50.549569+00:00,2026-07-21T16:29:19.132414+00:00,6,SAFE-B,pre_close_creation_but_later_update_or_no_snapshot
2026-07-22,22,7,15:21:00,2026-07-21T16:28:13.123174+00:00,2026-07-21T16:28:13.123174+00:00,2026-08-05T02:16:50.549569+00:00,2026-07-21T16:29:19.132414+00:00,6,SAFE-B,pre_close_creation_but_later_update_or_no_snapshot
2026-07-22,22,8,15:54:00,2026-07-21T16:28:13.123174+00:00,2026-07-21T16:28:13.123174+00:00,2026-08-05T02:16:50.549569+00:00,2026-07-21T16:29:19.132414+00:00,6,SAFE-B,pre_close_creation_but_later_update_or_no_snapshot
2026-07-22,22,9,16:20:00,2026-07-21T16:28:13.123174+00:00,2026-07-21T16:28:13.123174+00:00,2026-08-05T02:16:50.549569+00:00,2026-07-21T16:29:19.132414+00:00,6,SAFE-B,pre_close_creation_but_later_update_or_no_snapshot
2026-07-22,22,10,16:52:00,2026-07-21T16:28:13.123174+00:00,2026-07-21T16:28:13.123174+00:00,2026-08-05T02:16:48.890415+00:00,2026-07-21T16:29:19.132414+00:00,6,SAFE-B,pre_close_creation_but_later_update_or_no_snapshot
2026-07-22,22,11,17:24:00,2026-07-21T16:28:13.123174+00:00,2026-07-21T16:28:13.123174+00:00,2026-08-05T02:16:48.890415+00:00,2026-07-21T16:29:19.132414+00:00,6,SAFE-B,pre_close_creation_but_later_update_or_no_snapshot
2026-07-22,22,12,18:00:00,2026-07-21T16:28:13.123174+00:00,2026-07-21T16:28:13.123174+00:00,2026-08-05T02:16:50.549569+00:00,2026-07-21T16:29:19.132414+00:00,6,SAFE-B,pre_close_creation_but_later_update_or_no_snapshot
2026-07-22,23,1,08:39:00,2026-07-21T16:28:13.123174+00:00,2026-07-21T16:28:13.123174+00:00,2026-08-05T02:16:50.549569+00:00,2026-07-21T16:29:19.132414+00:00,6,SAFE-B,pre_close_creation_but_later_update_or_no_snapshot
2026-07-22,23,2,09:05:00,2026-07-21T16:28:13.123174+00:00,2026-07-21T16:28:13.123174+00:00,2026-08-05T02:16:50.549569+00:00,2026-07-21T16:29:19.132414+00:00,6,SAFE-B,pre_close_creation_but_later_update_or_no_snapshot
2026-07-22,23,3,09:31:00,2026-07-21T16:28:13.123174+00:00,2026-07-21T16:28:13.123174+00:00,2026-08-05T02:16:47.666063+00:00,2026-07-21T16:29:19.132414+00:00,6,SAFE-B,pre_close_creation_but_later_update_or_no_snapshot
2026-07-22,23,4,09:57:00,2026-07-21T16:28:13.123174+00:00,2026-07-21T16:28:13.123174+00:00,2026-08-05T02:16:48.890415+00:00,2026-07-21T16:29:19.132414+00:00,6,SAFE-B,pre_close_creation_but_later_update_or_no_snapshot
2026-07-22,23,5,10:23:00,2026-07-21T16:28:13.123174+00:00,2026-07-21T16:28:13.123174+00:00,2026-08-05T02:16:47.666063+00:00,2026-07-21T16:29:19.132414+00:00,6,SAFE-B,pre_close_creation_but_later_update_or_no_snapshot
2026-07-22,23,6,10:52:00,2026-07-21T16:28:13.123174+00:00,2026-07-21T16:28:13.123174+00:00,2026-08-05T02:16:47.666063+00:00,2026-07-21T16:29:19.132414+00:00,6,SAFE-B,pre_close_creation_but_later_update_or_no_snapshot
2026-07-22,23,7,11:24:00,2026-07-21T16:28:13.123174+00:00,2026-07-21T16:28:13.123174+00:00,2026-08-05T02:16:47.666063+00:00,2026-07-21T16:29:19.132414+00:00,6,SAFE-B,pre_close_creation_but_later_update_or_no_snapshot
2026-07-22,23,8,11:53:00,2026-07-21T16:28:13.123174+00:00,2026-07-21T16:28:13.123174+00:00,2026-08-05T02:16:50.549569+00:00,2026-07-21T16:29:19.132414+00:00,6,SAFE-B,pre_close_creation_but_later_update_or_no_snapshot
2026-07-22,23,9,12:24:00,2026-07-21T16:28:13.123174+00:00,2026-07-21T16:28:13.123174+00:00,2026-08-05T02:16:50.549569+00:00,2026-07-21T16:29:19.132414+00:00,6,SAFE-B,pre_close_creation_but_later_update_or_no_snapshot
2026-07-22,23,10,12:56:00,2026-07-21T16:28:13.123174+00:00,2026-07-21T16:28:13.123174+00:00,2026-08-05T02:16:47.666063+00:00,2026-07-21T16:29:19.132414+00:00,6,SAFE-B,pre_close_creation_but_later_update_or_no_snapshot
2026-07-22,23,11,13:28:00,2026-07-21T16:28:13.123174+00:00,2026-07-21T16:28:13.123174+00:00,2026-08-05T02:16:50.549569+00:00,2026-07-21T16:29:19.132414+00:00,6,SAFE-B,pre_close_creation_but_later_update_or_no_snapshot
2026-07-22,23,12,14:06:00,2026-07-21T16:28:13.123174+00:00,2026-07-21T16:28:13.123174+00:00,2026-08-05T02:16:50.549569+00:00,2026-07-21T16:29:19.132414+00:00,6,SAFE-B,pre_close_creation_but_later_update_or_no_snapshot
2026-07-22,24,1,17:41:00,2026-07-21T16:28:13.123174+00:00,2026-07-21T16:28:13.123174+00:00,2026-08-05T02:16:50.549569+00:00,2026-07-21T16:29:19.132414+00:00,6,SAFE-B,pre_close_creation_but_later_update_or_no_snapshot
2026-07-22,24,2,18:08:00,2026-07-21T16:28:13.123174+00:00,2026-07-21T16:28:13.123174+00:00,2026-08-05T02:16:48.890415+00:00,2026-07-21T16:29:19.132414+00:00,6,SAFE-B,pre_close_creation_but_later_update_or_no_snapshot
2026-07-22,24,3,18:34:00,2026-07-21T16:28:13.123174+00:00,2026-07-21T16:28:13.123174+00:00,2026-08-05T02:16:50.549569+00:00,2026-07-21T16:29:19.132414+00:00,6,SAFE-B,pre_close_creation_but_later_update_or_no_snapshot
2026-07-22,24,4,19:03:00,2026-07-21T16:28:13.123174+00:00,2026-07-21T16:28:13.123174+00:00,2026-08-05T02:16:48.890415+00:00,2026-07-21T16:29:19.132414+00:00,6,SAFE-B,pre_close_creation_but_later_update_or_no_snapshot
2026-07-22,24,5,19:30:00,2026-07-21T16:28:13.123174+00:00,2026-07-21T16:28:13.123174+00:00,2026-08-05T02:16:48.890415+00:00,2026-07-21T16:29:19.132414+00:00,6,SAFE-B,pre_close_creation_but_later_update_or_no_snapshot
2026-07-22,24,6,19:56:00,2026-07-21T16:28:13.123174+00:00,2026-07-21T16:28:13.123174+00:00,2026-08-05T02:16:50.549569+00:00,2026-07-21T16:29:19.132414+00:00,6,SAFE-B,pre_close_creation_but_later_update_or_no_snapshot
2026-07-22,24,7,20:25:00,2026-07-21T16:28:13.123174+00:00,2026-07-21T16:28:13.123174+00:00,2026-08-05T02:16:48.890415+00:00,2026-07-21T16:29:19.132414+00:00,6,SAFE-B,pre_close_creation_but_later_update_or_no_snapshot
2026-07-22,24,8,20:59:00,2026-07-21T16:28:13.123174+00:00,2026-07-21T16:28:13.123174+00:00,2026-08-05T02:16:50.549569+00:00,2026-07-21T16:29:19.132414+00:00,6,SAFE-B,pre_close_creation_but_later_update_or_no_snapshot
2026-07-22,24,9,21:25:00,2026-07-21T16:28:13.123174+00:00,2026-07-21T16:28:13.123174+00:00,2026-08-05T02:16:48.890415+00:00,2026-07-21T16:29:19.132414+00:00,6,SAFE-B,pre_close_creation_but_later_update_or_no_snapshot
2026-07-22,24,10,21:51:00,2026-07-21T16:28:13.123174+00:00,2026-07-21T16:28:13.123174+00:00,2026-08-05T02:16:48.890415+00:00,2026-07-21T16:29:19.132414+00:00,6,SAFE-B,pre_close_creation_but_later_update_or_no_snapshot
2026-07-22,24,11,22:16:00,2026-07-21T16:28:13.123174+00:00,2026-07-21T16:28:13.123174+00:00,2026-08-05T02:16:48.890415+00:00,2026-07-21T16:29:19.132414+00:00,6,SAFE-B,pre_close_creation_but_later_update_or_no_snapshot
2026-07-22,24,12,22:41:00,2026-07-21T16:28:13.123174+00:00,2026-07-21T16:28:13.123174+00:00,2026-08-05T02:16:49.70107+00:00,2026-07-21T16:29:19.132414+00:00,6,SAFE-B,pre_close_creation_but_later_update_or_no_snapshot
2026-07-23,1,1,15:27:00,2026-07-22T17:44:20.828765+00:00,2026-07-22T17:44:20.828765+00:00,2026-08-05T02:17:45.32796+00:00,,6,SAFE-B,pre_close_creation_but_later_update_or_no_snapshot
2026-07-23,1,2,15:56:00,2026-07-22T17:44:20.828765+00:00,2026-07-22T17:44:20.828765+00:00,2026-08-05T02:17:46.150227+00:00,,6,SAFE-B,pre_close_creation_but_later_update_or_no_snapshot
2026-07-23,1,3,16:27:00,2026-07-22T17:44:20.828765+00:00,2026-07-22T17:44:20.828765+00:00,2026-08-05T02:17:46.150227+00:00,,6,SAFE-B,pre_close_creation_but_later_update_or_no_snapshot
2026-07-23,1,4,17:00:00,2026-07-22T17:44:20.828765+00:00,2026-07-22T17:44:20.828765+00:00,2026-08-05T02:17:45.32796+00:00,,6,SAFE-B,pre_close_creation_but_later_update_or_no_snapshot
2026-07-23,1,5,17:24:00,2026-07-22T17:44:20.828765+00:00,2026-07-22T17:44:20.828765+00:00,2026-08-05T02:17:45.32796+00:00,,6,SAFE-B,pre_close_creation_but_later_update_or_no_snapshot
2026-07-23,1,6,17:50:00,2026-07-22T17:44:20.828765+00:00,2026-07-22T17:44:20.828765+00:00,2026-08-05T02:17:46.150227+00:00,,6,SAFE-B,pre_close_creation_but_later_update_or_no_snapshot
2026-07-23,1,7,18:14:00,2026-07-22T17:44:20.828765+00:00,2026-07-22T17:44:20.828765+00:00,2026-08-05T02:17:45.32796+00:00,,6,SAFE-B,pre_close_creation_but_later_update_or_no_snapshot
2026-07-23,1,8,18:40:00,2026-07-22T17:44:20.828765+00:00,2026-07-22T17:44:20.828765+00:00,2026-08-05T02:17:45.32796+00:00,,6,SAFE-B,pre_close_creation_but_later_update_or_no_snapshot
2026-07-23,1,9,19:09:00,2026-07-22T17:44:20.828765+00:00,2026-07-22T17:44:20.828765+00:00,2026-08-05T02:17:46.150227+00:00,,6,SAFE-B,pre_close_creation_but_later_update_or_no_snapshot
2026-07-23,1,10,19:36:00,2026-07-22T17:44:20.828765+00:00,2026-07-22T17:44:20.828765+00:00,2026-08-05T02:17:45.32796+00:00,,6,SAFE-B,pre_close_creation_but_later_update_or_no_snapshot
2026-07-23,1,11,20:02:00,2026-07-22T17:44:20.828765+00:00,2026-07-22T17:44:20.828765+00:00,2026-08-05T02:17:46.889958+00:00,,6,SAFE-B,pre_close_creation_but_later_update_or_no_snapshot
2026-07-23,1,12,20:31:00,2026-07-22T17:44:20.828765+00:00,2026-07-22T17:44:20.828765+00:00,2026-08-05T02:17:46.889958+00:00,,6,SAFE-B,pre_close_creation_but_later_update_or_no_snapshot
2026-07-23,3,1,11:14:00,2026-07-22T17:44:20.828765+00:00,2026-07-22T17:44:20.828765+00:00,2026-08-05T02:17:52.802916+00:00,,6,SAFE-B,pre_close_creation_but_later_update_or_no_snapshot
2026-07-23,3,2,11:41:00,2026-07-22T17:44:20.828765+00:00,2026-07-22T17:44:20.828765+00:00,2026-08-05T02:17:52.802916+00:00,,6,SAFE-B,pre_close_creation_but_later_update_or_no_snapshot
2026-07-23,3,3,12:08:00,2026-07-22T17:44:20.828765+00:00,2026-07-22T17:44:20.828765+00:00,2026-08-05T02:17:51.728888+00:00,,6,SAFE-B,pre_close_creation_but_later_update_or_no_snapshot
2026-07-23,3,4,12:35:00,2026-07-22T17:44:20.828765+00:00,2026-07-22T17:44:20.828765+00:00,2026-08-05T02:17:51.728888+00:00,,6,SAFE-B,pre_close_creation_but_later_update_or_no_snapshot
2026-07-23,3,5,13:02:00,2026-07-22T17:44:20.828765+00:00,2026-07-22T17:44:20.828765+00:00,2026-08-05T02:17:53.9044+00:00,,6,SAFE-B,pre_close_creation_but_later_update_or_no_snapshot
2026-07-23,3,6,13:29:00,2026-07-22T17:44:20.828765+00:00,2026-07-22T17:44:20.828765+00:00,2026-08-05T02:17:53.9044+00:00,,6,SAFE-B,pre_close_creation_but_later_update_or_no_snapshot
2026-07-23,3,7,13:56:00,2026-07-22T17:44:20.828765+00:00,2026-07-22T17:44:20.828765+00:00,2026-08-05T02:17:51.728888+00:00,,6,SAFE-B,pre_close_creation_but_later_update_or_no_snapshot
2026-07-23,3,8,14:24:00,2026-07-22T17:44:20.828765+00:00,2026-07-22T17:44:20.828765+00:00,2026-08-05T02:17:51.728888+00:00,,6,SAFE-B,pre_close_creation_but_later_update_or_no_snapshot
2026-07-23,3,9,14:52:00,2026-07-22T17:44:20.828765+00:00,2026-07-22T17:44:20.828765+00:00,2026-08-05T02:17:53.9044+00:00,,6,SAFE-B,pre_close_creation_but_later_update_or_no_snapshot
2026-07-23,3,10,15:22:00,2026-07-22T17:44:20.828765+00:00,2026-07-22T17:44:20.828765+00:00,2026-08-05T02:17:52.802916+00:00,,6,SAFE-B,pre_close_creation_but_later_update_or_no_snapshot
2026-07-23,3,11,15:53:00,2026-07-22T17:44:20.828765+00:00,2026-07-22T17:44:20.828765+00:00,2026-08-05T02:17:52.802916+00:00,,6,SAFE-B,pre_close_creation_but_later_update_or_no_snapshot
2026-07-23,3,12,16:25:00,2026-07-22T17:44:20.828765+00:00,2026-07-22T17:44:20.828765+00:00,2026-08-05T02:17:52.802916+00:00,,6,SAFE-B,pre_close_creation_but_later_update_or_no_snapshot
2026-07-23,5,1,11:33:00,2026-07-22T17:44:20.828765+00:00,2026-07-22T17:44:20.828765+00:00,2026-08-05T02:17:43.729866+00:00,,6,SAFE-B,pre_close_creation_but_later_update_or_no_snapshot
2026-07-23,5,2,12:03:00,2026-07-22T17:44:20.828765+00:00,2026-07-22T17:44:20.828765+00:00,2026-08-05T02:17:43.729866+00:00,,6,SAFE-B,pre_close_creation_but_later_update_or_no_snapshot
2026-07-23,5,3,12:31:00,2026-07-22T17:44:20.828765+00:00,2026-07-22T17:44:20.828765+00:00,2026-08-05T02:17:44.489477+00:00,,6,SAFE-B,pre_close_creation_but_later_update_or_no_snapshot
2026-07-23,5,4,13:03:00,2026-07-22T17:44:20.828765+00:00,2026-07-22T17:44:20.828765+00:00,2026-08-05T02:17:43.729866+00:00,,6,SAFE-B,pre_close_creation_but_later_update_or_no_snapshot
2026-07-23,5,5,13:32:00,2026-07-22T17:44:20.828765+00:00,2026-07-22T17:44:20.828765+00:00,2026-08-05T02:17:43.729866+00:00,,6,SAFE-B,pre_close_creation_but_later_update_or_no_snapshot
2026-07-23,5,6,14:04:00,2026-07-22T17:44:20.828765+00:00,2026-07-22T17:44:20.828765+00:00,2026-08-05T02:17:44.489477+00:00,,6,SAFE-B,pre_close_creation_but_later_update_or_no_snapshot
2026-07-23,5,7,14:35:00,2026-07-22T17:44:20.828765+00:00,2026-07-22T17:44:20.828765+00:00,2026-08-05T02:17:43.729866+00:00,,6,SAFE-B,pre_close_creation_but_later_update_or_no_snapshot
2026-07-23,5,8,15:05:00,2026-07-22T17:44:20.828765+00:00,2026-07-22T17:44:20.828765+00:00,2026-08-05T02:17:43.729866+00:00,,6,SAFE-B,pre_close_creation_but_later_update_or_no_snapshot
2026-07-23,5,9,15:40:00,2026-07-22T17:44:20.828765+00:00,2026-07-22T17:44:20.828765+00:00,2026-08-05T02:17:44.489477+00:00,,6,SAFE-B,pre_close_creation_but_later_update_or_no_snapshot
2026-07-23,5,10,16:15:00,2026-07-22T17:44:20.828765+00:00,2026-07-22T17:44:20.828765+00:00,2026-08-05T02:17:43.729866+00:00,,6,SAFE-B,pre_close_creation_but_later_update_or_no_snapshot
2026-07-23,5,11,16:48:00,2026-07-22T17:44:20.828765+00:00,2026-07-22T17:44:20.828765+00:00,2026-08-05T02:17:43.729866+00:00,,6,SAFE-B,pre_close_creation_but_later_update_or_no_snapshot
2026-07-23,5,12,17:20:00,2026-07-22T17:44:20.828765+00:00,2026-07-22T17:44:20.828765+00:00,2026-08-05T02:17:43.729866+00:00,,6,SAFE-B,pre_close_creation_but_later_update_or_no_snapshot
2026-07-23,8,1,10:41:00,2026-07-22T17:44:20.828765+00:00,2026-07-22T17:44:20.828765+00:00,2026-08-05T02:17:51.728888+00:00,,6,SAFE-B,pre_close_creation_but_later_update_or_no_snapshot
2026-07-23,8,2,11:08:00,2026-07-22T17:44:20.828765+00:00,2026-07-22T17:44:20.828765+00:00,2026-08-05T02:17:53.9044+00:00,,6,SAFE-B,pre_close_creation_but_later_update_or_no_snapshot
2026-07-23,8,3,11:39:00,2026-07-22T17:44:20.828765+00:00,2026-07-22T17:44:20.828765+00:00,2026-08-05T02:17:51.728888+00:00,,6,SAFE-B,pre_close_creation_but_later_update_or_no_snapshot
2026-07-23,8,4,12:06:00,2026-07-22T17:44:20.828765+00:00,2026-07-22T17:44:20.828765+00:00,2026-08-05T02:17:53.9044+00:00,,6,SAFE-B,pre_close_creation_but_later_update_or_no_snapshot
2026-07-23,8,5,12:33:00,2026-07-22T17:44:20.828765+00:00,2026-07-22T17:44:20.828765+00:00,2026-08-05T02:17:51.728888+00:00,,6,SAFE-B,pre_close_creation_but_later_update_or_no_snapshot
2026-07-23,8,6,13:00:00,2026-07-22T17:44:20.828765+00:00,2026-07-22T17:44:20.828765+00:00,2026-08-05T02:17:53.9044+00:00,,6,SAFE-B,pre_close_creation_but_later_update_or_no_snapshot
2026-07-23,8,7,13:27:00,2026-07-22T17:44:20.828765+00:00,2026-07-22T17:44:20.828765+00:00,2026-08-05T02:17:52.802916+00:00,,6,SAFE-B,pre_close_creation_but_later_update_or_no_snapshot
2026-07-23,8,8,13:54:00,2026-07-22T17:44:20.828765+00:00,2026-07-22T17:44:20.828765+00:00,2026-08-05T02:17:53.9044+00:00,,6,SAFE-B,pre_close_creation_but_later_update_or_no_snapshot
2026-07-23,8,9,14:29:00,2026-07-22T17:44:20.828765+00:00,2026-07-22T17:44:20.828765+00:00,2026-08-05T02:17:51.728888+00:00,,6,SAFE-B,pre_close_creation_but_later_update_or_no_snapshot
2026-07-23,8,10,14:58:00,2026-07-22T17:44:20.828765+00:00,2026-07-22T17:44:20.828765+00:00,2026-08-05T02:17:51.728888+00:00,,6,SAFE-B,pre_close_creation_but_later_update_or_no_snapshot
2026-07-23,8,11,15:35:00,2026-07-22T17:44:20.828765+00:00,2026-07-22T17:44:20.828765+00:00,2026-08-05T02:17:51.728888+00:00,,6,SAFE-B,pre_close_creation_but_later_update_or_no_snapshot
2026-07-23,8,12,16:10:00,2026-07-22T17:44:20.828765+00:00,2026-07-22T17:44:20.828765+00:00,2026-08-05T02:17:51.728888+00:00,,6,SAFE-B,pre_close_creation_but_later_update_or_no_snapshot
2026-07-23,9,1,10:33:00,2026-07-22T17:44:20.828765+00:00,2026-07-22T17:44:20.828765+00:00,2026-08-05T02:17:43.729866+00:00,,6,SAFE-B,pre_close_creation_but_later_update_or_no_snapshot
2026-07-23,9,2,11:04:00,2026-07-22T17:44:20.828765+00:00,2026-07-22T17:44:20.828765+00:00,2026-08-05T02:17:44.489477+00:00,,6,SAFE-B,pre_close_creation_but_later_update_or_no_snapshot
2026-07-23,9,3,11:36:00,2026-07-22T17:44:20.828765+00:00,2026-07-22T17:44:20.828765+00:00,2026-08-05T02:17:43.729866+00:00,,6,SAFE-B,pre_close_creation_but_later_update_or_no_snapshot
2026-07-23,9,4,12:08:00,2026-07-22T17:44:20.828765+00:00,2026-07-22T17:44:20.828765+00:00,2026-08-05T02:17:43.729866+00:00,,6,SAFE-B,pre_close_creation_but_later_update_or_no_snapshot
2026-07-23,9,5,12:38:00,2026-07-22T17:44:20.828765+00:00,2026-07-22T17:44:20.828765+00:00,2026-08-05T02:17:44.489477+00:00,,6,SAFE-B,pre_close_creation_but_later_update_or_no_snapshot
2026-07-23,9,6,13:08:00,2026-07-22T17:44:20.828765+00:00,2026-07-22T17:44:20.828765+00:00,2026-08-05T02:17:43.729866+00:00,,6,SAFE-B,pre_close_creation_but_later_update_or_no_snapshot
2026-07-23,9,7,13:38:00,2026-07-22T17:44:20.828765+00:00,2026-07-22T17:44:20.828765+00:00,2026-08-05T02:17:43.729866+00:00,,6,SAFE-B,pre_close_creation_but_later_update_or_no_snapshot
2026-07-23,9,8,14:08:00,2026-07-22T17:44:20.828765+00:00,2026-07-22T17:44:20.828765+00:00,2026-08-05T02:17:44.489477+00:00,,6,SAFE-B,pre_close_creation_but_later_update_or_no_snapshot
2026-07-23,9,9,14:38:00,2026-07-22T17:44:20.828765+00:00,2026-07-22T17:44:20.828765+00:00,2026-08-05T02:17:43.729866+00:00,,6,SAFE-B,pre_close_creation_but_later_update_or_no_snapshot
2026-07-23,9,10,15:12:00,2026-07-22T17:44:20.828765+00:00,2026-07-22T17:44:20.828765+00:00,2026-08-05T02:17:44.489477+00:00,,6,SAFE-B,pre_close_creation_but_later_update_or_no_snapshot
2026-07-23,9,11,15:46:00,2026-07-22T17:44:20.828765+00:00,2026-07-22T17:44:20.828765+00:00,2026-08-05T02:17:43.729866+00:00,,6,SAFE-B,pre_close_creation_but_later_update_or_no_snapshot
2026-07-23,9,12,16:25:00,2026-07-22T17:44:20.828765+00:00,2026-07-22T17:44:20.828765+00:00,2026-08-05T02:17:43.729866+00:00,,6,SAFE-B,pre_close_creation_but_later_update_or_no_snapshot
2026-07-23,13,1,10:34:00,2026-07-22T17:44:20.828765+00:00,2026-07-22T17:44:20.828765+00:00,2026-08-05T02:17:48.590837+00:00,,6,SAFE-B,pre_close_creation_but_later_update_or_no_snapshot
2026-07-23,13,2,10:57:00,2026-07-22T17:44:20.828765+00:00,2026-07-22T17:44:20.828765+00:00,2026-08-05T02:17:48.590837+00:00,,6,SAFE-B,pre_close_creation_but_later_update_or_no_snapshot
2026-07-23,13,3,11:20:00,2026-07-22T17:44:20.828765+00:00,2026-07-22T17:44:20.828765+00:00,2026-08-05T02:17:48.590837+00:00,,6,SAFE-B,pre_close_creation_but_later_update_or_no_snapshot
2026-07-23,13,4,11:51:00,2026-07-22T17:44:20.828765+00:00,2026-07-22T17:44:20.828765+00:00,2026-08-05T02:17:48.590837+00:00,,6,SAFE-B,pre_close_creation_but_later_update_or_no_snapshot
2026-07-23,13,5,12:14:00,2026-07-22T17:44:20.828765+00:00,2026-07-22T17:44:20.828765+00:00,2026-08-05T02:17:47.807079+00:00,,6,SAFE-B,pre_close_creation_but_later_update_or_no_snapshot
2026-07-23,13,6,12:42:00,2026-07-22T17:44:20.828765+00:00,2026-07-22T17:44:20.828765+00:00,2026-08-05T02:17:49.25927+00:00,,6,SAFE-B,pre_close_creation_but_later_update_or_no_snapshot
2026-07-23,13,7,13:21:00,2026-07-22T17:44:20.828765+00:00,2026-07-22T17:44:20.828765+00:00,2026-08-05T02:17:47.807079+00:00,,6,SAFE-B,pre_close_creation_but_later_update_or_no_snapshot
2026-07-23,13,8,13:50:00,2026-07-22T17:44:20.828765+00:00,2026-07-22T17:44:20.828765+00:00,2026-08-05T02:17:47.807079+00:00,,6,SAFE-B,pre_close_creation_but_later_update_or_no_snapshot
2026-07-23,13,9,14:33:00,2026-07-22T17:44:20.828765+00:00,2026-07-22T17:44:20.828765+00:00,2026-08-05T02:17:48.590837+00:00,,6,SAFE-B,pre_close_creation_but_later_update_or_no_snapshot
2026-07-23,13,10,15:15:00,2026-07-22T17:44:20.828765+00:00,2026-07-22T17:44:20.828765+00:00,2026-08-05T02:17:48.590837+00:00,,6,SAFE-B,pre_close_creation_but_later_update_or_no_snapshot
2026-07-23,13,11,15:44:00,2026-07-22T17:44:20.828765+00:00,2026-07-22T17:44:20.828765+00:00,2026-08-05T02:17:48.590837+00:00,,6,SAFE-B,pre_close_creation_but_later_update_or_no_snapshot
2026-07-23,13,12,16:23:00,2026-07-22T17:44:20.828765+00:00,2026-07-22T17:44:20.828765+00:00,2026-08-05T02:17:47.807079+00:00,,6,SAFE-B,pre_close_creation_but_later_update_or_no_snapshot
2026-07-23,14,1,08:46:00,2026-07-22T17:44:20.828765+00:00,2026-07-22T17:44:20.828765+00:00,2026-08-05T02:17:43.729866+00:00,,6,SAFE-B,pre_close_creation_but_later_update_or_no_snapshot
2026-07-23,14,2,09:12:00,2026-07-22T17:44:20.828765+00:00,2026-07-22T17:44:20.828765+00:00,2026-08-05T02:17:44.489477+00:00,,6,SAFE-B,pre_close_creation_but_later_update_or_no_snapshot
2026-07-23,14,3,09:38:00,2026-07-22T17:44:20.828765+00:00,2026-07-22T17:44:20.828765+00:00,2026-08-05T02:17:43.729866+00:00,,6,SAFE-B,pre_close_creation_but_later_update_or_no_snapshot
2026-07-23,14,4,10:04:00,2026-07-22T17:44:20.828765+00:00,2026-07-22T17:44:20.828765+00:00,2026-08-05T02:17:43.729866+00:00,,6,SAFE-B,pre_close_creation_but_later_update_or_no_snapshot
2026-07-23,14,5,10:30:00,2026-07-22T17:44:20.828765+00:00,2026-07-22T17:44:20.828765+00:00,2026-08-05T02:17:43.729866+00:00,,6,SAFE-B,pre_close_creation_but_later_update_or_no_snapshot
2026-07-23,14,6,10:59:00,2026-07-22T17:44:20.828765+00:00,2026-07-22T17:44:20.828765+00:00,2026-08-05T02:17:44.489477+00:00,,6,SAFE-B,pre_close_creation_but_later_update_or_no_snapshot
2026-07-23,14,7,11:28:00,2026-07-22T17:44:20.828765+00:00,2026-07-22T17:44:20.828765+00:00,2026-08-05T02:17:43.729866+00:00,,6,SAFE-B,pre_close_creation_but_later_update_or_no_snapshot
2026-07-23,14,8,11:58:00,2026-07-22T17:44:20.828765+00:00,2026-07-22T17:44:20.828765+00:00,2026-08-05T02:17:43.729866+00:00,,6,SAFE-B,pre_close_creation_but_later_update_or_no_snapshot
2026-07-23,14,9,12:27:00,2026-07-22T17:44:20.828765+00:00,2026-07-22T17:44:20.828765+00:00,2026-08-05T02:17:43.729866+00:00,,6,SAFE-B,pre_close_creation_but_later_update_or_no_snapshot
2026-07-23,14,10,13:05:00,2026-07-22T17:44:20.828765+00:00,2026-07-22T17:44:20.828765+00:00,2026-08-05T02:17:44.489477+00:00,,6,SAFE-B,pre_close_creation_but_later_update_or_no_snapshot
2026-07-23,14,11,13:35:00,2026-07-22T17:44:20.828765+00:00,2026-07-22T17:44:20.828765+00:00,2026-08-05T02:17:44.489477+00:00,,6,SAFE-B,pre_close_creation_but_later_update_or_no_snapshot
2026-07-23,14,12,14:13:00,2026-07-22T17:44:20.828765+00:00,2026-07-22T17:44:21.295485+00:00,2026-08-05T02:17:44.489477+00:00,,6,SAFE-B,pre_close_creation_but_later_update_or_no_snapshot
2026-07-23,15,1,15:27:00,2026-07-22T17:44:21.295485+00:00,2026-07-22T17:44:21.295485+00:00,2026-08-05T02:17:43.729866+00:00,,6,SAFE-B,pre_close_creation_but_later_update_or_no_snapshot
2026-07-23,15,2,16:00:00,2026-07-22T17:44:21.295485+00:00,2026-07-22T17:44:21.295485+00:00,2026-08-05T02:17:42.859977+00:00,,6,SAFE-B,pre_close_creation_but_later_update_or_no_snapshot
2026-07-23,15,3,16:35:00,2026-07-22T17:44:21.295485+00:00,2026-07-22T17:44:21.295485+00:00,2026-08-05T02:17:42.859977+00:00,,6,SAFE-B,pre_close_creation_but_later_update_or_no_snapshot
2026-07-23,15,4,17:06:00,2026-07-22T17:44:21.295485+00:00,2026-07-22T17:44:21.295485+00:00,2026-08-05T02:17:41.604559+00:00,,6,SAFE-B,pre_close_creation_but_later_update_or_no_snapshot
2026-07-23,15,5,17:30:00,2026-07-22T17:44:21.295485+00:00,2026-07-22T17:44:21.295485+00:00,2026-08-05T02:17:41.604559+00:00,,6,SAFE-B,pre_close_creation_but_later_update_or_no_snapshot
2026-07-23,15,6,17:57:00,2026-07-22T17:44:21.295485+00:00,2026-07-22T17:44:21.295485+00:00,2026-08-05T02:17:49.93449+00:00,,6,SAFE-B,pre_close_creation_but_later_update_or_no_snapshot
2026-07-23,15,7,18:21:00,2026-07-22T17:44:21.295485+00:00,2026-07-22T17:44:21.295485+00:00,2026-08-05T02:17:41.604559+00:00,,6,SAFE-B,pre_close_creation_but_later_update_or_no_snapshot
2026-07-23,15,8,18:47:00,2026-07-22T17:44:21.295485+00:00,2026-07-22T17:44:21.295485+00:00,2026-08-05T02:17:42.859977+00:00,,6,SAFE-B,pre_close_creation_but_later_update_or_no_snapshot
2026-07-23,15,9,19:16:00,2026-07-22T17:44:21.295485+00:00,2026-07-22T17:44:21.295485+00:00,2026-08-05T02:17:42.859977+00:00,,6,SAFE-B,pre_close_creation_but_later_update_or_no_snapshot
2026-07-23,15,10,19:43:00,2026-07-22T17:44:21.295485+00:00,2026-07-22T17:44:21.295485+00:00,2026-08-05T02:17:41.604559+00:00,,6,SAFE-B,pre_close_creation_but_later_update_or_no_snapshot
2026-07-23,15,11,20:09:00,2026-07-22T17:44:21.295485+00:00,2026-07-22T17:44:21.295485+00:00,2026-08-05T02:17:42.859977+00:00,,6,SAFE-B,pre_close_creation_but_later_update_or_no_snapshot
2026-07-23,15,12,20:38:00,2026-07-22T17:44:21.295485+00:00,2026-07-22T17:44:21.295485+00:00,2026-08-05T02:17:42.859977+00:00,,6,SAFE-B,pre_close_creation_but_later_update_or_no_snapshot
2026-07-23,19,1,15:30:00,2026-07-22T17:44:21.295485+00:00,2026-07-22T17:44:21.295485+00:00,2026-08-05T02:17:43.729866+00:00,,6,SAFE-B,pre_close_creation_but_later_update_or_no_snapshot
2026-07-23,19,2,16:05:00,2026-07-22T17:44:21.295485+00:00,2026-07-22T17:44:21.295485+00:00,2026-08-05T02:17:43.729866+00:00,,6,SAFE-B,pre_close_creation_but_later_update_or_no_snapshot
2026-07-23,19,3,16:39:00,2026-07-22T17:44:21.295485+00:00,2026-07-22T17:44:21.295485+00:00,2026-08-05T02:17:44.489477+00:00,,6,SAFE-B,pre_close_creation_but_later_update_or_no_snapshot
2026-07-23,19,4,17:13:00,2026-07-22T17:44:21.295485+00:00,2026-07-22T17:44:21.295485+00:00,2026-08-05T02:17:43.729866+00:00,,6,SAFE-B,pre_close_creation_but_later_update_or_no_snapshot
2026-07-23,19,5,17:37:00,2026-07-22T17:44:21.295485+00:00,2026-07-22T17:44:21.295485+00:00,2026-08-05T02:17:43.729866+00:00,,6,SAFE-B,pre_close_creation_but_later_update_or_no_snapshot
2026-07-23,19,6,18:04:00,2026-07-22T17:44:21.295485+00:00,2026-07-22T17:44:21.295485+00:00,2026-08-05T02:17:44.489477+00:00,,6,SAFE-B,pre_close_creation_but_later_update_or_no_snapshot
2026-07-23,19,7,18:28:00,2026-07-22T17:44:21.295485+00:00,2026-07-22T17:44:21.295485+00:00,2026-08-05T02:17:43.729866+00:00,,6,SAFE-B,pre_close_creation_but_later_update_or_no_snapshot
2026-07-23,19,8,18:54:00,2026-07-22T17:44:21.295485+00:00,2026-07-22T17:44:21.295485+00:00,2026-08-05T02:17:44.489477+00:00,,6,SAFE-B,pre_close_creation_but_later_update_or_no_snapshot
2026-07-23,19,9,19:23:00,2026-07-22T17:44:21.295485+00:00,2026-07-22T17:44:21.295485+00:00,2026-08-05T02:17:43.729866+00:00,,6,SAFE-B,pre_close_creation_but_later_update_or_no_snapshot
2026-07-23,19,10,19:50:00,2026-07-22T17:44:21.295485+00:00,2026-07-22T17:44:21.295485+00:00,2026-08-05T02:17:43.729866+00:00,,6,SAFE-B,pre_close_creation_but_later_update_or_no_snapshot
2026-07-23,19,11,20:16:00,2026-07-22T17:44:21.295485+00:00,2026-07-22T17:44:21.295485+00:00,2026-08-05T02:17:43.729866+00:00,,6,SAFE-B,pre_close_creation_but_later_update_or_no_snapshot
2026-07-23,19,12,20:45:00,2026-07-22T17:44:21.295485+00:00,2026-07-22T17:44:21.295485+00:00,2026-08-05T02:17:43.729866+00:00,,6,SAFE-B,pre_close_creation_but_later_update_or_no_snapshot
2026-07-23,21,1,08:32:00,2026-07-22T17:44:21.295485+00:00,2026-07-22T17:44:21.295485+00:00,2026-08-05T02:17:43.729866+00:00,,6,SAFE-B,pre_close_creation_but_later_update_or_no_snapshot
2026-07-23,21,2,08:58:00,2026-07-22T17:44:21.295485+00:00,2026-07-22T17:44:21.295485+00:00,2026-08-05T02:17:43.729866+00:00,,6,SAFE-B,pre_close_creation_but_later_update_or_no_snapshot
2026-07-23,21,3,09:24:00,2026-07-22T17:44:21.295485+00:00,2026-07-22T17:44:21.295485+00:00,2026-08-05T02:17:43.729866+00:00,,6,SAFE-B,pre_close_creation_but_later_update_or_no_snapshot
2026-07-23,21,4,09:50:00,2026-07-22T17:44:21.295485+00:00,2026-07-22T17:44:21.295485+00:00,2026-08-05T02:17:44.489477+00:00,,6,SAFE-B,pre_close_creation_but_later_update_or_no_snapshot
2026-07-23,21,5,10:16:00,2026-07-22T17:44:21.295485+00:00,2026-07-22T17:44:21.295485+00:00,2026-08-05T02:17:44.489477+00:00,,6,SAFE-B,pre_close_creation_but_later_update_or_no_snapshot
2026-07-23,21,6,10:45:00,2026-07-22T17:44:21.295485+00:00,2026-07-22T17:44:21.295485+00:00,2026-08-05T02:17:44.489477+00:00,,6,SAFE-B,pre_close_creation_but_later_update_or_no_snapshot
2026-07-23,21,7,11:16:00,2026-07-22T17:44:21.295485+00:00,2026-07-22T17:44:21.295485+00:00,2026-08-05T02:17:44.489477+00:00,,6,SAFE-B,pre_close_creation_but_later_update_or_no_snapshot
2026-07-23,21,8,11:47:00,2026-07-22T17:44:21.295485+00:00,2026-07-22T17:44:21.295485+00:00,2026-08-05T02:17:43.729866+00:00,,6,SAFE-B,pre_close_creation_but_later_update_or_no_snapshot
2026-07-23,21,9,12:18:00,2026-07-22T17:44:21.295485+00:00,2026-07-22T17:44:21.295485+00:00,2026-08-05T02:17:44.489477+00:00,,6,SAFE-B,pre_close_creation_but_later_update_or_no_snapshot
2026-07-23,21,10,12:50:00,2026-07-22T17:44:21.295485+00:00,2026-07-22T17:44:21.295485+00:00,2026-08-05T02:17:43.729866+00:00,,6,SAFE-B,pre_close_creation_but_later_update_or_no_snapshot
2026-07-23,21,11,13:24:00,2026-07-22T17:44:21.295485+00:00,2026-07-22T17:44:21.295485+00:00,2026-08-05T02:17:44.489477+00:00,,6,SAFE-B,pre_close_creation_but_later_update_or_no_snapshot
2026-07-23,21,12,14:00:00,2026-07-22T17:44:21.295485+00:00,2026-07-22T17:44:21.295485+00:00,2026-08-05T02:17:43.729866+00:00,,6,SAFE-B,pre_close_creation_but_later_update_or_no_snapshot
2026-07-23,22,1,12:16:00,2026-07-22T17:44:21.295485+00:00,2026-07-22T17:44:21.295485+00:00,2026-08-05T02:17:43.729866+00:00,,6,SAFE-B,pre_close_creation_but_later_update_or_no_snapshot
2026-07-23,22,2,12:44:00,2026-07-22T17:44:21.295485+00:00,2026-07-22T17:44:21.295485+00:00,2026-08-05T02:17:43.729866+00:00,,6,SAFE-B,pre_close_creation_but_later_update_or_no_snapshot
2026-07-23,22,3,13:15:00,2026-07-22T17:44:21.295485+00:00,2026-07-22T17:44:21.295485+00:00,2026-08-05T02:17:44.489477+00:00,,6,SAFE-B,pre_close_creation_but_later_update_or_no_snapshot
2026-07-23,22,4,13:45:00,2026-07-22T17:44:21.295485+00:00,2026-07-22T17:44:21.295485+00:00,2026-08-05T02:17:44.489477+00:00,,6,SAFE-B,pre_close_creation_but_later_update_or_no_snapshot
2026-07-23,22,5,14:18:00,2026-07-22T17:44:21.295485+00:00,2026-07-22T17:44:21.295485+00:00,2026-08-05T02:17:44.489477+00:00,,6,SAFE-B,pre_close_creation_but_later_update_or_no_snapshot
2026-07-23,22,6,14:45:00,2026-07-22T17:44:21.295485+00:00,2026-07-22T17:44:21.295485+00:00,2026-08-05T02:17:44.489477+00:00,,6,SAFE-B,pre_close_creation_but_later_update_or_no_snapshot
2026-07-23,22,7,15:18:00,2026-07-22T17:44:21.295485+00:00,2026-07-22T17:44:21.295485+00:00,2026-08-05T02:17:43.729866+00:00,,6,SAFE-B,pre_close_creation_but_later_update_or_no_snapshot
2026-07-23,22,8,15:51:00,2026-07-22T17:44:21.295485+00:00,2026-07-22T17:44:21.295485+00:00,2026-08-05T02:17:44.489477+00:00,,6,SAFE-B,pre_close_creation_but_later_update_or_no_snapshot
2026-07-23,22,9,16:20:00,2026-07-22T17:44:21.295485+00:00,2026-07-22T17:44:21.295485+00:00,2026-08-05T02:17:44.489477+00:00,,6,SAFE-B,pre_close_creation_but_later_update_or_no_snapshot
2026-07-23,22,10,16:52:00,2026-07-22T17:44:21.295485+00:00,2026-07-22T17:44:21.295485+00:00,2026-08-05T02:17:44.489477+00:00,,6,SAFE-B,pre_close_creation_but_later_update_or_no_snapshot
2026-07-23,22,11,17:27:00,2026-07-22T17:44:21.295485+00:00,2026-07-22T17:44:21.295485+00:00,2026-08-05T02:17:44.489477+00:00,,6,SAFE-B,pre_close_creation_but_later_update_or_no_snapshot
2026-07-23,22,12,18:00:00,2026-07-22T17:44:21.295485+00:00,2026-07-22T17:44:21.295485+00:00,2026-08-05T02:17:44.489477+00:00,,6,SAFE-B,pre_close_creation_but_later_update_or_no_snapshot
2026-07-23,23,1,08:39:00,2026-07-22T17:44:21.295485+00:00,2026-07-22T17:44:21.295485+00:00,2026-08-05T02:17:42.859977+00:00,,6,SAFE-B,pre_close_creation_but_later_update_or_no_snapshot
2026-07-23,23,2,09:05:00,2026-07-22T17:44:21.295485+00:00,2026-07-22T17:44:21.295485+00:00,2026-08-05T02:17:42.859977+00:00,,6,SAFE-B,pre_close_creation_but_later_update_or_no_snapshot
2026-07-23,23,3,09:31:00,2026-07-22T17:44:21.295485+00:00,2026-07-22T17:44:21.295485+00:00,2026-08-05T02:17:44.489477+00:00,,6,SAFE-B,pre_close_creation_but_later_update_or_no_snapshot
2026-07-23,23,4,09:57:00,2026-07-22T17:44:21.295485+00:00,2026-07-22T17:44:21.295485+00:00,2026-08-05T02:17:42.859977+00:00,,6,SAFE-B,pre_close_creation_but_later_update_or_no_snapshot
2026-07-23,23,5,10:23:00,2026-07-22T17:44:21.295485+00:00,2026-07-22T17:44:21.295485+00:00,2026-08-05T02:17:42.859977+00:00,,6,SAFE-B,pre_close_creation_but_later_update_or_no_snapshot
2026-07-23,23,6,10:52:00,2026-07-22T17:44:21.295485+00:00,2026-07-22T17:44:21.295485+00:00,2026-08-05T02:17:41.604559+00:00,,6,SAFE-B,pre_close_creation_but_later_update_or_no_snapshot
2026-07-23,23,7,11:22:00,2026-07-22T17:44:21.295485+00:00,2026-07-22T17:44:21.295485+00:00,2026-08-05T02:17:41.604559+00:00,,6,SAFE-B,pre_close_creation_but_later_update_or_no_snapshot
2026-07-23,23,8,11:53:00,2026-07-22T17:44:21.295485+00:00,2026-07-22T17:44:21.295485+00:00,2026-08-05T02:17:42.859977+00:00,,6,SAFE-B,pre_close_creation_but_later_update_or_no_snapshot
2026-07-23,23,9,12:24:00,2026-07-22T17:44:21.295485+00:00,2026-07-22T17:44:21.295485+00:00,2026-08-05T02:17:42.859977+00:00,,6,SAFE-B,pre_close_creation_but_later_update_or_no_snapshot
2026-07-23,23,10,12:56:00,2026-07-22T17:44:21.295485+00:00,2026-07-22T17:44:21.295485+00:00,2026-08-05T02:17:41.604559+00:00,,6,SAFE-B,pre_close_creation_but_later_update_or_no_snapshot
2026-07-23,23,11,13:30:00,2026-07-22T17:44:21.295485+00:00,2026-07-22T17:44:21.295485+00:00,2026-08-05T02:17:41.604559+00:00,,6,SAFE-B,pre_close_creation_but_later_update_or_no_snapshot
2026-07-23,23,12,14:06:00,2026-07-22T17:44:21.295485+00:00,2026-07-22T17:44:21.295485+00:00,2026-08-05T02:17:42.859977+00:00,,6,SAFE-B,pre_close_creation_but_later_update_or_no_snapshot
2026-07-23,24,1,17:41:00,2026-07-22T17:44:21.295485+00:00,2026-07-22T17:44:21.295485+00:00,2026-08-05T02:17:44.489477+00:00,,6,SAFE-B,pre_close_creation_but_later_update_or_no_snapshot
2026-07-23,24,2,18:08:00,2026-07-22T17:44:21.295485+00:00,2026-07-22T17:44:21.295485+00:00,2026-08-05T02:17:43.729866+00:00,,6,SAFE-B,pre_close_creation_but_later_update_or_no_snapshot
2026-07-23,24,3,18:34:00,2026-07-22T17:44:21.295485+00:00,2026-07-22T17:44:21.295485+00:00,2026-08-05T02:17:43.729866+00:00,,6,SAFE-B,pre_close_creation_but_later_update_or_no_snapshot
2026-07-23,24,4,19:03:00,2026-07-22T17:44:21.295485+00:00,2026-07-22T17:44:21.295485+00:00,2026-08-05T02:17:43.729866+00:00,,6,SAFE-B,pre_close_creation_but_later_update_or_no_snapshot
2026-07-23,24,5,19:30:00,2026-07-22T17:44:21.295485+00:00,2026-07-22T17:44:21.295485+00:00,2026-08-05T02:17:43.729866+00:00,,6,SAFE-B,pre_close_creation_but_later_update_or_no_snapshot
2026-07-23,24,6,19:56:00,2026-07-22T17:44:21.295485+00:00,2026-07-22T17:44:21.295485+00:00,2026-08-05T02:17:43.729866+00:00,,6,SAFE-B,pre_close_creation_but_later_update_or_no_snapshot
2026-07-23,24,7,20:25:00,2026-07-22T17:44:21.295485+00:00,2026-07-22T17:44:21.295485+00:00,2026-08-05T02:17:44.489477+00:00,,6,SAFE-B,pre_close_creation_but_later_update_or_no_snapshot
2026-07-23,24,8,20:59:00,2026-07-22T17:44:21.295485+00:00,2026-07-22T17:44:21.295485+00:00,2026-08-05T02:17:43.729866+00:00,,6,SAFE-B,pre_close_creation_but_later_update_or_no_snapshot
2026-07-23,24,9,21:25:00,2026-07-22T17:44:21.295485+00:00,2026-07-22T17:44:21.295485+00:00,2026-08-05T02:17:44.489477+00:00,,6,SAFE-B,pre_close_creation_but_later_update_or_no_snapshot
2026-07-23,24,10,21:51:00,2026-07-22T17:44:21.295485+00:00,2026-07-22T17:44:21.295485+00:00,2026-08-05T02:17:44.489477+00:00,,6,SAFE-B,pre_close_creation_but_later_update_or_no_snapshot
2026-07-23,24,11,22:16:00,2026-07-22T17:44:21.295485+00:00,2026-07-22T17:44:21.295485+00:00,2026-08-05T02:17:43.729866+00:00,,6,SAFE-B,pre_close_creation_but_later_update_or_no_snapshot
2026-07-23,24,12,22:41:00,2026-07-22T17:44:21.295485+00:00,2026-07-22T17:44:21.295485+00:00,2026-08-05T02:17:43.729866+00:00,,6,SAFE-B,pre_close_creation_but_later_update_or_no_snapshot
2026-07-24,1,1,15:28:00,2026-07-23T17:39:53.454267+00:00,2026-07-23T17:39:53.454267+00:00,2026-08-05T02:18:41.44413+00:00,,6,SAFE-B,pre_close_creation_but_later_update_or_no_snapshot
2026-07-24,1,2,16:02:00,2026-07-23T17:39:53.454267+00:00,2026-07-23T17:39:53.454267+00:00,2026-08-05T02:18:41.44413+00:00,,6,SAFE-B,pre_close_creation_but_later_update_or_no_snapshot
2026-07-24,1,3,16:28:00,2026-07-23T17:39:53.454267+00:00,2026-07-23T17:39:53.454267+00:00,2026-08-05T02:18:41.44413+00:00,,6,SAFE-B,pre_close_creation_but_later_update_or_no_snapshot
2026-07-24,1,4,17:00:00,2026-07-23T17:39:53.454267+00:00,2026-07-23T17:39:53.454267+00:00,2026-08-05T02:18:41.44413+00:00,,6,SAFE-B,pre_close_creation_but_later_update_or_no_snapshot
2026-07-24,1,5,17:24:00,2026-07-23T17:39:53.454267+00:00,2026-07-23T17:39:53.454267+00:00,2026-08-05T02:18:40.73549+00:00,,6,SAFE-B,pre_close_creation_but_later_update_or_no_snapshot
2026-07-24,1,6,17:50:00,2026-07-23T17:39:53.454267+00:00,2026-07-23T17:39:53.454267+00:00,2026-08-05T02:18:41.44413+00:00,,6,SAFE-B,pre_close_creation_but_later_update_or_no_snapshot
2026-07-24,1,7,18:14:00,2026-07-23T17:39:53.454267+00:00,2026-07-23T17:39:53.454267+00:00,2026-08-05T02:18:41.44413+00:00,,6,SAFE-B,pre_close_creation_but_later_update_or_no_snapshot
2026-07-24,1,8,18:40:00,2026-07-23T17:39:53.454267+00:00,2026-07-23T17:39:53.454267+00:00,2026-08-05T02:18:40.73549+00:00,,6,SAFE-B,pre_close_creation_but_later_update_or_no_snapshot
2026-07-24,1,9,19:09:00,2026-07-23T17:39:53.454267+00:00,2026-07-23T17:39:53.454267+00:00,2026-08-05T02:18:41.44413+00:00,,6,SAFE-B,pre_close_creation_but_later_update_or_no_snapshot
2026-07-24,1,10,19:36:00,2026-07-23T17:39:53.454267+00:00,2026-07-23T17:39:53.454267+00:00,2026-08-05T02:18:41.44413+00:00,,6,SAFE-B,pre_close_creation_but_later_update_or_no_snapshot
2026-07-24,1,11,20:02:00,2026-07-23T17:39:53.454267+00:00,2026-07-23T17:39:53.454267+00:00,2026-08-05T02:18:41.44413+00:00,,6,SAFE-B,pre_close_creation_but_later_update_or_no_snapshot
2026-07-24,1,12,20:31:00,2026-07-23T17:39:53.454267+00:00,2026-07-23T17:39:53.454267+00:00,2026-08-05T02:18:42.128424+00:00,,6,SAFE-B,pre_close_creation_but_later_update_or_no_snapshot
2026-07-24,2,1,10:47:00,2026-07-23T17:39:53.454267+00:00,2026-07-23T17:39:53.454267+00:00,2026-08-05T02:18:44.613046+00:00,,6,SAFE-B,pre_close_creation_but_later_update_or_no_snapshot
2026-07-24,2,2,11:16:00,2026-07-23T17:39:53.454267+00:00,2026-07-23T17:39:53.454267+00:00,2026-08-05T02:18:44.613046+00:00,,6,SAFE-B,pre_close_creation_but_later_update_or_no_snapshot
2026-07-24,2,3,11:45:00,2026-07-23T17:39:53.454267+00:00,2026-07-23T17:39:53.454267+00:00,2026-08-05T02:18:46.205362+00:00,,6,SAFE-B,pre_close_creation_but_later_update_or_no_snapshot
2026-07-24,2,4,12:14:00,2026-07-23T17:39:53.454267+00:00,2026-07-23T17:39:53.454267+00:00,2026-08-05T02:18:44.613046+00:00,,6,SAFE-B,pre_close_creation_but_later_update_or_no_snapshot
2026-07-24,2,5,12:44:00,2026-07-23T17:39:53.454267+00:00,2026-07-23T17:39:53.454267+00:00,2026-08-05T02:18:44.613046+00:00,,6,SAFE-B,pre_close_creation_but_later_update_or_no_snapshot
2026-07-24,2,6,13:14:00,2026-07-23T17:39:53.454267+00:00,2026-07-23T17:39:53.454267+00:00,2026-08-05T02:18:44.613046+00:00,,6,SAFE-B,pre_close_creation_but_later_update_or_no_snapshot
2026-07-24,2,7,13:45:00,2026-07-23T17:39:53.454267+00:00,2026-07-23T17:39:53.454267+00:00,2026-08-05T02:18:44.613046+00:00,,6,SAFE-B,pre_close_creation_but_later_update_or_no_snapshot
2026-07-24,2,8,14:16:00,2026-07-23T17:39:53.454267+00:00,2026-07-23T17:39:53.454267+00:00,2026-08-05T02:18:44.613046+00:00,,6,SAFE-B,pre_close_creation_but_later_update_or_no_snapshot
2026-07-24,2,9,14:48:00,2026-07-23T17:39:53.454267+00:00,2026-07-23T17:39:53.454267+00:00,2026-08-05T02:18:46.205362+00:00,,6,SAFE-B,pre_close_creation_but_later_update_or_no_snapshot
2026-07-24,2,10,15:21:00,2026-07-23T17:39:53.454267+00:00,2026-07-23T17:39:53.454267+00:00,2026-08-05T02:18:44.613046+00:00,,6,SAFE-B,pre_close_creation_but_later_update_or_no_snapshot
2026-07-24,2,11,15:55:00,2026-07-23T17:39:53.454267+00:00,2026-07-23T17:39:53.454267+00:00,2026-08-05T02:18:44.613046+00:00,,6,SAFE-B,pre_close_creation_but_later_update_or_no_snapshot
2026-07-24,2,12,16:30:00,2026-07-23T17:39:53.454267+00:00,2026-07-23T17:39:53.454267+00:00,2026-08-05T02:18:46.205362+00:00,,6,SAFE-B,pre_close_creation_but_later_update_or_no_snapshot
2026-07-24,3,1,11:14:00,2026-07-23T17:39:53.454267+00:00,2026-07-23T17:39:53.454267+00:00,2026-08-05T02:18:50.631176+00:00,,6,SAFE-B,pre_close_creation_but_later_update_or_no_snapshot
2026-07-24,3,2,11:41:00,2026-07-23T17:39:53.454267+00:00,2026-07-23T17:39:53.454267+00:00,2026-08-05T02:18:51.345426+00:00,,6,SAFE-B,pre_close_creation_but_later_update_or_no_snapshot
2026-07-24,3,3,12:08:00,2026-07-23T17:39:53.454267+00:00,2026-07-23T17:39:53.454267+00:00,2026-08-05T02:18:50.631176+00:00,,6,SAFE-B,pre_close_creation_but_later_update_or_no_snapshot
2026-07-24,3,4,12:35:00,2026-07-23T17:39:53.454267+00:00,2026-07-23T17:39:53.454267+00:00,2026-08-05T02:18:50.631176+00:00,,6,SAFE-B,pre_close_creation_but_later_update_or_no_snapshot
2026-07-24,3,5,13:02:00,2026-07-23T17:39:53.454267+00:00,2026-07-23T17:39:53.454267+00:00,2026-08-05T02:18:50.631176+00:00,,6,SAFE-B,pre_close_creation_but_later_update_or_no_snapshot
2026-07-24,3,6,13:29:00,2026-07-23T17:39:53.454267+00:00,2026-07-23T17:39:53.454267+00:00,2026-08-05T02:18:51.345426+00:00,,6,SAFE-B,pre_close_creation_but_later_update_or_no_snapshot
2026-07-24,3,7,13:56:00,2026-07-23T17:39:53.454267+00:00,2026-07-23T17:39:53.454267+00:00,2026-08-05T02:18:50.631176+00:00,,6,SAFE-B,pre_close_creation_but_later_update_or_no_snapshot
2026-07-24,3,8,14:24:00,2026-07-23T17:39:53.454267+00:00,2026-07-23T17:39:53.454267+00:00,2026-08-05T02:18:50.631176+00:00,,6,SAFE-B,pre_close_creation_but_later_update_or_no_snapshot
2026-07-24,3,9,14:52:00,2026-07-23T17:39:53.454267+00:00,2026-07-23T17:39:53.454267+00:00,2026-08-05T02:18:50.631176+00:00,,6,SAFE-B,pre_close_creation_but_later_update_or_no_snapshot
2026-07-24,3,10,15:22:00,2026-07-23T17:39:53.454267+00:00,2026-07-23T17:39:53.454267+00:00,2026-08-05T02:18:51.345426+00:00,,6,SAFE-B,pre_close_creation_but_later_update_or_no_snapshot
2026-07-24,3,11,15:53:00,2026-07-23T17:39:53.454267+00:00,2026-07-23T17:39:53.454267+00:00,2026-08-05T02:18:50.631176+00:00,,6,SAFE-B,pre_close_creation_but_later_update_or_no_snapshot
2026-07-24,3,12,16:25:00,2026-07-23T17:39:53.454267+00:00,2026-07-23T17:39:53.454267+00:00,2026-08-05T02:18:51.345426+00:00,,6,SAFE-B,pre_close_creation_but_later_update_or_no_snapshot
2026-07-24,6,1,11:32:00,2026-07-23T17:39:53.454267+00:00,2026-07-23T17:39:53.454267+00:00,2026-08-05T02:18:44.613046+00:00,,6,SAFE-B,pre_close_creation_but_later_update_or_no_snapshot
2026-07-24,6,2,12:03:00,2026-07-23T17:39:53.454267+00:00,2026-07-23T17:39:53.454267+00:00,2026-08-05T02:18:44.613046+00:00,,6,SAFE-B,pre_close_creation_but_later_update_or_no_snapshot
2026-07-24,6,3,12:33:00,2026-07-23T17:39:53.454267+00:00,2026-07-23T17:39:53.454267+00:00,2026-08-05T02:18:44.613046+00:00,,6,SAFE-B,pre_close_creation_but_later_update_or_no_snapshot
2026-07-24,6,4,13:09:00,2026-07-23T17:39:53.454267+00:00,2026-07-23T17:39:53.454267+00:00,2026-08-05T02:18:46.205362+00:00,,6,SAFE-B,pre_close_creation_but_later_update_or_no_snapshot
2026-07-24,6,5,13:39:00,2026-07-23T17:39:53.454267+00:00,2026-07-23T17:39:53.454267+00:00,2026-08-05T02:18:46.205362+00:00,,6,SAFE-B,pre_close_creation_but_later_update_or_no_snapshot
2026-07-24,6,6,14:05:00,2026-07-23T17:39:53.454267+00:00,2026-07-23T17:39:53.454267+00:00,2026-08-05T02:18:44.613046+00:00,,6,SAFE-B,pre_close_creation_but_later_update_or_no_snapshot
2026-07-24,6,7,14:37:00,2026-07-23T17:39:53.454267+00:00,2026-07-23T17:39:53.454267+00:00,2026-08-05T02:18:44.613046+00:00,,6,SAFE-B,pre_close_creation_but_later_update_or_no_snapshot
2026-07-24,6,8,15:06:00,2026-07-23T17:39:53.454267+00:00,2026-07-23T17:39:53.454267+00:00,2026-08-05T02:18:46.205362+00:00,,6,SAFE-B,pre_close_creation_but_later_update_or_no_snapshot
2026-07-24,6,9,15:35:00,2026-07-23T17:39:53.454267+00:00,2026-07-23T17:39:53.454267+00:00,2026-08-05T02:18:46.205362+00:00,,6,SAFE-B,pre_close_creation_but_later_update_or_no_snapshot
2026-07-24,6,10,16:09:00,2026-07-23T17:39:53.454267+00:00,2026-07-23T17:39:53.454267+00:00,2026-08-05T02:18:46.205362+00:00,,6,SAFE-B,pre_close_creation_but_later_update_or_no_snapshot
2026-07-24,6,11,16:36:00,2026-07-23T17:39:53.454267+00:00,2026-07-23T17:39:53.454267+00:00,2026-08-05T02:18:44.613046+00:00,,6,SAFE-B,pre_close_creation_but_later_update_or_no_snapshot
2026-07-24,6,12,17:07:00,2026-07-23T17:39:53.454267+00:00,2026-07-23T17:39:53.454267+00:00,2026-08-05T02:18:44.613046+00:00,,6,SAFE-B,pre_close_creation_but_later_update_or_no_snapshot
2026-07-24,8,1,10:40:00,2026-07-23T17:39:53.454267+00:00,2026-07-23T17:39:53.454267+00:00,2026-08-05T02:18:50.631176+00:00,,6,SAFE-B,pre_close_creation_but_later_update_or_no_snapshot
2026-07-24,8,2,11:08:00,2026-07-23T17:39:53.454267+00:00,2026-07-23T17:39:53.454267+00:00,2026-08-05T02:18:50.631176+00:00,,6,SAFE-B,pre_close_creation_but_later_update_or_no_snapshot
2026-07-24,8,3,11:36:00,2026-07-23T17:39:53.928065+00:00,2026-07-23T17:39:53.928065+00:00,2026-08-05T02:18:50.631176+00:00,,6,SAFE-B,pre_close_creation_but_later_update_or_no_snapshot
2026-07-24,8,4,12:05:00,2026-07-23T17:39:53.928065+00:00,2026-07-23T17:39:53.928065+00:00,2026-08-05T02:18:50.631176+00:00,,6,SAFE-B,pre_close_creation_but_later_update_or_no_snapshot
2026-07-24,8,5,12:31:00,2026-07-23T17:39:53.928065+00:00,2026-07-23T17:39:53.928065+00:00,2026-08-05T02:18:50.631176+00:00,,6,SAFE-B,pre_close_creation_but_later_update_or_no_snapshot
2026-07-24,8,6,13:00:00,2026-07-23T17:39:53.928065+00:00,2026-07-23T17:39:53.928065+00:00,2026-08-05T02:18:50.631176+00:00,,6,SAFE-B,pre_close_creation_but_later_update_or_no_snapshot
2026-07-24,8,7,13:27:00,2026-07-23T17:39:53.928065+00:00,2026-07-23T17:39:53.928065+00:00,2026-08-05T02:18:51.345426+00:00,,6,SAFE-B,pre_close_creation_but_later_update_or_no_snapshot
2026-07-24,8,8,13:58:00,2026-07-23T17:39:53.928065+00:00,2026-07-23T17:39:53.928065+00:00,2026-08-05T02:18:51.345426+00:00,,6,SAFE-B,pre_close_creation_but_later_update_or_no_snapshot
2026-07-24,8,9,14:30:00,2026-07-23T17:39:53.928065+00:00,2026-07-23T17:39:53.928065+00:00,2026-08-05T02:18:50.631176+00:00,,6,SAFE-B,pre_close_creation_but_later_update_or_no_snapshot
2026-07-24,8,10,14:58:00,2026-07-23T17:39:53.928065+00:00,2026-07-23T17:39:53.928065+00:00,2026-08-05T02:18:50.631176+00:00,,6,SAFE-B,pre_close_creation_but_later_update_or_no_snapshot
2026-07-24,8,11,15:33:00,2026-07-23T17:39:53.928065+00:00,2026-07-23T17:39:53.928065+00:00,2026-08-05T02:18:50.631176+00:00,,6,SAFE-B,pre_close_creation_but_later_update_or_no_snapshot
2026-07-24,8,12,16:06:00,2026-07-23T17:39:53.928065+00:00,2026-07-23T17:39:53.928065+00:00,2026-08-05T02:18:50.631176+00:00,,6,SAFE-B,pre_close_creation_but_later_update_or_no_snapshot
2026-07-24,12,1,15:18:00,2026-07-23T17:39:53.928065+00:00,2026-07-23T17:39:53.928065+00:00,2026-08-05T02:18:49.114286+00:00,,6,SAFE-B,pre_close_creation_but_later_update_or_no_snapshot
2026-07-24,12,2,15:57:00,2026-07-23T17:39:53.928065+00:00,2026-07-23T17:39:53.928065+00:00,2026-08-05T02:18:49.114286+00:00,,6,SAFE-B,pre_close_creation_but_later_update_or_no_snapshot
2026-07-24,12,3,16:31:00,2026-07-23T17:39:53.928065+00:00,2026-07-23T17:39:53.928065+00:00,2026-08-05T02:18:49.897927+00:00,,6,SAFE-B,pre_close_creation_but_later_update_or_no_snapshot
2026-07-24,12,4,17:04:00,2026-07-23T17:39:53.928065+00:00,2026-07-23T17:39:53.928065+00:00,2026-08-05T02:18:49.897927+00:00,,6,SAFE-B,pre_close_creation_but_later_update_or_no_snapshot
2026-07-24,12,5,17:28:00,2026-07-23T17:39:53.928065+00:00,2026-07-23T17:39:53.928065+00:00,2026-08-05T02:18:49.897927+00:00,,6,SAFE-B,pre_close_creation_but_later_update_or_no_snapshot
2026-07-24,12,6,17:55:00,2026-07-23T17:39:53.928065+00:00,2026-07-23T17:39:53.928065+00:00,2026-08-05T02:18:49.114286+00:00,,6,SAFE-B,pre_close_creation_but_later_update_or_no_snapshot
2026-07-24,12,7,18:19:00,2026-07-23T17:39:53.928065+00:00,2026-07-23T17:39:53.928065+00:00,2026-08-05T02:18:49.897927+00:00,,6,SAFE-B,pre_close_creation_but_later_update_or_no_snapshot
2026-07-24,12,8,18:45:00,2026-07-23T17:39:53.928065+00:00,2026-07-23T17:39:53.928065+00:00,2026-08-05T02:18:49.114286+00:00,,6,SAFE-B,pre_close_creation_but_later_update_or_no_snapshot
2026-07-24,12,9,19:14:00,2026-07-23T17:39:53.928065+00:00,2026-07-23T17:39:53.928065+00:00,2026-08-05T02:18:49.897927+00:00,,6,SAFE-B,pre_close_creation_but_later_update_or_no_snapshot
2026-07-24,12,10,19:41:00,2026-07-23T17:39:53.928065+00:00,2026-07-23T17:39:53.928065+00:00,2026-08-05T02:18:49.897927+00:00,,6,SAFE-B,pre_close_creation_but_later_update_or_no_snapshot
2026-07-24,12,11,20:07:00,2026-07-23T17:39:53.928065+00:00,2026-07-23T17:39:53.928065+00:00,2026-08-05T02:18:49.897927+00:00,,6,SAFE-B,pre_close_creation_but_later_update_or_no_snapshot
2026-07-24,12,12,20:36:00,2026-07-23T17:39:53.928065+00:00,2026-07-23T17:39:53.928065+00:00,2026-08-05T02:18:49.114286+00:00,,6,SAFE-B,pre_close_creation_but_later_update_or_no_snapshot
2026-07-24,13,1,10:36:00,2026-07-23T17:39:53.928065+00:00,2026-07-23T17:39:53.928065+00:00,2026-08-05T02:18:47.653039+00:00,,6,SAFE-B,pre_close_creation_but_later_update_or_no_snapshot
2026-07-24,13,2,11:03:00,2026-07-23T17:39:53.928065+00:00,2026-07-23T17:39:53.928065+00:00,2026-08-05T02:18:46.944429+00:00,,6,SAFE-B,pre_close_creation_but_later_update_or_no_snapshot
2026-07-24,13,3,11:27:00,2026-07-23T17:39:53.928065+00:00,2026-07-23T17:39:53.928065+00:00,2026-08-05T02:18:47.653039+00:00,,6,SAFE-B,pre_close_creation_but_later_update_or_no_snapshot
2026-07-24,13,4,11:52:00,2026-07-23T17:39:53.928065+00:00,2026-07-23T17:39:53.928065+00:00,2026-08-05T02:18:46.944429+00:00,,6,SAFE-B,pre_close_creation_but_later_update_or_no_snapshot
2026-07-24,13,5,12:21:00,2026-07-23T17:39:53.928065+00:00,2026-07-23T17:39:53.928065+00:00,2026-08-05T02:18:46.944429+00:00,,6,SAFE-B,pre_close_creation_but_later_update_or_no_snapshot
2026-07-24,13,6,12:52:00,2026-07-23T17:39:53.928065+00:00,2026-07-23T17:39:53.928065+00:00,2026-08-05T02:18:47.653039+00:00,,6,SAFE-B,pre_close_creation_but_later_update_or_no_snapshot
2026-07-24,13,7,13:20:00,2026-07-23T17:39:53.928065+00:00,2026-07-23T17:39:53.928065+00:00,2026-08-05T02:18:46.944429+00:00,,6,SAFE-B,pre_close_creation_but_later_update_or_no_snapshot
2026-07-24,13,8,13:53:00,2026-07-23T17:39:53.928065+00:00,2026-07-23T17:39:53.928065+00:00,2026-08-05T02:18:47.653039+00:00,,6,SAFE-B,pre_close_creation_but_later_update_or_no_snapshot
2026-07-24,13,9,14:42:00,2026-07-23T17:39:53.928065+00:00,2026-07-23T17:39:53.928065+00:00,2026-08-05T02:18:46.944429+00:00,,6,SAFE-B,pre_close_creation_but_later_update_or_no_snapshot
2026-07-24,13,10,15:11:00,2026-07-23T17:39:53.928065+00:00,2026-07-23T17:39:53.928065+00:00,2026-08-05T02:18:47.653039+00:00,,6,SAFE-B,pre_close_creation_but_later_update_or_no_snapshot
2026-07-24,13,11,15:51:00,2026-07-23T17:39:53.928065+00:00,2026-07-23T17:39:53.928065+00:00,2026-08-05T02:18:46.944429+00:00,,6,SAFE-B,pre_close_creation_but_later_update_or_no_snapshot
2026-07-24,13,12,16:23:00,2026-07-23T17:39:53.928065+00:00,2026-07-23T17:39:53.928065+00:00,2026-08-05T02:18:46.944429+00:00,,6,SAFE-B,pre_close_creation_but_later_update_or_no_snapshot
2026-07-24,14,1,08:46:00,2026-07-23T17:39:53.928065+00:00,2026-07-23T17:39:53.928065+00:00,2026-08-05T02:18:46.205362+00:00,,6,SAFE-B,pre_close_creation_but_later_update_or_no_snapshot
2026-07-24,14,2,09:12:00,2026-07-23T17:39:53.928065+00:00,2026-07-23T17:39:53.928065+00:00,2026-08-05T02:18:46.205362+00:00,,6,SAFE-B,pre_close_creation_but_later_update_or_no_snapshot
2026-07-24,14,3,09:38:00,2026-07-23T17:39:53.928065+00:00,2026-07-23T17:39:53.928065+00:00,2026-08-05T02:18:45.32804+00:00,,6,SAFE-B,pre_close_creation_but_later_update_or_no_snapshot
2026-07-24,14,4,10:04:00,2026-07-23T17:39:53.928065+00:00,2026-07-23T17:39:53.928065+00:00,2026-08-05T02:18:44.613046+00:00,,6,SAFE-B,pre_close_creation_but_later_update_or_no_snapshot
2026-07-24,14,5,10:30:00,2026-07-23T17:39:53.928065+00:00,2026-07-23T17:39:53.928065+00:00,2026-08-05T02:18:44.613046+00:00,,6,SAFE-B,pre_close_creation_but_later_update_or_no_snapshot
2026-07-24,14,6,10:59:00,2026-07-23T17:39:53.928065+00:00,2026-07-23T17:39:53.928065+00:00,2026-08-05T02:18:46.205362+00:00,,6,SAFE-B,pre_close_creation_but_later_update_or_no_snapshot
2026-07-24,14,7,11:28:00,2026-07-23T17:39:53.928065+00:00,2026-07-23T17:39:53.928065+00:00,2026-08-05T02:18:44.613046+00:00,,6,SAFE-B,pre_close_creation_but_later_update_or_no_snapshot
2026-07-24,14,8,11:58:00,2026-07-23T17:39:53.928065+00:00,2026-07-23T17:39:53.928065+00:00,2026-08-05T02:18:46.205362+00:00,,6,SAFE-B,pre_close_creation_but_later_update_or_no_snapshot
2026-07-24,14,9,12:27:00,2026-07-23T17:39:53.928065+00:00,2026-07-23T17:39:53.928065+00:00,2026-08-05T02:18:46.205362+00:00,,6,SAFE-B,pre_close_creation_but_later_update_or_no_snapshot
2026-07-24,14,10,13:05:00,2026-07-23T17:39:53.928065+00:00,2026-07-23T17:39:53.928065+00:00,2026-08-05T02:18:46.205362+00:00,,6,SAFE-B,pre_close_creation_but_later_update_or_no_snapshot
2026-07-24,14,11,13:35:00,2026-07-23T17:39:53.928065+00:00,2026-07-23T17:39:53.928065+00:00,2026-08-05T02:18:44.613046+00:00,,6,SAFE-B,pre_close_creation_but_later_update_or_no_snapshot
2026-07-24,14,12,14:13:00,2026-07-23T17:39:53.928065+00:00,2026-07-23T17:39:53.928065+00:00,2026-08-05T02:18:44.613046+00:00,,6,SAFE-B,pre_close_creation_but_later_update_or_no_snapshot
2026-07-24,15,1,15:27:00,2026-07-23T17:39:53.928065+00:00,2026-07-23T17:39:53.928065+00:00,2026-08-05T02:18:46.205362+00:00,,6,SAFE-B,pre_close_creation_but_later_update_or_no_snapshot
2026-07-24,15,2,16:02:00,2026-07-23T17:39:53.928065+00:00,2026-07-23T17:39:53.928065+00:00,2026-08-05T02:18:46.205362+00:00,,6,SAFE-B,pre_close_creation_but_later_update_or_no_snapshot
2026-07-24,15,3,16:33:00,2026-07-23T17:39:53.928065+00:00,2026-07-23T17:39:53.928065+00:00,2026-08-05T02:18:46.205362+00:00,,6,SAFE-B,pre_close_creation_but_later_update_or_no_snapshot
2026-07-24,15,4,17:09:00,2026-07-23T17:39:53.928065+00:00,2026-07-23T17:39:53.928065+00:00,2026-08-05T02:18:46.205362+00:00,,6,SAFE-B,pre_close_creation_but_later_update_or_no_snapshot
2026-07-24,15,5,17:33:00,2026-07-23T17:39:54.23343+00:00,2026-07-23T17:39:54.23343+00:00,2026-08-05T02:18:46.205362+00:00,,6,SAFE-B,pre_close_creation_but_later_update_or_no_snapshot
2026-07-24,15,6,17:58:00,2026-07-23T17:39:54.23343+00:00,2026-07-23T17:39:54.23343+00:00,2026-08-05T02:18:43.449758+00:00,,6,SAFE-B,pre_close_creation_but_later_update_or_no_snapshot
2026-07-24,15,7,18:24:00,2026-07-23T17:39:54.23343+00:00,2026-07-23T17:39:54.23343+00:00,2026-08-05T02:18:44.613046+00:00,,6,SAFE-B,pre_close_creation_but_later_update_or_no_snapshot
2026-07-24,15,8,18:50:00,2026-07-23T17:39:54.23343+00:00,2026-07-23T17:39:54.23343+00:00,2026-08-05T02:18:46.205362+00:00,,6,SAFE-B,pre_close_creation_but_later_update_or_no_snapshot
2026-07-24,15,9,19:19:00,2026-07-23T17:39:54.23343+00:00,2026-07-23T17:39:54.23343+00:00,2026-08-05T02:18:46.205362+00:00,,6,SAFE-B,pre_close_creation_but_later_update_or_no_snapshot
2026-07-24,15,10,19:46:00,2026-07-23T17:39:54.23343+00:00,2026-07-23T17:39:54.23343+00:00,2026-08-05T02:18:43.449758+00:00,,6,SAFE-B,pre_close_creation_but_later_update_or_no_snapshot
2026-07-24,15,11,20:12:00,2026-07-23T17:39:54.23343+00:00,2026-07-23T17:39:54.23343+00:00,2026-08-05T02:18:48.309305+00:00,,6,SAFE-B,pre_close_creation_but_later_update_or_no_snapshot
2026-07-24,15,12,20:41:00,2026-07-23T17:39:54.23343+00:00,2026-07-23T17:39:54.23343+00:00,2026-08-05T02:18:46.205362+00:00,,6,SAFE-B,pre_close_creation_but_later_update_or_no_snapshot
2026-07-24,17,1,10:56:00,2026-07-23T17:39:54.23343+00:00,2026-07-23T17:39:54.23343+00:00,2026-08-05T02:18:46.205362+00:00,,6,SAFE-B,pre_close_creation_but_later_update_or_no_snapshot
2026-07-24,17,2,11:39:00,2026-07-23T17:39:54.23343+00:00,2026-07-23T17:39:54.23343+00:00,2026-08-05T02:18:43.449758+00:00,,6,SAFE-B,pre_close_creation_but_later_update_or_no_snapshot
2026-07-24,17,3,12:12:00,2026-07-23T17:39:54.23343+00:00,2026-07-23T17:39:54.23343+00:00,2026-08-05T02:18:46.205362+00:00,,6,SAFE-B,pre_close_creation_but_later_update_or_no_snapshot
2026-07-24,17,4,12:42:00,2026-07-23T17:39:54.23343+00:00,2026-07-23T17:39:54.23343+00:00,2026-08-05T02:18:43.449758+00:00,,6,SAFE-B,pre_close_creation_but_later_update_or_no_snapshot
2026-07-24,17,5,13:13:00,2026-07-23T17:39:54.23343+00:00,2026-07-23T17:39:54.23343+00:00,2026-08-05T02:18:43.449758+00:00,,6,SAFE-B,pre_close_creation_but_later_update_or_no_snapshot
2026-07-24,17,6,13:42:00,2026-07-23T17:39:54.23343+00:00,2026-07-23T17:39:54.23343+00:00,2026-08-05T02:18:43.449758+00:00,,6,SAFE-B,pre_close_creation_but_later_update_or_no_snapshot
2026-07-24,17,7,14:10:00,2026-07-23T17:39:54.23343+00:00,2026-07-23T17:39:54.23343+00:00,2026-08-05T02:18:43.449758+00:00,,6,SAFE-B,pre_close_creation_but_later_update_or_no_snapshot
2026-07-24,17,8,14:35:00,2026-07-23T17:39:54.23343+00:00,2026-07-23T17:39:54.23343+00:00,2026-08-05T02:18:43.449758+00:00,,6,SAFE-B,pre_close_creation_but_later_update_or_no_snapshot
2026-07-24,17,9,15:03:00,2026-07-23T17:39:54.23343+00:00,2026-07-23T17:39:54.23343+00:00,2026-08-05T02:18:43.449758+00:00,,6,SAFE-B,pre_close_creation_but_later_update_or_no_snapshot
2026-07-24,17,10,15:42:00,2026-07-23T17:39:54.23343+00:00,2026-07-23T17:39:54.23343+00:00,2026-08-05T02:18:43.449758+00:00,,6,SAFE-B,pre_close_creation_but_later_update_or_no_snapshot
2026-07-24,17,11,16:15:00,2026-07-23T17:39:54.23343+00:00,2026-07-23T17:39:54.23343+00:00,2026-08-05T02:18:43.449758+00:00,,6,SAFE-B,pre_close_creation_but_later_update_or_no_snapshot
2026-07-24,17,12,16:50:00,2026-07-23T17:39:54.23343+00:00,2026-07-23T17:39:54.23343+00:00,2026-08-05T02:18:43.449758+00:00,,6,SAFE-B,pre_close_creation_but_later_update_or_no_snapshot
2026-07-24,19,1,15:30:00,2026-07-23T17:39:54.23343+00:00,2026-07-23T17:39:54.23343+00:00,2026-08-05T02:18:44.613046+00:00,,6,SAFE-B,pre_close_creation_but_later_update_or_no_snapshot
2026-07-24,19,2,16:05:00,2026-07-23T17:39:54.23343+00:00,2026-07-23T17:39:54.23343+00:00,2026-08-05T02:18:44.613046+00:00,,6,SAFE-B,pre_close_creation_but_later_update_or_no_snapshot
2026-07-24,19,3,16:39:00,2026-07-23T17:39:54.23343+00:00,2026-07-23T17:39:54.23343+00:00,2026-08-05T02:18:46.205362+00:00,,6,SAFE-B,pre_close_creation_but_later_update_or_no_snapshot
2026-07-24,19,4,17:13:00,2026-07-23T17:39:54.23343+00:00,2026-07-23T17:39:54.23343+00:00,2026-08-05T02:18:44.613046+00:00,,6,SAFE-B,pre_close_creation_but_later_update_or_no_snapshot
2026-07-24,19,5,17:37:00,2026-07-23T17:39:54.23343+00:00,2026-07-23T17:39:54.23343+00:00,2026-08-05T02:18:44.613046+00:00,,6,SAFE-B,pre_close_creation_but_later_update_or_no_snapshot
2026-07-24,19,6,18:04:00,2026-07-23T17:39:54.23343+00:00,2026-07-23T17:39:54.23343+00:00,2026-08-05T02:18:44.613046+00:00,,6,SAFE-B,pre_close_creation_but_later_update_or_no_snapshot
2026-07-24,19,7,18:28:00,2026-07-23T17:39:54.23343+00:00,2026-07-23T17:39:54.23343+00:00,2026-08-05T02:18:44.613046+00:00,,6,SAFE-B,pre_close_creation_but_later_update_or_no_snapshot
2026-07-24,19,8,18:54:00,2026-07-23T17:39:54.23343+00:00,2026-07-23T17:39:54.23343+00:00,2026-08-05T02:18:44.613046+00:00,,6,SAFE-B,pre_close_creation_but_later_update_or_no_snapshot
2026-07-24,19,9,19:23:00,2026-07-23T17:39:54.23343+00:00,2026-07-23T17:39:54.23343+00:00,2026-08-05T02:18:44.613046+00:00,,6,SAFE-B,pre_close_creation_but_later_update_or_no_snapshot
2026-07-24,19,10,19:50:00,2026-07-23T17:39:54.23343+00:00,2026-07-23T17:39:54.23343+00:00,2026-08-05T02:18:44.613046+00:00,,6,SAFE-B,pre_close_creation_but_later_update_or_no_snapshot
2026-07-24,19,11,20:16:00,2026-07-23T17:39:54.23343+00:00,2026-07-23T17:39:54.23343+00:00,2026-08-05T02:18:44.613046+00:00,,6,SAFE-B,pre_close_creation_but_later_update_or_no_snapshot
2026-07-24,19,12,20:45:00,2026-07-23T17:39:54.23343+00:00,2026-07-23T17:39:54.23343+00:00,2026-08-05T02:18:46.205362+00:00,,6,SAFE-B,pre_close_creation_but_later_update_or_no_snapshot
2026-07-24,21,1,08:32:00,2026-07-23T17:39:54.23343+00:00,2026-07-23T17:39:54.23343+00:00,2026-08-05T02:18:44.613046+00:00,,6,SAFE-B,pre_close_creation_but_later_update_or_no_snapshot
2026-07-24,21,2,08:58:00,2026-07-23T17:39:54.23343+00:00,2026-07-23T17:39:54.23343+00:00,2026-08-05T02:18:44.613046+00:00,,6,SAFE-B,pre_close_creation_but_later_update_or_no_snapshot
2026-07-24,21,3,09:24:00,2026-07-23T17:39:54.23343+00:00,2026-07-23T17:39:54.23343+00:00,2026-08-05T02:18:44.613046+00:00,,6,SAFE-B,pre_close_creation_but_later_update_or_no_snapshot
2026-07-24,21,4,09:50:00,2026-07-23T17:39:54.23343+00:00,2026-07-23T17:39:54.23343+00:00,2026-08-05T02:18:46.205362+00:00,,6,SAFE-B,pre_close_creation_but_later_update_or_no_snapshot
2026-07-24,21,5,10:16:00,2026-07-23T17:39:54.23343+00:00,2026-07-23T17:39:54.23343+00:00,2026-08-05T02:18:44.613046+00:00,,6,SAFE-B,pre_close_creation_but_later_update_or_no_snapshot
2026-07-24,21,6,10:44:00,2026-07-23T17:39:54.23343+00:00,2026-07-23T17:39:54.23343+00:00,2026-08-05T02:18:44.613046+00:00,,6,SAFE-B,pre_close_creation_but_later_update_or_no_snapshot
2026-07-24,21,7,11:12:00,2026-07-23T17:39:54.23343+00:00,2026-07-23T17:39:54.23343+00:00,2026-08-05T02:18:44.613046+00:00,,6,SAFE-B,pre_close_creation_but_later_update_or_no_snapshot
2026-07-24,21,8,11:43:00,2026-07-23T17:39:54.23343+00:00,2026-07-23T17:39:54.23343+00:00,2026-08-05T02:18:46.205362+00:00,,6,SAFE-B,pre_close_creation_but_later_update_or_no_snapshot
2026-07-24,21,9,12:16:00,2026-07-23T17:39:54.23343+00:00,2026-07-23T17:39:54.23343+00:00,2026-08-05T02:18:46.205362+00:00,,6,SAFE-B,pre_close_creation_but_later_update_or_no_snapshot
2026-07-24,21,10,12:49:00,2026-07-23T17:39:54.23343+00:00,2026-07-23T17:39:54.23343+00:00,2026-08-05T02:18:46.205362+00:00,,6,SAFE-B,pre_close_creation_but_later_update_or_no_snapshot
2026-07-24,21,11,13:23:00,2026-07-23T17:39:54.23343+00:00,2026-07-23T17:39:54.23343+00:00,2026-08-05T02:18:46.205362+00:00,,6,SAFE-B,pre_close_creation_but_later_update_or_no_snapshot
2026-07-24,21,12,14:00:00,2026-07-23T17:39:54.23343+00:00,2026-07-23T17:39:54.23343+00:00,2026-08-05T02:18:44.613046+00:00,,6,SAFE-B,pre_close_creation_but_later_update_or_no_snapshot
2026-07-24,22,1,12:18:00,2026-07-23T17:39:54.23343+00:00,2026-07-23T17:39:54.23343+00:00,2026-08-05T02:18:46.205362+00:00,,6,SAFE-B,pre_close_creation_but_later_update_or_no_snapshot
2026-07-24,22,2,12:47:00,2026-07-23T17:39:54.23343+00:00,2026-07-23T17:39:54.23343+00:00,2026-08-05T02:18:44.613046+00:00,,6,SAFE-B,pre_close_creation_but_later_update_or_no_snapshot
2026-07-24,22,3,13:17:00,2026-07-23T17:39:54.23343+00:00,2026-07-23T17:39:54.23343+00:00,2026-08-05T02:18:44.613046+00:00,,6,SAFE-B,pre_close_creation_but_later_update_or_no_snapshot
2026-07-24,22,4,13:49:00,2026-07-23T17:39:54.23343+00:00,2026-07-23T17:39:54.23343+00:00,2026-08-05T02:18:46.205362+00:00,,6,SAFE-B,pre_close_creation_but_later_update_or_no_snapshot
2026-07-24,22,5,14:18:00,2026-07-23T17:39:54.23343+00:00,2026-07-23T17:39:54.23343+00:00,2026-08-05T02:18:46.205362+00:00,,6,SAFE-B,pre_close_creation_but_later_update_or_no_snapshot
2026-07-24,22,6,14:45:00,2026-07-23T17:39:54.23343+00:00,2026-07-23T17:39:54.23343+00:00,2026-08-05T02:18:46.205362+00:00,,6,SAFE-B,pre_close_creation_but_later_update_or_no_snapshot
2026-07-24,22,7,15:14:00,2026-07-23T17:39:54.514148+00:00,2026-07-23T17:39:54.514148+00:00,2026-08-05T02:18:46.205362+00:00,,6,SAFE-B,pre_close_creation_but_later_update_or_no_snapshot
2026-07-24,22,8,15:44:00,2026-07-23T17:39:54.514148+00:00,2026-07-23T17:39:54.514148+00:00,2026-08-05T02:18:46.205362+00:00,,6,SAFE-B,pre_close_creation_but_later_update_or_no_snapshot
2026-07-24,22,9,16:18:00,2026-07-23T17:39:54.514148+00:00,2026-07-23T17:39:54.514148+00:00,2026-08-05T02:18:46.205362+00:00,,6,SAFE-B,pre_close_creation_but_later_update_or_no_snapshot
2026-07-24,22,10,16:55:00,2026-07-23T17:39:54.514148+00:00,2026-07-23T17:39:54.514148+00:00,2026-08-05T02:18:46.205362+00:00,,6,SAFE-B,pre_close_creation_but_later_update_or_no_snapshot
2026-07-24,22,11,17:22:00,2026-07-23T17:39:54.514148+00:00,2026-07-23T17:39:54.514148+00:00,2026-08-05T02:18:44.613046+00:00,,6,SAFE-B,pre_close_creation_but_later_update_or_no_snapshot
2026-07-24,22,12,18:00:00,2026-07-23T17:39:54.514148+00:00,2026-07-23T17:39:54.514148+00:00,2026-08-05T02:18:45.32804+00:00,,6,SAFE-B,pre_close_creation_but_later_update_or_no_snapshot
2026-07-24,23,1,08:39:00,2026-07-23T17:39:54.514148+00:00,2026-07-23T17:39:54.514148+00:00,2026-08-05T02:18:46.205362+00:00,,6,SAFE-B,pre_close_creation_but_later_update_or_no_snapshot
2026-07-24,23,2,09:05:00,2026-07-23T17:39:54.514148+00:00,2026-07-23T17:39:54.514148+00:00,2026-08-05T02:18:46.205362+00:00,,6,SAFE-B,pre_close_creation_but_later_update_or_no_snapshot
2026-07-24,23,3,09:31:00,2026-07-23T17:39:54.514148+00:00,2026-07-23T17:39:54.514148+00:00,2026-08-05T02:18:45.32804+00:00,,6,SAFE-B,pre_close_creation_but_later_update_or_no_snapshot
2026-07-24,23,4,09:57:00,2026-07-23T17:39:54.514148+00:00,2026-07-23T17:39:54.514148+00:00,2026-08-05T02:18:46.205362+00:00,,6,SAFE-B,pre_close_creation_but_later_update_or_no_snapshot
2026-07-24,23,5,10:23:00,2026-07-23T17:39:54.514148+00:00,2026-07-23T17:39:54.514148+00:00,2026-08-05T02:18:46.205362+00:00,,6,SAFE-B,pre_close_creation_but_later_update_or_no_snapshot
2026-07-24,23,6,10:52:00,2026-07-23T17:39:54.514148+00:00,2026-07-23T17:39:54.514148+00:00,2026-08-05T02:18:43.449758+00:00,,6,SAFE-B,pre_close_creation_but_later_update_or_no_snapshot
2026-07-24,23,7,11:21:00,2026-07-23T17:39:54.514148+00:00,2026-07-23T17:39:54.514148+00:00,2026-08-05T02:18:43.449758+00:00,,6,SAFE-B,pre_close_creation_but_later_update_or_no_snapshot
2026-07-24,23,8,11:50:00,2026-07-23T17:39:54.514148+00:00,2026-07-23T17:39:54.514148+00:00,2026-08-05T02:18:43.449758+00:00,,6,SAFE-B,pre_close_creation_but_later_update_or_no_snapshot
2026-07-24,23,9,12:24:00,2026-07-23T17:39:54.514148+00:00,2026-07-23T17:39:54.514148+00:00,2026-08-05T02:18:43.449758+00:00,,6,SAFE-B,pre_close_creation_but_later_update_or_no_snapshot
2026-07-24,23,10,12:56:00,2026-07-23T17:39:54.514148+00:00,2026-07-23T17:39:54.514148+00:00,2026-08-05T02:18:46.205362+00:00,,6,SAFE-B,pre_close_creation_but_later_update_or_no_snapshot
2026-07-24,23,11,13:32:00,2026-07-23T17:39:54.514148+00:00,2026-07-23T17:39:54.514148+00:00,2026-08-05T02:18:46.205362+00:00,,6,SAFE-B,pre_close_creation_but_later_update_or_no_snapshot
2026-07-24,23,12,14:03:00,2026-07-23T17:39:54.514148+00:00,2026-07-23T17:39:54.514148+00:00,2026-08-05T02:18:43.449758+00:00,,6,SAFE-B,pre_close_creation_but_later_update_or_no_snapshot
2026-07-24,24,1,17:41:00,2026-07-23T17:39:54.514148+00:00,2026-07-23T17:39:54.514148+00:00,2026-08-05T02:18:46.205362+00:00,,6,SAFE-B,pre_close_creation_but_later_update_or_no_snapshot
2026-07-24,24,2,18:08:00,2026-07-23T17:39:54.514148+00:00,2026-07-23T17:39:54.514148+00:00,2026-08-05T02:18:44.613046+00:00,,6,SAFE-B,pre_close_creation_but_later_update_or_no_snapshot
2026-07-24,24,3,18:34:00,2026-07-23T17:39:54.514148+00:00,2026-07-23T17:39:54.514148+00:00,2026-08-05T02:18:45.32804+00:00,,6,SAFE-B,pre_close_creation_but_later_update_or_no_snapshot
2026-07-24,24,4,19:03:00,2026-07-23T17:39:54.514148+00:00,2026-07-23T17:39:54.514148+00:00,2026-08-05T02:18:44.613046+00:00,,6,SAFE-B,pre_close_creation_but_later_update_or_no_snapshot
2026-07-24,24,5,19:30:00,2026-07-23T17:39:54.514148+00:00,2026-07-23T17:39:54.514148+00:00,2026-08-05T02:18:46.205362+00:00,,6,SAFE-B,pre_close_creation_but_later_update_or_no_snapshot
2026-07-24,24,6,19:56:00,2026-07-23T17:39:54.514148+00:00,2026-07-23T17:39:54.514148+00:00,2026-08-05T02:18:45.32804+00:00,,6,SAFE-B,pre_close_creation_but_later_update_or_no_snapshot
2026-07-24,24,7,20:25:00,2026-07-23T17:39:54.514148+00:00,2026-07-23T17:39:54.514148+00:00,2026-08-05T02:18:46.205362+00:00,,6,SAFE-B,pre_close_creation_but_later_update_or_no_snapshot
2026-07-24,24,8,20:59:00,2026-07-23T17:39:54.514148+00:00,2026-07-23T17:39:54.514148+00:00,2026-08-05T02:18:44.613046+00:00,,6,SAFE-B,pre_close_creation_but_later_update_or_no_snapshot
2026-07-24,24,9,21:25:00,2026-07-23T17:39:54.514148+00:00,2026-07-23T17:39:54.514148+00:00,2026-08-05T02:18:44.613046+00:00,,6,SAFE-B,pre_close_creation_but_later_update_or_no_snapshot
2026-07-24,24,10,21:51:00,2026-07-23T17:39:54.514148+00:00,2026-07-23T17:39:54.514148+00:00,2026-08-05T02:18:46.205362+00:00,,6,SAFE-B,pre_close_creation_but_later_update_or_no_snapshot
2026-07-24,24,11,22:16:00,2026-07-23T17:39:54.514148+00:00,2026-07-23T17:39:54.514148+00:00,2026-08-05T02:18:44.613046+00:00,,6,SAFE-B,pre_close_creation_but_later_update_or_no_snapshot
2026-07-24,24,12,22:41:00,2026-07-23T17:39:54.514148+00:00,2026-07-23T17:39:54.514148+00:00,2026-08-05T02:18:44.613046+00:00,,6,SAFE-B,pre_close_creation_but_later_update_or_no_snapshot
2026-07-25,1,1,15:28:00,2026-07-24T20:28:44.215977+00:00,2026-07-24T20:28:44.215977+00:00,2026-08-05T02:19:35.618536+00:00,,6,SAFE-B,pre_close_creation_but_later_update_or_no_snapshot
2026-07-25,1,2,15:57:00,2026-07-24T20:28:44.215977+00:00,2026-07-24T20:28:44.215977+00:00,2026-08-05T02:19:36.308337+00:00,,6,SAFE-B,pre_close_creation_but_later_update_or_no_snapshot
2026-07-25,1,3,16:27:00,2026-07-24T20:28:44.215977+00:00,2026-07-24T20:28:44.215977+00:00,2026-08-05T02:19:35.618536+00:00,,6,SAFE-B,pre_close_creation_but_later_update_or_no_snapshot
2026-07-25,1,4,17:00:00,2026-07-24T20:28:44.215977+00:00,2026-07-24T20:28:44.215977+00:00,2026-08-05T02:19:35.618536+00:00,,6,SAFE-B,pre_close_creation_but_later_update_or_no_snapshot
2026-07-25,1,5,17:24:00,2026-07-24T20:28:44.215977+00:00,2026-07-24T20:28:44.215977+00:00,2026-08-05T02:19:34.888343+00:00,,6,SAFE-B,pre_close_creation_but_later_update_or_no_snapshot
2026-07-25,1,6,17:50:00,2026-07-24T20:28:44.215977+00:00,2026-07-24T20:28:44.215977+00:00,2026-08-05T02:19:35.618536+00:00,,6,SAFE-B,pre_close_creation_but_later_update_or_no_snapshot
2026-07-25,1,7,18:14:00,2026-07-24T20:28:44.215977+00:00,2026-07-24T20:28:44.215977+00:00,2026-08-05T02:19:34.888343+00:00,,6,SAFE-B,pre_close_creation_but_later_update_or_no_snapshot
2026-07-25,1,8,18:40:00,2026-07-24T20:28:44.215977+00:00,2026-07-24T20:28:44.215977+00:00,2026-08-05T02:19:34.888343+00:00,,6,SAFE-B,pre_close_creation_but_later_update_or_no_snapshot
2026-07-25,1,9,19:09:00,2026-07-24T20:28:44.215977+00:00,2026-07-24T20:28:44.215977+00:00,2026-08-05T02:19:35.618536+00:00,,6,SAFE-B,pre_close_creation_but_later_update_or_no_snapshot
2026-07-25,1,10,19:36:00,2026-07-24T20:28:44.215977+00:00,2026-07-24T20:28:44.215977+00:00,2026-08-05T02:19:35.618536+00:00,,6,SAFE-B,pre_close_creation_but_later_update_or_no_snapshot
2026-07-25,1,11,20:02:00,2026-07-24T20:28:44.215977+00:00,2026-07-24T20:28:44.215977+00:00,2026-08-05T02:19:35.618536+00:00,,6,SAFE-B,pre_close_creation_but_later_update_or_no_snapshot
2026-07-25,1,12,20:31:00,2026-07-24T20:28:44.215977+00:00,2026-07-24T20:28:44.215977+00:00,2026-08-05T02:19:35.618536+00:00,,6,SAFE-B,pre_close_creation_but_later_update_or_no_snapshot
2026-07-25,2,1,10:47:00,2026-07-24T20:28:44.215977+00:00,2026-07-24T20:28:44.215977+00:00,2026-08-05T02:19:39.918749+00:00,,6,SAFE-B,pre_close_creation_but_later_update_or_no_snapshot
2026-07-25,2,2,11:16:00,2026-07-24T20:28:44.215977+00:00,2026-07-24T20:28:44.215977+00:00,2026-08-05T02:19:40.891098+00:00,,6,SAFE-B,pre_close_creation_but_later_update_or_no_snapshot
2026-07-25,2,3,11:45:00,2026-07-24T20:28:44.215977+00:00,2026-07-24T20:28:44.215977+00:00,2026-08-05T02:19:39.918749+00:00,,6,SAFE-B,pre_close_creation_but_later_update_or_no_snapshot
2026-07-25,2,4,12:14:00,2026-07-24T20:28:44.215977+00:00,2026-07-24T20:28:44.215977+00:00,2026-08-05T02:19:40.891098+00:00,,6,SAFE-B,pre_close_creation_but_later_update_or_no_snapshot
2026-07-25,2,5,12:44:00,2026-07-24T20:28:44.215977+00:00,2026-07-24T20:28:44.215977+00:00,2026-08-05T02:19:39.918749+00:00,,6,SAFE-B,pre_close_creation_but_later_update_or_no_snapshot
2026-07-25,2,6,13:14:00,2026-07-24T20:28:44.215977+00:00,2026-07-24T20:28:44.215977+00:00,2026-08-05T02:19:39.918749+00:00,,6,SAFE-B,pre_close_creation_but_later_update_or_no_snapshot
2026-07-25,2,7,13:45:00,2026-07-24T20:28:44.215977+00:00,2026-07-24T20:28:44.215977+00:00,2026-08-05T02:19:39.918749+00:00,,6,SAFE-B,pre_close_creation_but_later_update_or_no_snapshot
2026-07-25,2,8,14:16:00,2026-07-24T20:28:44.215977+00:00,2026-07-24T20:28:44.215977+00:00,2026-08-05T02:19:39.918749+00:00,,6,SAFE-B,pre_close_creation_but_later_update_or_no_snapshot
2026-07-25,2,9,14:48:00,2026-07-24T20:28:44.215977+00:00,2026-07-24T20:28:44.215977+00:00,2026-08-05T02:19:39.918749+00:00,,6,SAFE-B,pre_close_creation_but_later_update_or_no_snapshot
2026-07-25,2,10,15:21:00,2026-07-24T20:28:44.215977+00:00,2026-07-24T20:28:44.215977+00:00,2026-08-05T02:19:39.918749+00:00,,6,SAFE-B,pre_close_creation_but_later_update_or_no_snapshot
2026-07-25,2,11,15:55:00,2026-07-24T20:28:44.215977+00:00,2026-07-24T20:28:44.215977+00:00,2026-08-05T02:19:39.918749+00:00,,6,SAFE-B,pre_close_creation_but_later_update_or_no_snapshot
2026-07-25,2,12,16:30:00,2026-07-24T20:28:44.215977+00:00,2026-07-24T20:28:44.215977+00:00,2026-08-05T02:19:39.918749+00:00,,6,SAFE-B,pre_close_creation_but_later_update_or_no_snapshot
2026-07-25,3,1,11:14:00,2026-07-24T20:28:44.215977+00:00,2026-07-24T20:28:44.215977+00:00,2026-08-05T02:19:46.667256+00:00,,6,SAFE-B,pre_close_creation_but_later_update_or_no_snapshot
2026-07-25,3,2,11:41:00,2026-07-24T20:28:44.215977+00:00,2026-07-24T20:28:44.215977+00:00,2026-08-05T02:19:47.332714+00:00,,6,SAFE-B,pre_close_creation_but_later_update_or_no_snapshot
2026-07-25,3,3,12:08:00,2026-07-24T20:28:44.215977+00:00,2026-07-24T20:28:44.215977+00:00,2026-08-05T02:19:46.667256+00:00,,6,SAFE-B,pre_close_creation_but_later_update_or_no_snapshot
2026-07-25,3,4,12:35:00,2026-07-24T20:28:44.215977+00:00,2026-07-24T20:28:44.215977+00:00,2026-08-05T02:19:46.667256+00:00,,6,SAFE-B,pre_close_creation_but_later_update_or_no_snapshot
2026-07-25,3,5,13:02:00,2026-07-24T20:28:44.215977+00:00,2026-07-24T20:28:44.215977+00:00,2026-08-05T02:19:47.332714+00:00,,6,SAFE-B,pre_close_creation_but_later_update_or_no_snapshot
2026-07-25,3,6,13:29:00,2026-07-24T20:28:44.215977+00:00,2026-07-24T20:28:44.215977+00:00,2026-08-05T02:19:47.332714+00:00,,6,SAFE-B,pre_close_creation_but_later_update_or_no_snapshot
2026-07-25,3,7,13:56:00,2026-07-24T20:28:44.215977+00:00,2026-07-24T20:28:44.215977+00:00,2026-08-05T02:19:47.332714+00:00,,6,SAFE-B,pre_close_creation_but_later_update_or_no_snapshot
2026-07-25,3,8,14:24:00,2026-07-24T20:28:44.215977+00:00,2026-07-24T20:28:44.215977+00:00,2026-08-05T02:19:46.667256+00:00,,6,SAFE-B,pre_close_creation_but_later_update_or_no_snapshot
2026-07-25,3,9,14:52:00,2026-07-24T20:28:44.215977+00:00,2026-07-24T20:28:44.215977+00:00,2026-08-05T02:19:47.958579+00:00,,6,SAFE-B,pre_close_creation_but_later_update_or_no_snapshot
2026-07-25,3,10,15:22:00,2026-07-24T20:28:44.215977+00:00,2026-07-24T20:28:44.215977+00:00,2026-08-05T02:19:46.667256+00:00,,6,SAFE-B,pre_close_creation_but_later_update_or_no_snapshot
2026-07-25,3,11,15:53:00,2026-07-24T20:28:44.215977+00:00,2026-07-24T20:28:44.215977+00:00,2026-08-05T02:19:46.667256+00:00,,6,SAFE-B,pre_close_creation_but_later_update_or_no_snapshot
2026-07-25,3,12,16:25:00,2026-07-24T20:28:44.215977+00:00,2026-07-24T20:28:44.215977+00:00,2026-08-05T02:19:46.667256+00:00,,6,SAFE-B,pre_close_creation_but_later_update_or_no_snapshot
2026-07-25,4,1,11:54:00,2026-07-24T20:28:44.215977+00:00,2026-07-24T20:28:44.215977+00:00,2026-08-05T02:19:39.918749+00:00,,6,SAFE-B,pre_close_creation_but_later_update_or_no_snapshot
2026-07-25,4,2,12:23:00,2026-07-24T20:28:44.215977+00:00,2026-07-24T20:28:44.215977+00:00,2026-08-05T02:19:40.891098+00:00,,6,SAFE-B,pre_close_creation_but_later_update_or_no_snapshot
2026-07-25,4,3,12:53:00,2026-07-24T20:28:44.215977+00:00,2026-07-24T20:28:44.215977+00:00,2026-08-05T02:19:39.918749+00:00,,6,SAFE-B,pre_close_creation_but_later_update_or_no_snapshot
2026-07-25,4,4,13:23:00,2026-07-24T20:28:44.215977+00:00,2026-07-24T20:28:44.215977+00:00,2026-08-05T02:19:39.918749+00:00,,6,SAFE-B,pre_close_creation_but_later_update_or_no_snapshot
2026-07-25,4,5,13:54:00,2026-07-24T20:28:44.215977+00:00,2026-07-24T20:28:44.215977+00:00,2026-08-05T02:19:39.918749+00:00,,6,SAFE-B,pre_close_creation_but_later_update_or_no_snapshot
2026-07-25,4,6,14:25:00,2026-07-24T20:28:44.215977+00:00,2026-07-24T20:28:44.929266+00:00,2026-08-05T02:19:40.891098+00:00,,6,SAFE-B,pre_close_creation_but_later_update_or_no_snapshot
2026-07-25,4,7,14:57:00,2026-07-24T20:28:44.929266+00:00,2026-07-24T20:28:44.929266+00:00,2026-08-05T02:19:39.918749+00:00,,6,SAFE-B,pre_close_creation_but_later_update_or_no_snapshot
2026-07-25,4,8,15:30:00,2026-07-24T20:28:44.929266+00:00,2026-07-24T20:28:44.929266+00:00,2026-08-05T02:19:39.918749+00:00,,6,SAFE-B,pre_close_creation_but_later_update_or_no_snapshot
2026-07-25,4,9,16:04:00,2026-07-24T20:28:44.929266+00:00,2026-07-24T20:28:44.929266+00:00,2026-08-05T02:19:39.918749+00:00,,6,SAFE-B,pre_close_creation_but_later_update_or_no_snapshot
2026-07-25,4,10,16:39:00,2026-07-24T20:28:44.929266+00:00,2026-07-24T20:28:44.929266+00:00,2026-08-05T02:19:39.918749+00:00,,6,SAFE-B,pre_close_creation_but_later_update_or_no_snapshot
2026-07-25,4,11,17:08:00,2026-07-24T20:28:44.929266+00:00,2026-07-24T20:28:44.929266+00:00,2026-08-05T02:19:39.918749+00:00,,6,SAFE-B,pre_close_creation_but_later_update_or_no_snapshot
2026-07-25,4,12,17:42:00,2026-07-24T20:28:44.929266+00:00,2026-07-24T20:28:44.929266+00:00,2026-08-05T02:19:39.918749+00:00,,6,SAFE-B,pre_close_creation_but_later_update_or_no_snapshot
2026-07-25,6,1,11:32:00,2026-07-24T20:28:44.929266+00:00,2026-07-24T20:28:44.929266+00:00,2026-08-05T02:19:39.918749+00:00,,6,SAFE-B,pre_close_creation_but_later_update_or_no_snapshot
2026-07-25,6,2,12:06:00,2026-07-24T20:28:44.929266+00:00,2026-07-24T20:28:44.929266+00:00,2026-08-05T02:19:40.891098+00:00,,6,SAFE-B,pre_close_creation_but_later_update_or_no_snapshot
2026-07-25,6,3,12:40:00,2026-07-24T20:28:44.929266+00:00,2026-07-24T20:28:44.929266+00:00,2026-08-05T02:19:39.918749+00:00,,6,SAFE-B,pre_close_creation_but_later_update_or_no_snapshot
2026-07-25,6,4,13:09:00,2026-07-24T20:28:44.929266+00:00,2026-07-24T20:28:44.929266+00:00,2026-08-05T02:19:39.918749+00:00,,6,SAFE-B,pre_close_creation_but_later_update_or_no_snapshot
2026-07-25,6,5,13:38:00,2026-07-24T20:28:44.929266+00:00,2026-07-24T20:28:44.929266+00:00,2026-08-05T02:19:39.918749+00:00,,6,SAFE-B,pre_close_creation_but_later_update_or_no_snapshot
2026-07-25,6,6,14:04:00,2026-07-24T20:28:44.929266+00:00,2026-07-24T20:28:44.929266+00:00,2026-08-05T02:19:39.918749+00:00,,6,SAFE-B,pre_close_creation_but_later_update_or_no_snapshot
2026-07-25,6,7,14:31:00,2026-07-24T20:28:44.929266+00:00,2026-07-24T20:28:44.929266+00:00,2026-08-05T02:19:40.891098+00:00,,6,SAFE-B,pre_close_creation_but_later_update_or_no_snapshot
2026-07-25,6,8,15:02:00,2026-07-24T20:28:44.929266+00:00,2026-07-24T20:28:44.929266+00:00,2026-08-05T02:19:39.918749+00:00,,6,SAFE-B,pre_close_creation_but_later_update_or_no_snapshot
2026-07-25,6,9,15:35:00,2026-07-24T20:28:44.929266+00:00,2026-07-24T20:28:44.929266+00:00,2026-08-05T02:19:39.918749+00:00,,6,SAFE-B,pre_close_creation_but_later_update_or_no_snapshot
2026-07-25,6,10,16:08:00,2026-07-24T20:28:44.929266+00:00,2026-07-24T20:28:44.929266+00:00,2026-08-05T02:19:39.918749+00:00,,6,SAFE-B,pre_close_creation_but_later_update_or_no_snapshot
2026-07-25,6,11,16:35:00,2026-07-24T20:28:44.929266+00:00,2026-07-24T20:28:44.929266+00:00,2026-08-05T02:19:40.891098+00:00,,6,SAFE-B,pre_close_creation_but_later_update_or_no_snapshot
2026-07-25,6,12,17:02:00,2026-07-24T20:28:44.929266+00:00,2026-07-24T20:28:44.929266+00:00,2026-08-05T02:19:39.918749+00:00,,6,SAFE-B,pre_close_creation_but_later_update_or_no_snapshot
2026-07-25,8,1,10:41:00,2026-07-24T20:28:44.929266+00:00,2026-07-24T20:28:44.929266+00:00,2026-08-05T02:19:46.667256+00:00,,6,SAFE-B,pre_close_creation_but_later_update_or_no_snapshot
2026-07-25,8,2,11:10:00,2026-07-24T20:28:44.929266+00:00,2026-07-24T20:28:44.929266+00:00,2026-08-05T02:19:47.332714+00:00,,6,SAFE-B,pre_close_creation_but_later_update_or_no_snapshot
2026-07-25,8,3,11:38:00,2026-07-24T20:28:44.929266+00:00,2026-07-24T20:28:44.929266+00:00,2026-08-05T02:19:47.332714+00:00,,6,SAFE-B,pre_close_creation_but_later_update_or_no_snapshot
2026-07-25,8,4,12:04:00,2026-07-24T20:28:44.929266+00:00,2026-07-24T20:28:44.929266+00:00,2026-08-05T02:19:47.332714+00:00,,6,SAFE-B,pre_close_creation_but_later_update_or_no_snapshot
2026-07-25,8,5,12:31:00,2026-07-24T20:28:44.929266+00:00,2026-07-24T20:28:44.929266+00:00,2026-08-05T02:19:46.667256+00:00,,6,SAFE-B,pre_close_creation_but_later_update_or_no_snapshot
2026-07-25,8,6,12:57:00,2026-07-24T20:28:44.929266+00:00,2026-07-24T20:28:44.929266+00:00,2026-08-05T02:19:46.667256+00:00,,6,SAFE-B,pre_close_creation_but_later_update_or_no_snapshot
2026-07-25,8,7,13:27:00,2026-07-24T20:28:44.929266+00:00,2026-07-24T20:28:44.929266+00:00,2026-08-05T02:19:46.667256+00:00,,6,SAFE-B,pre_close_creation_but_later_update_or_no_snapshot
2026-07-25,8,8,13:58:00,2026-07-24T20:28:44.929266+00:00,2026-07-24T20:28:44.929266+00:00,2026-08-05T02:19:46.667256+00:00,,6,SAFE-B,pre_close_creation_but_later_update_or_no_snapshot
2026-07-25,8,9,14:29:00,2026-07-24T20:28:44.929266+00:00,2026-07-24T20:28:44.929266+00:00,2026-08-05T02:19:46.667256+00:00,,6,SAFE-B,pre_close_creation_but_later_update_or_no_snapshot
2026-07-25,8,10,15:08:00,2026-07-24T20:28:44.929266+00:00,2026-07-24T20:28:44.929266+00:00,2026-08-05T02:19:46.667256+00:00,,6,SAFE-B,pre_close_creation_but_later_update_or_no_snapshot
2026-07-25,8,11,15:42:00,2026-07-24T20:28:44.929266+00:00,2026-07-24T20:28:44.929266+00:00,2026-08-05T02:19:47.332714+00:00,,6,SAFE-B,pre_close_creation_but_later_update_or_no_snapshot
2026-07-25,8,12,16:16:00,2026-07-24T20:28:44.929266+00:00,2026-07-24T20:28:44.929266+00:00,2026-08-05T02:19:46.667256+00:00,,6,SAFE-B,pre_close_creation_but_later_update_or_no_snapshot
2026-07-25,12,1,15:18:00,2026-07-24T20:28:44.929266+00:00,2026-07-24T20:28:44.929266+00:00,2026-08-05T02:19:45.190211+00:00,,6,SAFE-B,pre_close_creation_but_later_update_or_no_snapshot
2026-07-25,12,2,15:48:00,2026-07-24T20:28:44.929266+00:00,2026-07-24T20:28:44.929266+00:00,2026-08-05T02:19:45.944437+00:00,,6,SAFE-B,pre_close_creation_but_later_update_or_no_snapshot
2026-07-25,12,3,16:31:00,2026-07-24T20:28:44.929266+00:00,2026-07-24T20:28:44.929266+00:00,2026-08-05T02:19:45.190211+00:00,,6,SAFE-B,pre_close_creation_but_later_update_or_no_snapshot
2026-07-25,12,4,17:04:00,2026-07-24T20:28:44.929266+00:00,2026-07-24T20:28:44.929266+00:00,2026-08-05T02:19:45.944437+00:00,,6,SAFE-B,pre_close_creation_but_later_update_or_no_snapshot
2026-07-25,12,5,17:28:00,2026-07-24T20:28:44.929266+00:00,2026-07-24T20:28:44.929266+00:00,2026-08-05T02:19:45.944437+00:00,,6,SAFE-B,pre_close_creation_but_later_update_or_no_snapshot
2026-07-25,12,6,17:55:00,2026-07-24T20:28:44.929266+00:00,2026-07-24T20:28:44.929266+00:00,2026-08-05T02:19:45.944437+00:00,,6,SAFE-B,pre_close_creation_but_later_update_or_no_snapshot
2026-07-25,12,7,18:19:00,2026-07-24T20:28:44.929266+00:00,2026-07-24T20:28:44.929266+00:00,2026-08-05T02:19:45.944437+00:00,,6,SAFE-B,pre_close_creation_but_later_update_or_no_snapshot
2026-07-25,12,8,18:45:00,2026-07-24T20:28:44.929266+00:00,2026-07-24T20:28:44.929266+00:00,2026-08-05T02:19:45.944437+00:00,,6,SAFE-B,pre_close_creation_but_later_update_or_no_snapshot
2026-07-25,12,9,19:14:00,2026-07-24T20:28:44.929266+00:00,2026-07-24T20:28:44.929266+00:00,2026-08-05T02:19:45.944437+00:00,,6,SAFE-B,pre_close_creation_but_later_update_or_no_snapshot
2026-07-25,12,10,19:41:00,2026-07-24T20:28:44.929266+00:00,2026-07-24T20:28:44.929266+00:00,2026-08-05T02:19:45.944437+00:00,,6,SAFE-B,pre_close_creation_but_later_update_or_no_snapshot
2026-07-25,12,11,20:07:00,2026-07-24T20:28:44.929266+00:00,2026-07-24T20:28:44.929266+00:00,2026-08-05T02:19:45.944437+00:00,,6,SAFE-B,pre_close_creation_but_later_update_or_no_snapshot
2026-07-25,12,12,20:36:00,2026-07-24T20:28:44.929266+00:00,2026-07-24T20:28:45.368317+00:00,2026-08-05T02:19:45.190211+00:00,,6,SAFE-B,pre_close_creation_but_later_update_or_no_snapshot
2026-07-25,13,1,10:36:00,2026-07-24T20:28:45.368317+00:00,2026-07-24T20:28:45.368317+00:00,2026-08-05T02:19:41.992847+00:00,,6,SAFE-B,pre_close_creation_but_later_update_or_no_snapshot
2026-07-25,13,2,11:03:00,2026-07-24T20:28:45.368317+00:00,2026-07-24T20:28:45.368317+00:00,2026-08-05T02:19:43.142434+00:00,,6,SAFE-B,pre_close_creation_but_later_update_or_no_snapshot
2026-07-25,13,3,11:27:00,2026-07-24T20:28:45.368317+00:00,2026-07-24T20:28:45.368317+00:00,2026-08-05T02:19:41.992847+00:00,,6,SAFE-B,pre_close_creation_but_later_update_or_no_snapshot
2026-07-25,13,4,11:51:00,2026-07-24T20:28:45.368317+00:00,2026-07-24T20:28:45.368317+00:00,2026-08-05T02:19:43.142434+00:00,,6,SAFE-B,pre_close_creation_but_later_update_or_no_snapshot
2026-07-25,13,5,12:21:00,2026-07-24T20:28:45.368317+00:00,2026-07-24T20:28:45.368317+00:00,2026-08-05T02:19:41.992847+00:00,,6,SAFE-B,pre_close_creation_but_later_update_or_no_snapshot
2026-07-25,13,6,12:51:00,2026-07-24T20:28:45.368317+00:00,2026-07-24T20:28:45.368317+00:00,2026-08-05T02:19:43.142434+00:00,,6,SAFE-B,pre_close_creation_but_later_update_or_no_snapshot
2026-07-25,13,7,13:20:00,2026-07-24T20:28:45.368317+00:00,2026-07-24T20:28:45.368317+00:00,2026-08-05T02:19:41.992847+00:00,,6,SAFE-B,pre_close_creation_but_later_update_or_no_snapshot
2026-07-25,13,8,13:53:00,2026-07-24T20:28:45.368317+00:00,2026-07-24T20:28:45.368317+00:00,2026-08-05T02:19:41.992847+00:00,,6,SAFE-B,pre_close_creation_but_later_update_or_no_snapshot
2026-07-25,13,9,14:45:00,2026-07-24T20:28:45.368317+00:00,2026-07-24T20:28:45.368317+00:00,2026-08-05T02:19:41.992847+00:00,,6,SAFE-B,pre_close_creation_but_later_update_or_no_snapshot
2026-07-25,13,10,15:16:00,2026-07-24T20:28:45.368317+00:00,2026-07-24T20:28:45.368317+00:00,2026-08-05T02:19:43.806302+00:00,,6,SAFE-B,pre_close_creation_but_later_update_or_no_snapshot
2026-07-25,13,11,15:46:00,2026-07-24T20:28:45.368317+00:00,2026-07-24T20:28:45.368317+00:00,2026-08-05T02:19:43.142434+00:00,,6,SAFE-B,pre_close_creation_but_later_update_or_no_snapshot
2026-07-25,13,12,16:23:00,2026-07-24T20:28:45.368317+00:00,2026-07-24T20:28:45.368317+00:00,2026-08-05T02:19:43.142434+00:00,,6,SAFE-B,pre_close_creation_but_later_update_or_no_snapshot
2026-07-25,14,1,08:46:00,2026-07-24T20:28:45.368317+00:00,2026-07-24T20:28:45.368317+00:00,2026-08-05T02:19:39.918749+00:00,,6,SAFE-B,pre_close_creation_but_later_update_or_no_snapshot
2026-07-25,14,2,09:12:00,2026-07-24T20:28:45.368317+00:00,2026-07-24T20:28:45.368317+00:00,2026-08-05T02:19:40.891098+00:00,,6,SAFE-B,pre_close_creation_but_later_update_or_no_snapshot
2026-07-25,14,3,09:38:00,2026-07-24T20:28:45.368317+00:00,2026-07-24T20:28:45.368317+00:00,2026-08-05T02:19:40.891098+00:00,,6,SAFE-B,pre_close_creation_but_later_update_or_no_snapshot
2026-07-25,14,4,10:04:00,2026-07-24T20:28:45.368317+00:00,2026-07-24T20:28:45.368317+00:00,2026-08-05T02:19:39.918749+00:00,,6,SAFE-B,pre_close_creation_but_later_update_or_no_snapshot
2026-07-25,14,5,10:30:00,2026-07-24T20:28:45.368317+00:00,2026-07-24T20:28:45.368317+00:00,2026-08-05T02:19:39.918749+00:00,,6,SAFE-B,pre_close_creation_but_later_update_or_no_snapshot
2026-07-25,14,6,10:59:00,2026-07-24T20:28:45.368317+00:00,2026-07-24T20:28:45.368317+00:00,2026-08-05T02:19:39.918749+00:00,,6,SAFE-B,pre_close_creation_but_later_update_or_no_snapshot
2026-07-25,14,7,11:28:00,2026-07-24T20:28:45.368317+00:00,2026-07-24T20:28:45.368317+00:00,2026-08-05T02:19:40.891098+00:00,,6,SAFE-B,pre_close_creation_but_later_update_or_no_snapshot
2026-07-25,14,8,11:58:00,2026-07-24T20:28:45.368317+00:00,2026-07-24T20:28:45.368317+00:00,2026-08-05T02:19:39.918749+00:00,,6,SAFE-B,pre_close_creation_but_later_update_or_no_snapshot
2026-07-25,14,9,12:27:00,2026-07-24T20:28:45.368317+00:00,2026-07-24T20:28:45.368317+00:00,2026-08-05T02:19:39.918749+00:00,,6,SAFE-B,pre_close_creation_but_later_update_or_no_snapshot
2026-07-25,14,10,13:05:00,2026-07-24T20:28:45.368317+00:00,2026-07-24T20:28:45.368317+00:00,2026-08-05T02:19:44.425259+00:00,,6,SAFE-B,pre_close_creation_but_later_update_or_no_snapshot
2026-07-25,14,11,13:35:00,2026-07-24T20:28:45.368317+00:00,2026-07-24T20:28:45.368317+00:00,2026-08-05T02:19:40.891098+00:00,,6,SAFE-B,pre_close_creation_but_later_update_or_no_snapshot
2026-07-25,14,12,14:13:00,2026-07-24T20:28:45.368317+00:00,2026-07-24T20:28:45.368317+00:00,2026-08-05T02:19:39.918749+00:00,,6,SAFE-B,pre_close_creation_but_later_update_or_no_snapshot
2026-07-25,15,1,15:27:00,2026-07-24T20:28:45.368317+00:00,2026-07-24T20:28:45.368317+00:00,2026-08-05T02:19:40.891098+00:00,,6,SAFE-B,pre_close_creation_but_later_update_or_no_snapshot
2026-07-25,15,2,15:58:00,2026-07-24T20:28:45.368317+00:00,2026-07-24T20:28:45.368317+00:00,2026-08-05T02:19:38.901116+00:00,,6,SAFE-B,pre_close_creation_but_later_update_or_no_snapshot
2026-07-25,15,3,16:33:00,2026-07-24T20:28:45.368317+00:00,2026-07-24T20:28:45.368317+00:00,2026-08-05T02:19:37.564842+00:00,,6,SAFE-B,pre_close_creation_but_later_update_or_no_snapshot
2026-07-25,15,4,17:06:00,2026-07-24T20:28:45.368317+00:00,2026-07-24T20:28:45.368317+00:00,2026-08-05T02:19:37.564842+00:00,,6,SAFE-B,pre_close_creation_but_later_update_or_no_snapshot
2026-07-25,15,5,17:33:00,2026-07-24T20:28:45.368317+00:00,2026-07-24T20:28:45.368317+00:00,2026-08-05T02:19:37.564842+00:00,,6,SAFE-B,pre_close_creation_but_later_update_or_no_snapshot
2026-07-25,15,6,18:00:00,2026-07-24T20:28:45.368317+00:00,2026-07-24T20:28:45.368317+00:00,2026-08-05T02:19:37.564842+00:00,,6,SAFE-B,pre_close_creation_but_later_update_or_no_snapshot
2026-07-25,15,7,18:24:00,2026-07-24T20:28:45.368317+00:00,2026-07-24T20:28:45.368317+00:00,2026-08-05T02:19:37.564842+00:00,,6,SAFE-B,pre_close_creation_but_later_update_or_no_snapshot
2026-07-25,15,8,18:50:00,2026-07-24T20:28:45.368317+00:00,2026-07-24T20:28:45.368317+00:00,2026-08-05T02:19:38.901116+00:00,,6,SAFE-B,pre_close_creation_but_later_update_or_no_snapshot
2026-07-25,15,9,19:19:00,2026-07-24T20:28:45.368317+00:00,2026-07-24T20:28:45.368317+00:00,2026-08-05T02:19:38.901116+00:00,,6,SAFE-B,pre_close_creation_but_later_update_or_no_snapshot
2026-07-25,15,10,19:46:00,2026-07-24T20:28:45.368317+00:00,2026-07-24T20:28:45.368317+00:00,2026-08-05T02:19:38.901116+00:00,,6,SAFE-B,pre_close_creation_but_later_update_or_no_snapshot
2026-07-25,15,11,20:12:00,2026-07-24T20:28:45.368317+00:00,2026-07-24T20:28:45.368317+00:00,2026-08-05T02:19:38.901116+00:00,,6,SAFE-B,pre_close_creation_but_later_update_or_no_snapshot
2026-07-25,15,12,20:41:00,2026-07-24T20:28:45.368317+00:00,2026-07-24T20:28:45.368317+00:00,2026-08-05T02:19:38.901116+00:00,,6,SAFE-B,pre_close_creation_but_later_update_or_no_snapshot
2026-07-25,17,1,10:56:00,2026-07-24T20:28:45.368317+00:00,2026-07-24T20:28:45.368317+00:00,2026-08-05T02:19:38.901116+00:00,,6,SAFE-B,pre_close_creation_but_later_update_or_no_snapshot
2026-07-25,17,2,11:36:00,2026-07-24T20:28:45.368317+00:00,2026-07-24T20:28:45.368317+00:00,2026-08-05T02:19:37.564842+00:00,,6,SAFE-B,pre_close_creation_but_later_update_or_no_snapshot
2026-07-25,17,3,12:02:00,2026-07-24T20:28:45.368317+00:00,2026-07-24T20:28:45.368317+00:00,2026-08-05T02:19:37.564842+00:00,,6,SAFE-B,pre_close_creation_but_later_update_or_no_snapshot
2026-07-25,17,4,12:34:00,2026-07-24T20:28:45.368317+00:00,2026-07-24T20:28:45.368317+00:00,2026-08-05T02:19:37.564842+00:00,,6,SAFE-B,pre_close_creation_but_later_update_or_no_snapshot
2026-07-25,17,5,13:13:00,2026-07-24T20:28:45.368317+00:00,2026-07-24T20:28:45.368317+00:00,2026-08-05T02:19:38.901116+00:00,,6,SAFE-B,pre_close_creation_but_later_update_or_no_snapshot
2026-07-25,17,6,13:42:00,2026-07-24T20:28:45.894058+00:00,2026-07-24T20:28:45.894058+00:00,2026-08-05T02:19:38.901116+00:00,,6,SAFE-B,pre_close_creation_but_later_update_or_no_snapshot
2026-07-25,17,7,14:11:00,2026-07-24T20:28:45.894058+00:00,2026-07-24T20:28:45.894058+00:00,2026-08-05T02:19:38.901116+00:00,,6,SAFE-B,pre_close_creation_but_later_update_or_no_snapshot
2026-07-25,17,8,14:38:00,2026-07-24T20:28:45.894058+00:00,2026-07-24T20:28:45.894058+00:00,2026-08-05T02:19:37.564842+00:00,,6,SAFE-B,pre_close_creation_but_later_update_or_no_snapshot
2026-07-25,17,9,15:06:00,2026-07-24T20:28:45.894058+00:00,2026-07-24T20:28:45.894058+00:00,2026-08-05T02:19:37.564842+00:00,,6,SAFE-B,pre_close_creation_but_later_update_or_no_snapshot
2026-07-25,17,10,15:40:00,2026-07-24T20:28:45.894058+00:00,2026-07-24T20:28:45.894058+00:00,2026-08-05T02:19:37.564842+00:00,,6,SAFE-B,pre_close_creation_but_later_update_or_no_snapshot
2026-07-25,17,11,16:13:00,2026-07-24T20:28:45.894058+00:00,2026-07-24T20:28:45.894058+00:00,2026-08-05T02:19:38.901116+00:00,,6,SAFE-B,pre_close_creation_but_later_update_or_no_snapshot
2026-07-25,17,12,16:53:00,2026-07-24T20:28:45.894058+00:00,2026-07-24T20:28:45.894058+00:00,2026-08-05T02:19:38.901116+00:00,,6,SAFE-B,pre_close_creation_but_later_update_or_no_snapshot
2026-07-25,20,1,15:24:00,2026-07-24T20:28:45.894058+00:00,2026-07-24T20:28:45.894058+00:00,2026-08-05T02:19:39.918749+00:00,,6,SAFE-B,pre_close_creation_but_later_update_or_no_snapshot
2026-07-25,20,2,16:03:00,2026-07-24T20:28:45.894058+00:00,2026-07-24T20:28:45.894058+00:00,2026-08-05T02:19:40.891098+00:00,,6,SAFE-B,pre_close_creation_but_later_update_or_no_snapshot
2026-07-25,20,3,16:37:00,2026-07-24T20:28:45.894058+00:00,2026-07-24T20:28:45.894058+00:00,2026-08-05T02:19:39.918749+00:00,,6,SAFE-B,pre_close_creation_but_later_update_or_no_snapshot
2026-07-25,20,4,17:13:00,2026-07-24T20:28:45.894058+00:00,2026-07-24T20:28:45.894058+00:00,2026-08-05T02:19:39.918749+00:00,,6,SAFE-B,pre_close_creation_but_later_update_or_no_snapshot
2026-07-25,20,5,17:37:00,2026-07-24T20:28:45.894058+00:00,2026-07-24T20:28:45.894058+00:00,2026-08-05T02:19:39.918749+00:00,,6,SAFE-B,pre_close_creation_but_later_update_or_no_snapshot
2026-07-25,20,6,18:04:00,2026-07-24T20:28:45.894058+00:00,2026-07-24T20:28:45.894058+00:00,2026-08-05T02:19:39.918749+00:00,,6,SAFE-B,pre_close_creation_but_later_update_or_no_snapshot
2026-07-25,20,7,18:28:00,2026-07-24T20:28:45.894058+00:00,2026-07-24T20:28:45.894058+00:00,2026-08-05T02:19:40.891098+00:00,,6,SAFE-B,pre_close_creation_but_later_update_or_no_snapshot
2026-07-25,20,8,18:54:00,2026-07-24T20:28:45.894058+00:00,2026-07-24T20:28:45.894058+00:00,2026-08-05T02:19:39.918749+00:00,,6,SAFE-B,pre_close_creation_but_later_update_or_no_snapshot
2026-07-25,20,9,19:23:00,2026-07-24T20:28:45.894058+00:00,2026-07-24T20:28:45.894058+00:00,2026-08-05T02:19:39.918749+00:00,,6,SAFE-B,pre_close_creation_but_later_update_or_no_snapshot
2026-07-25,20,10,19:50:00,2026-07-24T20:28:45.894058+00:00,2026-07-24T20:28:45.894058+00:00,2026-08-05T02:19:39.918749+00:00,,6,SAFE-B,pre_close_creation_but_later_update_or_no_snapshot
2026-07-25,20,11,20:16:00,2026-07-24T20:28:45.894058+00:00,2026-07-24T20:28:45.894058+00:00,2026-08-05T02:19:39.918749+00:00,,6,SAFE-B,pre_close_creation_but_later_update_or_no_snapshot
2026-07-25,20,12,20:45:00,2026-07-24T20:28:45.894058+00:00,2026-07-24T20:28:45.894058+00:00,2026-08-05T02:19:39.918749+00:00,,6,SAFE-B,pre_close_creation_but_later_update_or_no_snapshot
2026-07-25,21,1,08:32:00,2026-07-24T20:28:45.894058+00:00,2026-07-24T20:28:45.894058+00:00,2026-08-05T02:19:39.918749+00:00,,6,SAFE-B,pre_close_creation_but_later_update_or_no_snapshot
2026-07-25,21,2,08:58:00,2026-07-24T20:28:45.894058+00:00,2026-07-24T20:28:45.894058+00:00,2026-08-05T02:19:40.891098+00:00,,6,SAFE-B,pre_close_creation_but_later_update_or_no_snapshot
2026-07-25,21,3,09:24:00,2026-07-24T20:28:45.894058+00:00,2026-07-24T20:28:45.894058+00:00,2026-08-05T02:19:39.918749+00:00,,6,SAFE-B,pre_close_creation_but_later_update_or_no_snapshot
2026-07-25,21,4,09:50:00,2026-07-24T20:28:45.894058+00:00,2026-07-24T20:28:45.894058+00:00,2026-08-05T02:19:39.918749+00:00,,6,SAFE-B,pre_close_creation_but_later_update_or_no_snapshot
2026-07-25,21,5,10:16:00,2026-07-24T20:28:45.894058+00:00,2026-07-24T20:28:45.894058+00:00,2026-08-05T02:19:39.918749+00:00,,6,SAFE-B,pre_close_creation_but_later_update_or_no_snapshot
2026-07-25,21,6,10:44:00,2026-07-24T20:28:45.894058+00:00,2026-07-24T20:28:45.894058+00:00,2026-08-05T02:19:39.918749+00:00,,6,SAFE-B,pre_close_creation_but_later_update_or_no_snapshot
2026-07-25,21,7,11:12:00,2026-07-24T20:28:45.894058+00:00,2026-07-24T20:28:45.894058+00:00,2026-08-05T02:19:39.918749+00:00,,6,SAFE-B,pre_close_creation_but_later_update_or_no_snapshot
2026-07-25,21,8,11:43:00,2026-07-24T20:28:45.894058+00:00,2026-07-24T20:28:45.894058+00:00,2026-08-05T02:19:39.918749+00:00,,6,SAFE-B,pre_close_creation_but_later_update_or_no_snapshot
2026-07-25,21,9,12:16:00,2026-07-24T20:28:45.894058+00:00,2026-07-24T20:28:45.894058+00:00,2026-08-05T02:19:39.918749+00:00,,6,SAFE-B,pre_close_creation_but_later_update_or_no_snapshot
2026-07-25,21,10,12:47:00,2026-07-24T20:28:45.894058+00:00,2026-07-24T20:28:45.894058+00:00,2026-08-05T02:19:39.918749+00:00,,6,SAFE-B,pre_close_creation_but_later_update_or_no_snapshot
2026-07-25,21,11,13:18:00,2026-07-24T20:28:45.894058+00:00,2026-07-24T20:28:45.894058+00:00,2026-08-05T02:19:39.918749+00:00,,6,SAFE-B,pre_close_creation_but_later_update_or_no_snapshot
2026-07-25,21,12,14:00:00,2026-07-24T20:28:45.894058+00:00,2026-07-24T20:28:45.894058+00:00,2026-08-05T02:19:39.918749+00:00,,6,SAFE-B,pre_close_creation_but_later_update_or_no_snapshot
2026-07-25,23,1,08:39:00,2026-07-24T20:28:45.894058+00:00,2026-07-24T20:28:45.894058+00:00,2026-08-05T02:19:37.564842+00:00,,6,SAFE-B,pre_close_creation_but_later_update_or_no_snapshot
2026-07-25,23,2,09:05:00,2026-07-24T20:28:45.894058+00:00,2026-07-24T20:28:45.894058+00:00,2026-08-05T02:19:38.901116+00:00,,6,SAFE-B,pre_close_creation_but_later_update_or_no_snapshot
2026-07-25,23,3,09:31:00,2026-07-24T20:28:45.894058+00:00,2026-07-24T20:28:45.894058+00:00,2026-08-05T02:19:38.901116+00:00,,6,SAFE-B,pre_close_creation_but_later_update_or_no_snapshot
2026-07-25,23,4,09:57:00,2026-07-24T20:28:45.894058+00:00,2026-07-24T20:28:45.894058+00:00,2026-08-05T02:19:37.564842+00:00,,6,SAFE-B,pre_close_creation_but_later_update_or_no_snapshot
2026-07-25,23,5,10:23:00,2026-07-24T20:28:45.894058+00:00,2026-07-24T20:28:45.894058+00:00,2026-08-05T02:19:37.564842+00:00,,6,SAFE-B,pre_close_creation_but_later_update_or_no_snapshot
2026-07-25,23,6,10:52:00,2026-07-24T20:28:45.894058+00:00,2026-07-24T20:28:45.894058+00:00,2026-08-05T02:19:38.901116+00:00,,6,SAFE-B,pre_close_creation_but_later_update_or_no_snapshot
2026-07-25,23,7,11:21:00,2026-07-24T20:28:45.894058+00:00,2026-07-24T20:28:45.894058+00:00,2026-08-05T02:19:38.901116+00:00,,6,SAFE-B,pre_close_creation_but_later_update_or_no_snapshot
2026-07-25,23,8,11:49:00,2026-07-24T20:28:45.894058+00:00,2026-07-24T20:28:45.894058+00:00,2026-08-05T02:19:38.901116+00:00,,6,SAFE-B,pre_close_creation_but_later_update_or_no_snapshot
2026-07-25,23,9,12:25:00,2026-07-24T20:28:45.894058+00:00,2026-07-24T20:28:45.894058+00:00,2026-08-05T02:19:38.901116+00:00,,6,SAFE-B,pre_close_creation_but_later_update_or_no_snapshot
2026-07-25,23,10,13:00:00,2026-07-24T20:28:45.894058+00:00,2026-07-24T20:28:45.894058+00:00,2026-08-05T02:19:38.901116+00:00,,6,SAFE-B,pre_close_creation_but_later_update_or_no_snapshot
2026-07-25,23,11,13:33:00,2026-07-24T20:28:45.894058+00:00,2026-07-24T20:28:46.07999+00:00,2026-08-05T02:19:38.901116+00:00,,6,SAFE-B,pre_close_creation_but_later_update_or_no_snapshot
2026-07-25,23,12,14:06:00,2026-07-24T20:28:46.07999+00:00,2026-07-24T20:28:46.07999+00:00,2026-08-05T02:19:38.901116+00:00,,6,SAFE-B,pre_close_creation_but_later_update_or_no_snapshot
2026-07-25,24,1,17:41:00,2026-07-24T20:28:46.07999+00:00,2026-07-24T20:28:46.07999+00:00,2026-08-05T02:19:39.918749+00:00,,6,SAFE-B,pre_close_creation_but_later_update_or_no_snapshot
2026-07-25,24,2,18:08:00,2026-07-24T20:28:46.07999+00:00,2026-07-24T20:28:46.07999+00:00,2026-08-05T02:19:40.891098+00:00,,6,SAFE-B,pre_close_creation_but_later_update_or_no_snapshot
2026-07-25,24,3,18:34:00,2026-07-24T20:28:46.07999+00:00,2026-07-24T20:28:46.07999+00:00,2026-08-05T02:19:39.918749+00:00,,6,SAFE-B,pre_close_creation_but_later_update_or_no_snapshot
2026-07-25,24,4,19:03:00,2026-07-24T20:28:46.07999+00:00,2026-07-24T20:28:46.07999+00:00,2026-08-05T02:19:39.918749+00:00,,6,SAFE-B,pre_close_creation_but_later_update_or_no_snapshot
2026-07-25,24,5,19:30:00,2026-07-24T20:28:46.07999+00:00,2026-07-24T20:28:46.07999+00:00,2026-08-05T02:19:39.918749+00:00,,6,SAFE-B,pre_close_creation_but_later_update_or_no_snapshot
2026-07-25,24,6,19:56:00,2026-07-24T20:28:46.07999+00:00,2026-07-24T20:28:46.07999+00:00,2026-08-05T02:19:39.918749+00:00,,6,SAFE-B,pre_close_creation_but_later_update_or_no_snapshot
2026-07-25,24,7,20:25:00,2026-07-24T20:28:46.07999+00:00,2026-07-24T20:28:46.07999+00:00,2026-08-05T02:19:39.918749+00:00,,6,SAFE-B,pre_close_creation_but_later_update_or_no_snapshot
2026-07-25,24,8,20:59:00,2026-07-24T20:28:46.07999+00:00,2026-07-24T20:28:46.07999+00:00,2026-08-05T02:19:39.918749+00:00,,6,SAFE-B,pre_close_creation_but_later_update_or_no_snapshot
2026-07-25,24,9,21:25:00,2026-07-24T20:28:46.07999+00:00,2026-07-24T20:28:46.07999+00:00,2026-08-05T02:19:39.918749+00:00,,6,SAFE-B,pre_close_creation_but_later_update_or_no_snapshot
2026-07-25,24,10,21:51:00,2026-07-24T20:28:46.07999+00:00,2026-07-24T20:28:46.07999+00:00,2026-08-05T02:19:40.891098+00:00,,6,SAFE-B,pre_close_creation_but_later_update_or_no_snapshot
2026-07-25,24,11,22:20:00,2026-07-24T20:28:46.07999+00:00,2026-07-24T20:28:46.07999+00:00,2026-08-05T02:19:39.918749+00:00,,6,SAFE-B,pre_close_creation_but_later_update_or_no_snapshot
2026-07-25,24,12,22:45:00,2026-07-24T20:28:46.07999+00:00,2026-07-24T20:28:46.07999+00:00,2026-08-05T02:19:39.918749+00:00,,6,SAFE-B,pre_close_creation_but_later_update_or_no_snapshot
2026-07-26,1,1,15:28:00,2026-07-25T14:12:29.515353+00:00,2026-07-25T14:12:29.515353+00:00,2026-08-05T02:20:33.762159+00:00,,6,SAFE-B,pre_close_creation_but_later_update_or_no_snapshot
2026-07-26,1,2,15:58:00,2026-07-25T14:12:29.515353+00:00,2026-07-25T14:12:29.515353+00:00,2026-08-05T02:20:33.762159+00:00,,6,SAFE-B,pre_close_creation_but_later_update_or_no_snapshot
2026-07-26,1,3,16:27:00,2026-07-25T14:12:29.515353+00:00,2026-07-25T14:12:29.515353+00:00,2026-08-05T02:20:33.762159+00:00,,6,SAFE-B,pre_close_creation_but_later_update_or_no_snapshot
2026-07-26,1,4,17:00:00,2026-07-25T14:12:29.515353+00:00,2026-07-25T14:12:29.515353+00:00,2026-08-05T02:20:32.984796+00:00,,6,SAFE-B,pre_close_creation_but_later_update_or_no_snapshot
2026-07-26,1,5,17:25:00,2026-07-25T14:12:29.515353+00:00,2026-07-25T14:12:29.515353+00:00,2026-08-05T02:20:33.762159+00:00,,6,SAFE-B,pre_close_creation_but_later_update_or_no_snapshot
2026-07-26,1,6,17:50:00,2026-07-25T14:12:29.515353+00:00,2026-07-25T14:12:29.515353+00:00,2026-08-05T02:20:33.762159+00:00,,6,SAFE-B,pre_close_creation_but_later_update_or_no_snapshot
2026-07-26,1,7,18:15:00,2026-07-25T14:12:29.515353+00:00,2026-07-25T14:12:29.515353+00:00,2026-08-05T02:20:33.762159+00:00,,6,SAFE-B,pre_close_creation_but_later_update_or_no_snapshot
2026-07-26,1,8,18:40:00,2026-07-25T14:12:29.515353+00:00,2026-07-25T14:12:29.515353+00:00,2026-08-05T02:20:32.984796+00:00,,6,SAFE-B,pre_close_creation_but_later_update_or_no_snapshot
2026-07-26,1,9,19:06:00,2026-07-25T14:12:29.515353+00:00,2026-07-25T14:12:29.515353+00:00,2026-08-05T02:20:32.984796+00:00,,6,SAFE-B,pre_close_creation_but_later_update_or_no_snapshot
2026-07-26,1,10,19:33:00,2026-07-25T14:12:29.515353+00:00,2026-07-25T14:12:29.515353+00:00,2026-08-05T02:20:38.339634+00:00,,6,SAFE-B,pre_close_creation_but_later_update_or_no_snapshot
2026-07-26,1,11,20:00:00,2026-07-25T14:12:29.515353+00:00,2026-07-25T14:12:29.515353+00:00,2026-08-05T02:20:33.762159+00:00,,6,SAFE-B,pre_close_creation_but_later_update_or_no_snapshot
2026-07-26,1,12,20:30:00,2026-07-25T14:12:29.515353+00:00,2026-07-25T14:12:29.515353+00:00,2026-08-05T02:20:33.762159+00:00,,6,SAFE-B,pre_close_creation_but_later_update_or_no_snapshot
2026-07-26,2,1,10:47:00,2026-07-25T14:12:29.515353+00:00,2026-07-25T14:12:29.515353+00:00,2026-08-05T02:20:37.615692+00:00,,6,SAFE-B,pre_close_creation_but_later_update_or_no_snapshot
2026-07-26,2,2,11:16:00,2026-07-25T14:12:29.515353+00:00,2026-07-25T14:12:29.515353+00:00,2026-08-05T02:20:36.825947+00:00,,6,SAFE-B,pre_close_creation_but_later_update_or_no_snapshot
2026-07-26,2,3,11:45:00,2026-07-25T14:12:29.515353+00:00,2026-07-25T14:12:29.515353+00:00,2026-08-05T02:20:36.825947+00:00,,6,SAFE-B,pre_close_creation_but_later_update_or_no_snapshot
2026-07-26,2,4,12:14:00,2026-07-25T14:12:29.515353+00:00,2026-07-25T14:12:29.515353+00:00,2026-08-05T02:20:36.825947+00:00,,6,SAFE-B,pre_close_creation_but_later_update_or_no_snapshot
2026-07-26,2,5,12:44:00,2026-07-25T14:12:29.515353+00:00,2026-07-25T14:12:29.515353+00:00,2026-08-05T02:20:36.825947+00:00,,6,SAFE-B,pre_close_creation_but_later_update_or_no_snapshot
2026-07-26,2,6,13:14:00,2026-07-25T14:12:29.515353+00:00,2026-07-25T14:12:29.515353+00:00,2026-08-05T02:20:37.615692+00:00,,6,SAFE-B,pre_close_creation_but_later_update_or_no_snapshot
2026-07-26,2,7,13:45:00,2026-07-25T14:12:29.515353+00:00,2026-07-25T14:12:29.515353+00:00,2026-08-05T02:20:36.825947+00:00,,6,SAFE-B,pre_close_creation_but_later_update_or_no_snapshot
2026-07-26,2,8,14:16:00,2026-07-25T14:12:29.515353+00:00,2026-07-25T14:12:29.515353+00:00,2026-08-05T02:20:37.615692+00:00,,6,SAFE-B,pre_close_creation_but_later_update_or_no_snapshot
2026-07-26,2,9,14:48:00,2026-07-25T14:12:29.515353+00:00,2026-07-25T14:12:29.515353+00:00,2026-08-05T02:20:37.615692+00:00,,6,SAFE-B,pre_close_creation_but_later_update_or_no_snapshot
2026-07-26,2,10,15:21:00,2026-07-25T14:12:29.515353+00:00,2026-07-25T14:12:29.515353+00:00,2026-08-05T02:20:36.825947+00:00,,6,SAFE-B,pre_close_creation_but_later_update_or_no_snapshot
2026-07-26,2,11,15:55:00,2026-07-25T14:12:29.515353+00:00,2026-07-25T14:12:29.515353+00:00,2026-08-05T02:20:37.615692+00:00,,6,SAFE-B,pre_close_creation_but_later_update_or_no_snapshot
2026-07-26,2,12,16:30:00,2026-07-25T14:12:29.515353+00:00,2026-07-25T14:12:29.515353+00:00,2026-08-05T02:20:37.615692+00:00,,6,SAFE-B,pre_close_creation_but_later_update_or_no_snapshot
2026-07-26,3,1,11:14:00,2026-07-25T14:12:29.515353+00:00,2026-07-25T14:12:29.515353+00:00,2026-08-05T02:20:44.026814+00:00,,6,SAFE-B,pre_close_creation_but_later_update_or_no_snapshot
2026-07-26,3,2,11:41:00,2026-07-25T14:12:29.515353+00:00,2026-07-25T14:12:29.515353+00:00,2026-08-05T02:20:44.026814+00:00,,6,SAFE-B,pre_close_creation_but_later_update_or_no_snapshot
2026-07-26,3,3,12:08:00,2026-07-25T14:12:29.515353+00:00,2026-07-25T14:12:29.515353+00:00,2026-08-05T02:20:44.664367+00:00,,6,SAFE-B,pre_close_creation_but_later_update_or_no_snapshot
2026-07-26,3,4,12:35:00,2026-07-25T14:12:29.515353+00:00,2026-07-25T14:12:29.515353+00:00,2026-08-05T02:20:44.026814+00:00,,6,SAFE-B,pre_close_creation_but_later_update_or_no_snapshot
2026-07-26,3,5,13:02:00,2026-07-25T14:12:29.515353+00:00,2026-07-25T14:12:29.515353+00:00,2026-08-05T02:20:44.664367+00:00,,6,SAFE-B,pre_close_creation_but_later_update_or_no_snapshot
2026-07-26,3,6,13:29:00,2026-07-25T14:12:29.515353+00:00,2026-07-25T14:12:29.515353+00:00,2026-08-05T02:20:44.026814+00:00,,6,SAFE-B,pre_close_creation_but_later_update_or_no_snapshot
2026-07-26,3,7,13:56:00,2026-07-25T14:12:29.515353+00:00,2026-07-25T14:12:29.515353+00:00,2026-08-05T02:20:44.026814+00:00,,6,SAFE-B,pre_close_creation_but_later_update_or_no_snapshot
2026-07-26,3,8,14:24:00,2026-07-25T14:12:29.515353+00:00,2026-07-25T14:12:29.515353+00:00,2026-08-05T02:20:44.026814+00:00,,6,SAFE-B,pre_close_creation_but_later_update_or_no_snapshot
2026-07-26,3,9,14:52:00,2026-07-25T14:12:29.515353+00:00,2026-07-25T14:12:29.515353+00:00,2026-08-05T02:20:44.664367+00:00,,6,SAFE-B,pre_close_creation_but_later_update_or_no_snapshot
2026-07-26,3,10,15:22:00,2026-07-25T14:12:29.515353+00:00,2026-07-25T14:12:29.515353+00:00,2026-08-05T02:20:44.664367+00:00,,6,SAFE-B,pre_close_creation_but_later_update_or_no_snapshot
2026-07-26,3,11,15:53:00,2026-07-25T14:12:29.515353+00:00,2026-07-25T14:12:29.515353+00:00,2026-08-05T02:20:44.664367+00:00,,6,SAFE-B,pre_close_creation_but_later_update_or_no_snapshot
2026-07-26,3,12,16:25:00,2026-07-25T14:12:29.515353+00:00,2026-07-25T14:12:29.515353+00:00,2026-08-05T02:20:44.026814+00:00,,6,SAFE-B,pre_close_creation_but_later_update_or_no_snapshot
2026-07-26,4,1,11:54:00,2026-07-25T14:12:29.515353+00:00,2026-07-25T14:12:29.515353+00:00,2026-08-05T02:20:36.825947+00:00,,6,SAFE-B,pre_close_creation_but_later_update_or_no_snapshot
2026-07-26,4,2,12:23:00,2026-07-25T14:12:29.515353+00:00,2026-07-25T14:12:29.515353+00:00,2026-08-05T02:20:36.825947+00:00,,6,SAFE-B,pre_close_creation_but_later_update_or_no_snapshot
2026-07-26,4,3,12:53:00,2026-07-25T14:12:29.515353+00:00,2026-07-25T14:12:29.515353+00:00,2026-08-05T02:20:37.615692+00:00,,6,SAFE-B,pre_close_creation_but_later_update_or_no_snapshot
2026-07-26,4,4,13:23:00,2026-07-25T14:12:29.515353+00:00,2026-07-25T14:12:29.515353+00:00,2026-08-05T02:20:36.825947+00:00,,6,SAFE-B,pre_close_creation_but_later_update_or_no_snapshot
2026-07-26,4,5,13:54:00,2026-07-25T14:12:29.515353+00:00,2026-07-25T14:12:29.515353+00:00,2026-08-05T02:20:36.825947+00:00,,6,SAFE-B,pre_close_creation_but_later_update_or_no_snapshot
2026-07-26,4,6,14:25:00,2026-07-25T14:12:29.515353+00:00,2026-07-25T14:12:30.03976+00:00,2026-08-05T02:20:36.825947+00:00,,6,SAFE-B,pre_close_creation_but_later_update_or_no_snapshot
2026-07-26,4,7,14:57:00,2026-07-25T14:12:30.03976+00:00,2026-07-25T14:12:30.03976+00:00,2026-08-05T02:20:36.825947+00:00,,6,SAFE-B,pre_close_creation_but_later_update_or_no_snapshot
2026-07-26,4,8,15:30:00,2026-07-25T14:12:30.03976+00:00,2026-07-25T14:12:30.03976+00:00,2026-08-05T02:20:36.825947+00:00,,6,SAFE-B,pre_close_creation_but_later_update_or_no_snapshot
2026-07-26,4,9,16:04:00,2026-07-25T14:12:30.03976+00:00,2026-07-25T14:12:30.03976+00:00,2026-08-05T02:20:37.615692+00:00,,6,SAFE-B,pre_close_creation_but_later_update_or_no_snapshot
2026-07-26,4,10,16:39:00,2026-07-25T14:12:30.03976+00:00,2026-07-25T14:12:30.03976+00:00,2026-08-05T02:20:36.825947+00:00,,6,SAFE-B,pre_close_creation_but_later_update_or_no_snapshot
2026-07-26,4,11,17:08:00,2026-07-25T14:12:30.03976+00:00,2026-07-25T14:12:30.03976+00:00,2026-08-05T02:20:36.825947+00:00,,6,SAFE-B,pre_close_creation_but_later_update_or_no_snapshot
2026-07-26,4,12,17:42:00,2026-07-25T14:12:30.03976+00:00,2026-07-25T14:12:30.03976+00:00,2026-08-05T02:20:36.825947+00:00,,6,SAFE-B,pre_close_creation_but_later_update_or_no_snapshot
2026-07-26,6,1,11:32:00,2026-07-25T14:12:30.03976+00:00,2026-07-25T14:12:30.03976+00:00,2026-08-05T02:20:36.825947+00:00,,6,SAFE-B,pre_close_creation_but_later_update_or_no_snapshot
2026-07-26,6,2,12:06:00,2026-07-25T14:12:30.03976+00:00,2026-07-25T14:12:30.03976+00:00,2026-08-05T02:20:36.825947+00:00,,6,SAFE-B,pre_close_creation_but_later_update_or_no_snapshot
2026-07-26,6,3,12:40:00,2026-07-25T14:12:30.03976+00:00,2026-07-25T14:12:30.03976+00:00,2026-08-05T02:20:36.825947+00:00,,6,SAFE-B,pre_close_creation_but_later_update_or_no_snapshot
2026-07-26,6,4,13:09:00,2026-07-25T14:12:30.03976+00:00,2026-07-25T14:12:30.03976+00:00,2026-08-05T02:20:36.825947+00:00,,6,SAFE-B,pre_close_creation_but_later_update_or_no_snapshot
2026-07-26,6,5,13:38:00,2026-07-25T14:12:30.03976+00:00,2026-07-25T14:12:30.03976+00:00,2026-08-05T02:20:36.825947+00:00,,6,SAFE-B,pre_close_creation_but_later_update_or_no_snapshot
2026-07-26,6,6,14:04:00,2026-07-25T14:12:30.03976+00:00,2026-07-25T14:12:30.03976+00:00,2026-08-05T02:20:36.825947+00:00,,6,SAFE-B,pre_close_creation_but_later_update_or_no_snapshot
2026-07-26,6,7,14:31:00,2026-07-25T14:12:30.03976+00:00,2026-07-25T14:12:30.03976+00:00,2026-08-05T02:20:36.825947+00:00,,6,SAFE-B,pre_close_creation_but_later_update_or_no_snapshot
2026-07-26,6,8,15:02:00,2026-07-25T14:12:30.03976+00:00,2026-07-25T14:12:30.03976+00:00,2026-08-05T02:20:36.825947+00:00,,6,SAFE-B,pre_close_creation_but_later_update_or_no_snapshot
2026-07-26,6,9,15:42:00,2026-07-25T14:12:30.03976+00:00,2026-07-25T14:12:30.03976+00:00,2026-08-05T02:20:36.825947+00:00,,6,SAFE-B,pre_close_creation_but_later_update_or_no_snapshot
2026-07-26,6,10,16:09:00,2026-07-25T14:12:30.03976+00:00,2026-07-25T14:12:30.03976+00:00,2026-08-05T02:20:36.825947+00:00,,6,SAFE-B,pre_close_creation_but_later_update_or_no_snapshot
2026-07-26,6,11,16:36:00,2026-07-25T14:12:30.03976+00:00,2026-07-25T14:12:30.03976+00:00,2026-08-05T02:20:36.825947+00:00,,6,SAFE-B,pre_close_creation_but_later_update_or_no_snapshot
2026-07-26,6,12,17:06:00,2026-07-25T14:12:30.03976+00:00,2026-07-25T14:12:30.03976+00:00,2026-08-05T02:20:37.615692+00:00,,6,SAFE-B,pre_close_creation_but_later_update_or_no_snapshot
2026-07-26,8,1,10:42:00,2026-07-25T14:12:30.03976+00:00,2026-07-25T14:12:30.03976+00:00,2026-08-05T02:20:44.026814+00:00,,6,SAFE-B,pre_close_creation_but_later_update_or_no_snapshot
2026-07-26,8,2,11:08:00,2026-07-25T14:12:30.03976+00:00,2026-07-25T14:12:30.03976+00:00,2026-08-05T02:20:44.664367+00:00,,6,SAFE-B,pre_close_creation_but_later_update_or_no_snapshot
2026-07-26,8,3,11:36:00,2026-07-25T14:12:30.03976+00:00,2026-07-25T14:12:30.03976+00:00,2026-08-05T02:20:44.026814+00:00,,6,SAFE-B,pre_close_creation_but_later_update_or_no_snapshot
2026-07-26,8,4,12:04:00,2026-07-25T14:12:30.03976+00:00,2026-07-25T14:12:30.03976+00:00,2026-08-05T02:20:44.026814+00:00,,6,SAFE-B,pre_close_creation_but_later_update_or_no_snapshot
2026-07-26,8,5,12:31:00,2026-07-25T14:12:30.03976+00:00,2026-07-25T14:12:30.03976+00:00,2026-08-05T02:20:44.026814+00:00,,6,SAFE-B,pre_close_creation_but_later_update_or_no_snapshot
2026-07-26,8,6,12:58:00,2026-07-25T14:12:30.03976+00:00,2026-07-25T14:12:30.03976+00:00,2026-08-05T02:20:44.026814+00:00,,6,SAFE-B,pre_close_creation_but_later_update_or_no_snapshot
2026-07-26,8,7,13:27:00,2026-07-25T14:12:30.03976+00:00,2026-07-25T14:12:30.03976+00:00,2026-08-05T02:20:44.664367+00:00,,6,SAFE-B,pre_close_creation_but_later_update_or_no_snapshot
2026-07-26,8,8,13:58:00,2026-07-25T14:12:30.03976+00:00,2026-07-25T14:12:30.03976+00:00,2026-08-05T02:20:44.026814+00:00,,6,SAFE-B,pre_close_creation_but_later_update_or_no_snapshot
2026-07-26,8,9,14:29:00,2026-07-25T14:12:30.03976+00:00,2026-07-25T14:12:30.03976+00:00,2026-08-05T02:20:44.026814+00:00,,6,SAFE-B,pre_close_creation_but_later_update_or_no_snapshot
2026-07-26,8,10,14:55:00,2026-07-25T14:12:30.03976+00:00,2026-07-25T14:12:30.03976+00:00,2026-08-05T02:20:44.026814+00:00,,6,SAFE-B,pre_close_creation_but_later_update_or_no_snapshot
2026-07-26,8,11,15:33:00,2026-07-25T14:12:30.03976+00:00,2026-07-25T14:12:30.03976+00:00,2026-08-05T02:20:44.026814+00:00,,6,SAFE-B,pre_close_creation_but_later_update_or_no_snapshot
2026-07-26,8,12,16:16:00,2026-07-25T14:12:30.03976+00:00,2026-07-25T14:12:30.03976+00:00,2026-08-05T02:20:44.664367+00:00,,6,SAFE-B,pre_close_creation_but_later_update_or_no_snapshot
2026-07-26,12,1,15:18:00,2026-07-25T14:12:30.03976+00:00,2026-07-25T14:12:30.03976+00:00,2026-08-05T02:20:43.303979+00:00,,6,SAFE-B,pre_close_creation_but_later_update_or_no_snapshot
2026-07-26,12,2,15:48:00,2026-07-25T14:12:30.03976+00:00,2026-07-25T14:12:30.03976+00:00,2026-08-05T02:20:43.303979+00:00,,6,SAFE-B,pre_close_creation_but_later_update_or_no_snapshot
2026-07-26,12,3,16:32:00,2026-07-25T14:12:30.03976+00:00,2026-07-25T14:12:30.03976+00:00,2026-08-05T02:20:43.303979+00:00,,6,SAFE-B,pre_close_creation_but_later_update_or_no_snapshot
2026-07-26,12,4,17:09:00,2026-07-25T14:12:30.03976+00:00,2026-07-25T14:12:30.03976+00:00,2026-08-05T02:20:43.303979+00:00,,6,SAFE-B,pre_close_creation_but_later_update_or_no_snapshot
2026-07-26,12,5,17:34:00,2026-07-25T14:12:30.03976+00:00,2026-07-25T14:12:30.03976+00:00,2026-08-05T02:20:43.303979+00:00,,6,SAFE-B,pre_close_creation_but_later_update_or_no_snapshot
2026-07-26,12,6,17:59:00,2026-07-25T14:12:30.03976+00:00,2026-07-25T14:12:30.03976+00:00,2026-08-05T02:20:43.303979+00:00,,6,SAFE-B,pre_close_creation_but_later_update_or_no_snapshot
2026-07-26,12,7,18:24:00,2026-07-25T14:12:30.03976+00:00,2026-07-25T14:12:30.03976+00:00,2026-08-05T02:20:43.303979+00:00,,6,SAFE-B,pre_close_creation_but_later_update_or_no_snapshot
2026-07-26,12,8,18:49:00,2026-07-25T14:12:30.03976+00:00,2026-07-25T14:12:30.03976+00:00,2026-08-05T02:20:43.303979+00:00,,6,SAFE-B,pre_close_creation_but_later_update_or_no_snapshot
2026-07-26,12,9,19:15:00,2026-07-25T14:12:30.03976+00:00,2026-07-25T14:12:30.03976+00:00,2026-08-05T02:20:43.303979+00:00,,6,SAFE-B,pre_close_creation_but_later_update_or_no_snapshot
2026-07-26,12,10,19:42:00,2026-07-25T14:12:30.03976+00:00,2026-07-25T14:12:30.03976+00:00,2026-08-05T02:20:43.303979+00:00,,6,SAFE-B,pre_close_creation_but_later_update_or_no_snapshot
2026-07-26,12,11,20:09:00,2026-07-25T14:12:30.03976+00:00,2026-07-25T14:12:30.03976+00:00,2026-08-05T02:20:43.303979+00:00,,6,SAFE-B,pre_close_creation_but_later_update_or_no_snapshot
2026-07-26,12,12,20:38:00,2026-07-25T14:12:30.03976+00:00,2026-07-25T14:12:30.474041+00:00,2026-08-05T02:20:43.303979+00:00,,6,SAFE-B,pre_close_creation_but_later_update_or_no_snapshot
2026-07-26,13,1,10:36:00,2026-07-25T14:12:30.474041+00:00,2026-07-25T14:12:30.474041+00:00,2026-08-05T02:20:39.791266+00:00,,6,SAFE-B,pre_close_creation_but_later_update_or_no_snapshot
2026-07-26,13,2,11:04:00,2026-07-25T14:12:30.474041+00:00,2026-07-25T14:12:30.474041+00:00,2026-08-05T02:20:39.791266+00:00,,6,SAFE-B,pre_close_creation_but_later_update_or_no_snapshot
2026-07-26,13,3,11:27:00,2026-07-25T14:12:30.474041+00:00,2026-07-25T14:12:30.474041+00:00,2026-08-05T02:20:39.791266+00:00,,6,SAFE-B,pre_close_creation_but_later_update_or_no_snapshot
2026-07-26,13,4,11:52:00,2026-07-25T14:12:30.474041+00:00,2026-07-25T14:12:30.474041+00:00,2026-08-05T02:20:39.791266+00:00,,6,SAFE-B,pre_close_creation_but_later_update_or_no_snapshot
2026-07-26,13,5,12:21:00,2026-07-25T14:12:30.474041+00:00,2026-07-25T14:12:30.474041+00:00,2026-08-05T02:20:41.129602+00:00,,6,SAFE-B,pre_close_creation_but_later_update_or_no_snapshot
2026-07-26,13,6,12:51:00,2026-07-25T14:12:30.474041+00:00,2026-07-25T14:12:30.474041+00:00,2026-08-05T02:20:39.791266+00:00,,6,SAFE-B,pre_close_creation_but_later_update_or_no_snapshot
2026-07-26,13,7,13:21:00,2026-07-25T14:12:30.474041+00:00,2026-07-25T14:12:30.474041+00:00,2026-08-05T02:20:39.791266+00:00,,6,SAFE-B,pre_close_creation_but_later_update_or_no_snapshot
2026-07-26,13,8,13:53:00,2026-07-25T14:12:30.474041+00:00,2026-07-25T14:12:30.474041+00:00,2026-08-05T02:20:39.072896+00:00,,6,SAFE-B,pre_close_creation_but_later_update_or_no_snapshot
2026-07-26,13,9,14:45:00,2026-07-25T14:12:30.474041+00:00,2026-07-25T14:12:30.474041+00:00,2026-08-05T02:20:39.791266+00:00,,6,SAFE-B,pre_close_creation_but_later_update_or_no_snapshot
2026-07-26,13,10,15:16:00,2026-07-25T14:12:30.474041+00:00,2026-07-25T14:12:30.474041+00:00,2026-08-05T02:20:39.791266+00:00,,6,SAFE-B,pre_close_creation_but_later_update_or_no_snapshot
2026-07-26,13,11,15:46:00,2026-07-25T14:12:30.474041+00:00,2026-07-25T14:12:30.474041+00:00,2026-08-05T02:20:41.793272+00:00,,6,SAFE-B,pre_close_creation_but_later_update_or_no_snapshot
2026-07-26,13,12,16:23:00,2026-07-25T14:12:30.474041+00:00,2026-07-25T14:12:30.474041+00:00,2026-08-05T02:20:39.791266+00:00,,6,SAFE-B,pre_close_creation_but_later_update_or_no_snapshot
2026-07-26,14,1,08:46:00,2026-07-25T14:12:30.474041+00:00,2026-07-25T14:12:30.474041+00:00,2026-08-05T02:20:36.825947+00:00,,6,SAFE-B,pre_close_creation_but_later_update_or_no_snapshot
2026-07-26,14,2,09:12:00,2026-07-25T14:12:30.474041+00:00,2026-07-25T14:12:30.474041+00:00,2026-08-05T02:20:37.615692+00:00,,6,SAFE-B,pre_close_creation_but_later_update_or_no_snapshot
2026-07-26,14,3,09:38:00,2026-07-25T14:12:30.474041+00:00,2026-07-25T14:12:30.474041+00:00,2026-08-05T02:20:36.825947+00:00,,6,SAFE-B,pre_close_creation_but_later_update_or_no_snapshot
2026-07-26,14,4,10:04:00,2026-07-25T14:12:30.474041+00:00,2026-07-25T14:12:30.474041+00:00,2026-08-05T02:20:37.615692+00:00,,6,SAFE-B,pre_close_creation_but_later_update_or_no_snapshot
2026-07-26,14,5,10:30:00,2026-07-25T14:12:30.474041+00:00,2026-07-25T14:12:30.474041+00:00,2026-08-05T02:20:36.825947+00:00,,6,SAFE-B,pre_close_creation_but_later_update_or_no_snapshot
2026-07-26,14,6,10:59:00,2026-07-25T14:12:30.474041+00:00,2026-07-25T14:12:30.474041+00:00,2026-08-05T02:20:36.825947+00:00,,6,SAFE-B,pre_close_creation_but_later_update_or_no_snapshot
2026-07-26,14,7,11:28:00,2026-07-25T14:12:30.474041+00:00,2026-07-25T14:12:30.474041+00:00,2026-08-05T02:20:36.825947+00:00,,6,SAFE-B,pre_close_creation_but_later_update_or_no_snapshot
2026-07-26,14,8,11:58:00,2026-07-25T14:12:30.474041+00:00,2026-07-25T14:12:30.474041+00:00,2026-08-05T02:20:36.825947+00:00,,6,SAFE-B,pre_close_creation_but_later_update_or_no_snapshot
2026-07-26,14,9,12:27:00,2026-07-25T14:12:30.474041+00:00,2026-07-25T14:12:30.474041+00:00,2026-08-05T02:20:36.825947+00:00,,6,SAFE-B,pre_close_creation_but_later_update_or_no_snapshot
2026-07-26,14,10,13:05:00,2026-07-25T14:12:30.474041+00:00,2026-07-25T14:12:30.474041+00:00,2026-08-05T02:20:37.615692+00:00,,6,SAFE-B,pre_close_creation_but_later_update_or_no_snapshot
2026-07-26,14,11,13:35:00,2026-07-25T14:12:30.474041+00:00,2026-07-25T14:12:30.474041+00:00,2026-08-05T02:20:37.615692+00:00,,6,SAFE-B,pre_close_creation_but_later_update_or_no_snapshot
2026-07-26,14,12,14:13:00,2026-07-25T14:12:30.474041+00:00,2026-07-25T14:12:30.474041+00:00,2026-08-05T02:20:37.615692+00:00,,6,SAFE-B,pre_close_creation_but_later_update_or_no_snapshot
2026-07-26,17,1,10:56:00,2026-07-25T14:12:30.474041+00:00,2026-07-25T14:12:30.474041+00:00,2026-08-05T02:20:36.018907+00:00,,6,SAFE-B,pre_close_creation_but_later_update_or_no_snapshot
2026-07-26,17,2,11:37:00,2026-07-25T14:12:30.474041+00:00,2026-07-25T14:12:30.474041+00:00,2026-08-05T02:20:34.978449+00:00,,6,SAFE-B,pre_close_creation_but_later_update_or_no_snapshot
2026-07-26,17,3,12:02:00,2026-07-25T14:12:30.474041+00:00,2026-07-25T14:12:30.474041+00:00,2026-08-05T02:20:36.018907+00:00,,6,SAFE-B,pre_close_creation_but_later_update_or_no_snapshot
2026-07-26,17,4,12:34:00,2026-07-25T14:12:30.474041+00:00,2026-07-25T14:12:30.474041+00:00,2026-08-05T02:20:34.978449+00:00,,6,SAFE-B,pre_close_creation_but_later_update_or_no_snapshot
2026-07-26,17,5,13:13:00,2026-07-25T14:12:30.474041+00:00,2026-07-25T14:12:30.474041+00:00,2026-08-05T02:20:34.978449+00:00,,6,SAFE-B,pre_close_creation_but_later_update_or_no_snapshot
2026-07-26,17,6,13:42:00,2026-07-25T14:12:30.474041+00:00,2026-07-25T14:12:30.474041+00:00,2026-08-05T02:20:36.018907+00:00,,6,SAFE-B,pre_close_creation_but_later_update_or_no_snapshot
2026-07-26,17,7,14:11:00,2026-07-25T14:12:30.474041+00:00,2026-07-25T14:12:30.474041+00:00,2026-08-05T02:20:36.018907+00:00,,6,SAFE-B,pre_close_creation_but_later_update_or_no_snapshot
2026-07-26,17,8,14:38:00,2026-07-25T14:12:30.474041+00:00,2026-07-25T14:12:30.474041+00:00,2026-08-05T02:20:36.018907+00:00,,6,SAFE-B,pre_close_creation_but_later_update_or_no_snapshot
2026-07-26,17,9,15:09:00,2026-07-25T14:12:30.474041+00:00,2026-07-25T14:12:30.474041+00:00,2026-08-05T02:20:34.978449+00:00,,6,SAFE-B,pre_close_creation_but_later_update_or_no_snapshot
2026-07-26,17,10,15:39:00,2026-07-25T14:12:30.474041+00:00,2026-07-25T14:12:30.474041+00:00,2026-08-05T02:20:36.018907+00:00,,6,SAFE-B,pre_close_creation_but_later_update_or_no_snapshot
2026-07-26,17,11,16:13:00,2026-07-25T14:12:30.474041+00:00,2026-07-25T14:12:30.474041+00:00,2026-08-05T02:20:36.018907+00:00,,6,SAFE-B,pre_close_creation_but_later_update_or_no_snapshot
2026-07-26,17,12,16:53:00,2026-07-25T14:12:30.474041+00:00,2026-07-25T14:12:30.474041+00:00,2026-08-05T02:20:36.018907+00:00,,6,SAFE-B,pre_close_creation_but_later_update_or_no_snapshot
2026-07-26,20,1,15:24:00,2026-07-25T14:12:30.474041+00:00,2026-07-25T14:12:30.474041+00:00,2026-08-05T02:20:36.825947+00:00,,6,SAFE-B,pre_close_creation_but_later_update_or_no_snapshot
2026-07-26,20,2,16:03:00,2026-07-25T14:12:30.474041+00:00,2026-07-25T14:12:30.474041+00:00,2026-08-05T02:20:36.825947+00:00,,6,SAFE-B,pre_close_creation_but_later_update_or_no_snapshot
2026-07-26,20,3,16:37:00,2026-07-25T14:12:30.474041+00:00,2026-07-25T14:12:30.474041+00:00,2026-08-05T02:20:36.825947+00:00,,6,SAFE-B,pre_close_creation_but_later_update_or_no_snapshot
2026-07-26,20,4,17:17:00,2026-07-25T14:12:30.474041+00:00,2026-07-25T14:12:30.474041+00:00,2026-08-05T02:20:36.825947+00:00,,6,SAFE-B,pre_close_creation_but_later_update_or_no_snapshot
2026-07-26,20,5,17:42:00,2026-07-25T14:12:30.474041+00:00,2026-07-25T14:12:30.474041+00:00,2026-08-05T02:20:36.825947+00:00,,6,SAFE-B,pre_close_creation_but_later_update_or_no_snapshot
2026-07-26,20,6,18:07:00,2026-07-25T14:12:30.751929+00:00,2026-07-25T14:12:30.751929+00:00,2026-08-05T02:20:37.615692+00:00,,6,SAFE-B,pre_close_creation_but_later_update_or_no_snapshot
2026-07-26,20,7,18:32:00,2026-07-25T14:12:30.751929+00:00,2026-07-25T14:12:30.751929+00:00,2026-08-05T02:20:36.825947+00:00,,6,SAFE-B,pre_close_creation_but_later_update_or_no_snapshot
2026-07-26,20,8,18:57:00,2026-07-25T14:12:30.751929+00:00,2026-07-25T14:12:30.751929+00:00,2026-08-05T02:20:37.615692+00:00,,6,SAFE-B,pre_close_creation_but_later_update_or_no_snapshot
2026-07-26,20,9,19:23:00,2026-07-25T14:12:30.751929+00:00,2026-07-25T14:12:30.751929+00:00,2026-08-05T02:20:37.615692+00:00,,6,SAFE-B,pre_close_creation_but_later_update_or_no_snapshot
2026-07-26,20,10,19:50:00,2026-07-25T14:12:30.751929+00:00,2026-07-25T14:12:30.751929+00:00,2026-08-05T02:20:36.825947+00:00,,6,SAFE-B,pre_close_creation_but_later_update_or_no_snapshot
2026-07-26,20,11,20:17:00,2026-07-25T14:12:30.751929+00:00,2026-07-25T14:12:30.751929+00:00,2026-08-05T02:20:36.825947+00:00,,6,SAFE-B,pre_close_creation_but_later_update_or_no_snapshot
2026-07-26,20,12,20:45:00,2026-07-25T14:12:30.751929+00:00,2026-07-25T14:12:30.751929+00:00,2026-08-05T02:20:36.825947+00:00,,6,SAFE-B,pre_close_creation_but_later_update_or_no_snapshot
2026-07-26,21,1,08:32:00,2026-07-25T14:12:30.751929+00:00,2026-07-25T14:12:30.751929+00:00,2026-08-05T02:20:36.825947+00:00,,6,SAFE-B,pre_close_creation_but_later_update_or_no_snapshot
2026-07-26,21,2,08:58:00,2026-07-25T14:12:30.751929+00:00,2026-07-25T14:12:30.751929+00:00,2026-08-05T02:20:37.615692+00:00,,6,SAFE-B,pre_close_creation_but_later_update_or_no_snapshot
2026-07-26,21,3,09:24:00,2026-07-25T14:12:30.751929+00:00,2026-07-25T14:12:30.751929+00:00,2026-08-05T02:20:36.825947+00:00,,6,SAFE-B,pre_close_creation_but_later_update_or_no_snapshot
2026-07-26,21,4,09:50:00,2026-07-25T14:12:30.751929+00:00,2026-07-25T14:12:30.751929+00:00,2026-08-05T02:20:36.825947+00:00,,6,SAFE-B,pre_close_creation_but_later_update_or_no_snapshot
2026-07-26,21,5,10:16:00,2026-07-25T14:12:30.751929+00:00,2026-07-25T14:12:30.751929+00:00,2026-08-05T02:20:37.615692+00:00,,6,SAFE-B,pre_close_creation_but_later_update_or_no_snapshot
2026-07-26,21,6,10:44:00,2026-07-25T14:12:30.751929+00:00,2026-07-25T14:12:30.751929+00:00,2026-08-05T02:20:36.825947+00:00,,6,SAFE-B,pre_close_creation_but_later_update_or_no_snapshot
2026-07-26,21,7,11:12:00,2026-07-25T14:12:30.751929+00:00,2026-07-25T14:12:30.751929+00:00,2026-08-05T02:20:37.615692+00:00,,6,SAFE-B,pre_close_creation_but_later_update_or_no_snapshot
2026-07-26,21,8,11:43:00,2026-07-25T14:12:30.751929+00:00,2026-07-25T14:12:30.751929+00:00,2026-08-05T02:20:36.825947+00:00,,6,SAFE-B,pre_close_creation_but_later_update_or_no_snapshot
2026-07-26,21,9,12:16:00,2026-07-25T14:12:30.751929+00:00,2026-07-25T14:12:30.751929+00:00,2026-08-05T02:20:37.615692+00:00,,6,SAFE-B,pre_close_creation_but_later_update_or_no_snapshot
2026-07-26,21,10,12:47:00,2026-07-25T14:12:30.751929+00:00,2026-07-25T14:12:30.751929+00:00,2026-08-05T02:20:36.825947+00:00,,6,SAFE-B,pre_close_creation_but_later_update_or_no_snapshot
2026-07-26,21,11,13:18:00,2026-07-25T14:12:30.751929+00:00,2026-07-25T14:12:30.751929+00:00,2026-08-05T02:20:36.825947+00:00,,6,SAFE-B,pre_close_creation_but_later_update_or_no_snapshot
2026-07-26,21,12,14:00:00,2026-07-25T14:12:30.751929+00:00,2026-07-25T14:12:30.751929+00:00,2026-08-05T02:20:36.825947+00:00,,6,SAFE-B,pre_close_creation_but_later_update_or_no_snapshot
2026-07-26,23,1,08:39:00,2026-07-25T14:12:30.751929+00:00,2026-07-25T14:12:30.751929+00:00,2026-08-05T02:20:36.018907+00:00,,6,SAFE-B,pre_close_creation_but_later_update_or_no_snapshot
2026-07-26,23,2,09:05:00,2026-07-25T14:12:30.751929+00:00,2026-07-25T14:12:30.751929+00:00,2026-08-05T02:20:34.978449+00:00,,6,SAFE-B,pre_close_creation_but_later_update_or_no_snapshot
2026-07-26,23,3,09:31:00,2026-07-25T14:12:30.751929+00:00,2026-07-25T14:12:30.751929+00:00,2026-08-05T02:20:36.018907+00:00,,6,SAFE-B,pre_close_creation_but_later_update_or_no_snapshot
2026-07-26,23,4,09:57:00,2026-07-25T14:12:30.751929+00:00,2026-07-25T14:12:30.751929+00:00,2026-08-05T02:20:36.018907+00:00,,6,SAFE-B,pre_close_creation_but_later_update_or_no_snapshot
2026-07-26,23,5,10:23:00,2026-07-25T14:12:30.751929+00:00,2026-07-25T14:12:30.751929+00:00,2026-08-05T02:20:36.018907+00:00,,6,SAFE-B,pre_close_creation_but_later_update_or_no_snapshot
2026-07-26,23,6,10:52:00,2026-07-25T14:12:30.751929+00:00,2026-07-25T14:12:30.751929+00:00,2026-08-05T02:20:34.978449+00:00,,6,SAFE-B,pre_close_creation_but_later_update_or_no_snapshot
2026-07-26,23,7,11:21:00,2026-07-25T14:12:30.751929+00:00,2026-07-25T14:12:30.751929+00:00,2026-08-05T02:20:34.978449+00:00,,6,SAFE-B,pre_close_creation_but_later_update_or_no_snapshot
2026-07-26,23,8,11:49:00,2026-07-25T14:12:30.751929+00:00,2026-07-25T14:12:30.751929+00:00,2026-08-05T02:20:36.018907+00:00,,6,SAFE-B,pre_close_creation_but_later_update_or_no_snapshot
2026-07-26,23,9,12:25:00,2026-07-25T14:12:30.751929+00:00,2026-07-25T14:12:30.751929+00:00,2026-08-05T02:20:36.018907+00:00,,6,SAFE-B,pre_close_creation_but_later_update_or_no_snapshot
2026-07-26,23,10,13:00:00,2026-07-25T14:12:30.751929+00:00,2026-07-25T14:12:30.751929+00:00,2026-08-05T02:20:36.018907+00:00,,6,SAFE-B,pre_close_creation_but_later_update_or_no_snapshot
2026-07-26,23,11,13:33:00,2026-07-25T14:12:30.751929+00:00,2026-07-25T14:12:30.751929+00:00,2026-08-05T02:20:36.018907+00:00,,6,SAFE-B,pre_close_creation_but_later_update_or_no_snapshot
2026-07-26,23,12,14:06:00,2026-07-25T14:12:30.751929+00:00,2026-07-25T14:12:30.751929+00:00,2026-08-05T02:20:36.018907+00:00,,6,SAFE-B,pre_close_creation_but_later_update_or_no_snapshot
2026-07-27,1,1,15:27:00,2026-07-26T14:12:28.758806+00:00,2026-07-26T14:12:28.758806+00:00,2026-08-05T02:21:28.377386+00:00,2026-07-28T22:24:29.681274+00:00,6,SAFE-B,pre_close_creation_but_later_update_or_no_snapshot
2026-07-27,1,2,15:58:00,2026-07-26T14:12:28.758806+00:00,2026-07-26T14:12:28.758806+00:00,2026-08-05T02:21:27.678416+00:00,2026-07-28T22:24:29.681274+00:00,6,SAFE-B,pre_close_creation_but_later_update_or_no_snapshot
2026-07-27,1,3,16:27:00,2026-07-26T14:12:28.758806+00:00,2026-07-26T14:12:28.758806+00:00,2026-08-05T02:21:28.377386+00:00,2026-07-28T22:24:29.681274+00:00,6,SAFE-B,pre_close_creation_but_later_update_or_no_snapshot
2026-07-27,1,4,17:00:00,2026-07-26T14:12:28.758806+00:00,2026-07-26T14:12:28.758806+00:00,2026-08-05T02:21:28.377386+00:00,2026-07-28T22:24:29.681274+00:00,6,SAFE-B,pre_close_creation_but_later_update_or_no_snapshot
2026-07-27,1,5,17:24:00,2026-07-26T14:12:28.758806+00:00,2026-07-26T14:12:28.758806+00:00,2026-08-05T02:21:27.678416+00:00,2026-07-28T22:24:29.681274+00:00,6,SAFE-B,pre_close_creation_but_later_update_or_no_snapshot
2026-07-27,1,6,17:49:00,2026-07-26T14:12:28.758806+00:00,2026-07-26T14:12:28.758806+00:00,2026-08-05T02:21:28.377386+00:00,2026-07-28T22:24:29.681274+00:00,6,SAFE-B,pre_close_creation_but_later_update_or_no_snapshot
2026-07-27,1,7,18:14:00,2026-07-26T14:12:28.758806+00:00,2026-07-26T14:12:28.758806+00:00,2026-08-05T02:21:28.377386+00:00,2026-07-28T22:24:29.681274+00:00,6,SAFE-B,pre_close_creation_but_later_update_or_no_snapshot
2026-07-27,1,8,18:39:00,2026-07-26T14:12:28.758806+00:00,2026-07-26T14:12:28.758806+00:00,2026-08-05T02:21:28.377386+00:00,2026-07-28T22:24:29.681274+00:00,6,SAFE-B,pre_close_creation_but_later_update_or_no_snapshot
2026-07-27,1,9,19:05:00,2026-07-26T14:12:28.758806+00:00,2026-07-26T14:12:28.758806+00:00,2026-08-05T02:21:28.377386+00:00,2026-07-28T22:24:29.681274+00:00,6,SAFE-B,pre_close_creation_but_later_update_or_no_snapshot
2026-07-27,1,10,19:31:00,2026-07-26T14:12:28.758806+00:00,2026-07-26T14:12:28.758806+00:00,2026-08-05T02:21:28.377386+00:00,2026-07-28T22:24:29.681274+00:00,6,SAFE-B,pre_close_creation_but_later_update_or_no_snapshot
2026-07-27,1,11,19:59:00,2026-07-26T14:12:28.758806+00:00,2026-07-26T14:12:28.758806+00:00,2026-08-05T02:21:28.377386+00:00,2026-07-28T22:24:29.681274+00:00,6,SAFE-B,pre_close_creation_but_later_update_or_no_snapshot
2026-07-27,1,12,20:30:00,2026-07-26T14:12:28.758806+00:00,2026-07-26T14:12:28.758806+00:00,2026-08-05T02:21:27.678416+00:00,2026-07-28T22:24:29.681274+00:00,6,SAFE-B,pre_close_creation_but_later_update_or_no_snapshot
2026-07-27,2,1,10:47:00,2026-07-26T14:12:28.758806+00:00,2026-07-26T14:12:28.758806+00:00,2026-08-05T02:21:31.373442+00:00,2026-07-28T22:24:29.681274+00:00,6,SAFE-B,pre_close_creation_but_later_update_or_no_snapshot
2026-07-27,2,2,11:16:00,2026-07-26T14:12:28.758806+00:00,2026-07-26T14:12:28.758806+00:00,2026-08-05T02:21:31.373442+00:00,2026-07-28T22:24:29.681274+00:00,6,SAFE-B,pre_close_creation_but_later_update_or_no_snapshot
2026-07-27,2,3,11:45:00,2026-07-26T14:12:28.758806+00:00,2026-07-26T14:12:28.758806+00:00,2026-08-05T02:21:32.427767+00:00,2026-07-28T22:24:29.681274+00:00,6,SAFE-B,pre_close_creation_but_later_update_or_no_snapshot
2026-07-27,2,4,12:14:00,2026-07-26T14:12:28.758806+00:00,2026-07-26T14:12:28.758806+00:00,2026-08-05T02:21:32.427767+00:00,2026-07-28T22:24:29.681274+00:00,6,SAFE-B,pre_close_creation_but_later_update_or_no_snapshot
2026-07-27,2,5,12:44:00,2026-07-26T14:12:28.758806+00:00,2026-07-26T14:12:28.758806+00:00,2026-08-05T02:21:32.427767+00:00,2026-07-28T22:24:29.681274+00:00,6,SAFE-B,pre_close_creation_but_later_update_or_no_snapshot
2026-07-27,2,6,13:14:00,2026-07-26T14:12:28.758806+00:00,2026-07-26T14:12:28.758806+00:00,2026-08-05T02:21:32.427767+00:00,2026-07-28T22:24:29.681274+00:00,6,SAFE-B,pre_close_creation_but_later_update_or_no_snapshot
2026-07-27,2,7,13:45:00,2026-07-26T14:12:28.758806+00:00,2026-07-26T14:12:28.758806+00:00,2026-08-05T02:21:32.427767+00:00,2026-07-28T22:24:29.681274+00:00,6,SAFE-B,pre_close_creation_but_later_update_or_no_snapshot
2026-07-27,2,8,14:16:00,2026-07-26T14:12:28.758806+00:00,2026-07-26T14:12:28.758806+00:00,2026-08-05T02:21:32.427767+00:00,2026-07-28T22:24:29.681274+00:00,6,SAFE-B,pre_close_creation_but_later_update_or_no_snapshot
2026-07-27,2,9,14:48:00,2026-07-26T14:12:28.758806+00:00,2026-07-26T14:12:28.758806+00:00,2026-08-05T02:21:32.427767+00:00,2026-07-28T22:24:29.681274+00:00,6,SAFE-B,pre_close_creation_but_later_update_or_no_snapshot
2026-07-27,2,10,15:21:00,2026-07-26T14:12:28.758806+00:00,2026-07-26T14:12:28.758806+00:00,2026-08-05T02:21:32.427767+00:00,2026-07-28T22:24:29.681274+00:00,6,SAFE-B,pre_close_creation_but_later_update_or_no_snapshot
2026-07-27,2,11,15:55:00,2026-07-26T14:12:28.758806+00:00,2026-07-26T14:12:28.758806+00:00,2026-08-05T02:21:32.427767+00:00,2026-07-28T22:24:29.681274+00:00,6,SAFE-B,pre_close_creation_but_later_update_or_no_snapshot
2026-07-27,2,12,16:30:00,2026-07-26T14:12:28.758806+00:00,2026-07-26T14:12:28.758806+00:00,2026-08-05T02:21:32.427767+00:00,2026-07-28T22:24:29.681274+00:00,6,SAFE-B,pre_close_creation_but_later_update_or_no_snapshot
2026-07-27,3,1,11:14:00,2026-07-26T14:12:28.758806+00:00,2026-07-26T14:12:28.758806+00:00,2026-08-05T02:21:35.362834+00:00,2026-07-28T22:24:29.681274+00:00,6,SAFE-B,pre_close_creation_but_later_update_or_no_snapshot
2026-07-27,3,2,11:41:00,2026-07-26T14:12:28.758806+00:00,2026-07-26T14:12:28.758806+00:00,2026-08-05T02:21:35.362834+00:00,2026-07-28T22:24:29.681274+00:00,6,SAFE-B,pre_close_creation_but_later_update_or_no_snapshot
2026-07-27,3,3,12:08:00,2026-07-26T14:12:28.758806+00:00,2026-07-26T14:12:28.758806+00:00,2026-08-05T02:21:35.362834+00:00,2026-07-28T22:24:29.681274+00:00,6,SAFE-B,pre_close_creation_but_later_update_or_no_snapshot
2026-07-27,3,4,12:35:00,2026-07-26T14:12:28.758806+00:00,2026-07-26T14:12:28.758806+00:00,2026-08-05T02:21:36.023003+00:00,2026-07-28T22:24:29.681274+00:00,6,SAFE-B,pre_close_creation_but_later_update_or_no_snapshot
2026-07-27,3,5,13:02:00,2026-07-26T14:12:28.758806+00:00,2026-07-26T14:12:28.758806+00:00,2026-08-05T02:21:35.362834+00:00,2026-07-28T22:24:29.681274+00:00,6,SAFE-B,pre_close_creation_but_later_update_or_no_snapshot
2026-07-27,3,6,13:29:00,2026-07-26T14:12:28.758806+00:00,2026-07-26T14:12:28.758806+00:00,2026-08-05T02:21:36.023003+00:00,2026-07-28T22:24:29.681274+00:00,6,SAFE-B,pre_close_creation_but_later_update_or_no_snapshot
2026-07-27,3,7,13:56:00,2026-07-26T14:12:28.758806+00:00,2026-07-26T14:12:28.758806+00:00,2026-08-05T02:21:35.362834+00:00,2026-07-28T22:24:29.681274+00:00,6,SAFE-B,pre_close_creation_but_later_update_or_no_snapshot
2026-07-27,3,8,14:24:00,2026-07-26T14:12:28.758806+00:00,2026-07-26T14:12:28.758806+00:00,2026-08-05T02:21:35.362834+00:00,2026-07-28T22:24:29.681274+00:00,6,SAFE-B,pre_close_creation_but_later_update_or_no_snapshot
2026-07-27,3,9,14:52:00,2026-07-26T14:12:28.758806+00:00,2026-07-26T14:12:28.758806+00:00,2026-08-05T02:21:35.362834+00:00,2026-07-28T22:24:29.681274+00:00,6,SAFE-B,pre_close_creation_but_later_update_or_no_snapshot
2026-07-27,3,10,15:22:00,2026-07-26T14:12:28.758806+00:00,2026-07-26T14:12:28.758806+00:00,2026-08-05T02:21:35.362834+00:00,2026-07-28T22:24:29.681274+00:00,6,SAFE-B,pre_close_creation_but_later_update_or_no_snapshot
2026-07-27,3,11,15:53:00,2026-07-26T14:12:28.758806+00:00,2026-07-26T14:12:28.758806+00:00,2026-08-05T02:21:36.023003+00:00,2026-07-28T22:24:29.681274+00:00,6,SAFE-B,pre_close_creation_but_later_update_or_no_snapshot
2026-07-27,3,12,16:25:00,2026-07-26T14:12:28.758806+00:00,2026-07-26T14:12:28.758806+00:00,2026-08-05T02:21:35.362834+00:00,2026-07-28T22:24:29.681274+00:00,6,SAFE-B,pre_close_creation_but_later_update_or_no_snapshot
2026-07-27,4,1,11:54:00,2026-07-26T14:12:28.758806+00:00,2026-07-26T14:12:28.758806+00:00,2026-08-05T02:21:32.427767+00:00,2026-07-28T22:24:29.681274+00:00,6,SAFE-B,pre_close_creation_but_later_update_or_no_snapshot
2026-07-27,4,2,12:23:00,2026-07-26T14:12:28.758806+00:00,2026-07-26T14:12:28.758806+00:00,2026-08-05T02:21:32.427767+00:00,2026-07-28T22:24:29.681274+00:00,6,SAFE-B,pre_close_creation_but_later_update_or_no_snapshot
2026-07-27,4,3,12:53:00,2026-07-26T14:12:28.758806+00:00,2026-07-26T14:12:28.758806+00:00,2026-08-05T02:21:32.427767+00:00,2026-07-28T22:24:29.681274+00:00,6,SAFE-B,pre_close_creation_but_later_update_or_no_snapshot
2026-07-27,4,4,13:23:00,2026-07-26T14:12:28.758806+00:00,2026-07-26T14:12:28.758806+00:00,2026-08-05T02:21:32.427767+00:00,2026-07-28T22:24:29.681274+00:00,6,SAFE-B,pre_close_creation_but_later_update_or_no_snapshot
2026-07-27,4,5,13:54:00,2026-07-26T14:12:28.758806+00:00,2026-07-26T14:12:28.758806+00:00,2026-08-05T02:21:32.427767+00:00,2026-07-28T22:24:29.681274+00:00,6,SAFE-B,pre_close_creation_but_later_update_or_no_snapshot
2026-07-27,4,6,14:25:00,2026-07-26T14:12:28.758806+00:00,2026-07-26T14:12:29.067784+00:00,2026-08-05T02:21:32.427767+00:00,2026-07-28T22:24:29.681274+00:00,6,SAFE-B,pre_close_creation_but_later_update_or_no_snapshot
2026-07-27,4,7,14:57:00,2026-07-26T14:12:29.067784+00:00,2026-07-26T14:12:29.067784+00:00,2026-08-05T02:21:32.427767+00:00,2026-07-28T22:24:29.681274+00:00,6,SAFE-B,pre_close_creation_but_later_update_or_no_snapshot
2026-07-27,4,8,15:30:00,2026-07-26T14:12:29.067784+00:00,2026-07-26T14:12:29.067784+00:00,2026-08-05T02:21:32.427767+00:00,2026-07-28T22:24:29.681274+00:00,6,SAFE-B,pre_close_creation_but_later_update_or_no_snapshot
2026-07-27,4,9,16:04:00,2026-07-26T14:12:29.067784+00:00,2026-07-26T14:12:29.067784+00:00,2026-08-05T02:21:33.131982+00:00,2026-07-28T22:24:29.681274+00:00,6,SAFE-B,pre_close_creation_but_later_update_or_no_snapshot
2026-07-27,4,10,16:39:00,2026-07-26T14:12:29.067784+00:00,2026-07-26T14:12:29.067784+00:00,2026-08-05T02:21:32.427767+00:00,2026-07-28T22:24:29.681274+00:00,6,SAFE-B,pre_close_creation_but_later_update_or_no_snapshot
2026-07-27,4,11,17:08:00,2026-07-26T14:12:29.067784+00:00,2026-07-26T14:12:29.067784+00:00,2026-08-05T02:21:33.131982+00:00,2026-07-28T22:24:29.681274+00:00,6,SAFE-B,pre_close_creation_but_later_update_or_no_snapshot
2026-07-27,4,12,17:42:00,2026-07-26T14:12:29.067784+00:00,2026-07-26T14:12:29.067784+00:00,2026-08-05T02:21:32.427767+00:00,2026-07-28T22:24:29.681274+00:00,6,SAFE-B,pre_close_creation_but_later_update_or_no_snapshot
2026-07-27,6,1,11:33:00,2026-07-26T14:12:29.067784+00:00,2026-07-26T14:12:29.067784+00:00,2026-08-05T02:21:32.427767+00:00,2026-07-28T22:24:29.681274+00:00,6,SAFE-B,pre_close_creation_but_later_update_or_no_snapshot
2026-07-27,6,2,12:03:00,2026-07-26T14:12:29.067784+00:00,2026-07-26T14:12:29.067784+00:00,2026-08-05T02:21:32.427767+00:00,2026-07-28T22:24:29.681274+00:00,6,SAFE-B,pre_close_creation_but_later_update_or_no_snapshot
2026-07-27,6,3,12:30:00,2026-07-26T14:12:29.067784+00:00,2026-07-26T14:12:29.067784+00:00,2026-08-05T02:21:32.427767+00:00,2026-07-28T22:24:29.681274+00:00,6,SAFE-B,pre_close_creation_but_later_update_or_no_snapshot
2026-07-27,6,4,12:58:00,2026-07-26T14:12:29.067784+00:00,2026-07-26T14:12:29.067784+00:00,2026-08-05T02:21:32.427767+00:00,2026-07-28T22:24:29.681274+00:00,6,SAFE-B,pre_close_creation_but_later_update_or_no_snapshot
2026-07-27,6,5,13:32:00,2026-07-26T14:12:29.067784+00:00,2026-07-26T14:12:29.067784+00:00,2026-08-05T02:21:32.427767+00:00,2026-07-28T22:24:29.681274+00:00,6,SAFE-B,pre_close_creation_but_later_update_or_no_snapshot
2026-07-27,6,6,14:05:00,2026-07-26T14:12:29.067784+00:00,2026-07-26T14:12:29.067784+00:00,2026-08-05T02:21:32.427767+00:00,2026-07-28T22:24:29.681274+00:00,6,SAFE-B,pre_close_creation_but_later_update_or_no_snapshot
2026-07-27,6,7,14:32:00,2026-07-26T14:12:29.067784+00:00,2026-07-26T14:12:29.067784+00:00,2026-08-05T02:21:32.427767+00:00,2026-07-28T22:24:29.681274+00:00,6,SAFE-B,pre_close_creation_but_later_update_or_no_snapshot
2026-07-27,6,8,15:03:00,2026-07-26T14:12:29.067784+00:00,2026-07-26T14:12:29.067784+00:00,2026-08-05T02:21:32.427767+00:00,2026-07-28T22:24:29.681274+00:00,6,SAFE-B,pre_close_creation_but_later_update_or_no_snapshot
2026-07-27,6,9,15:35:00,2026-07-26T14:12:29.067784+00:00,2026-07-26T14:12:29.067784+00:00,2026-08-05T02:21:32.427767+00:00,2026-07-28T22:24:29.681274+00:00,6,SAFE-B,pre_close_creation_but_later_update_or_no_snapshot
2026-07-27,6,10,16:10:00,2026-07-26T14:12:29.067784+00:00,2026-07-26T14:12:29.067784+00:00,2026-08-05T02:21:32.427767+00:00,2026-07-28T22:24:29.681274+00:00,6,SAFE-B,pre_close_creation_but_later_update_or_no_snapshot
2026-07-27,6,11,16:37:00,2026-07-26T14:12:29.067784+00:00,2026-07-26T14:12:29.067784+00:00,2026-08-05T02:21:32.427767+00:00,2026-07-28T22:24:29.681274+00:00,6,SAFE-B,pre_close_creation_but_later_update_or_no_snapshot
2026-07-27,6,12,17:04:00,2026-07-26T14:12:29.067784+00:00,2026-07-26T14:12:29.067784+00:00,2026-08-05T02:21:32.427767+00:00,2026-07-28T22:24:29.681274+00:00,6,SAFE-B,pre_close_creation_but_later_update_or_no_snapshot
2026-07-27,9,1,10:40:00,2026-07-26T14:12:29.067784+00:00,2026-07-26T14:12:29.067784+00:00,2026-08-05T02:21:32.427767+00:00,2026-07-28T22:24:29.681274+00:00,6,SAFE-B,pre_close_creation_but_later_update_or_no_snapshot
2026-07-27,9,2,11:09:00,2026-07-26T14:12:29.067784+00:00,2026-07-26T14:12:29.067784+00:00,2026-08-05T02:21:32.427767+00:00,2026-07-28T22:24:29.681274+00:00,6,SAFE-B,pre_close_creation_but_later_update_or_no_snapshot
2026-07-27,9,3,11:38:00,2026-07-26T14:12:29.067784+00:00,2026-07-26T14:12:29.067784+00:00,2026-08-05T02:21:32.427767+00:00,2026-07-28T22:24:29.681274+00:00,6,SAFE-B,pre_close_creation_but_later_update_or_no_snapshot
2026-07-27,9,4,12:08:00,2026-07-26T14:12:29.067784+00:00,2026-07-26T14:12:29.067784+00:00,2026-08-05T02:21:32.427767+00:00,2026-07-28T22:24:29.681274+00:00,6,SAFE-B,pre_close_creation_but_later_update_or_no_snapshot
2026-07-27,9,5,12:38:00,2026-07-26T14:12:29.067784+00:00,2026-07-26T14:12:29.067784+00:00,2026-08-05T02:21:32.427767+00:00,2026-07-28T22:24:29.681274+00:00,6,SAFE-B,pre_close_creation_but_later_update_or_no_snapshot
2026-07-27,9,6,13:09:00,2026-07-26T14:12:29.067784+00:00,2026-07-26T14:12:29.067784+00:00,2026-08-05T02:21:32.427767+00:00,2026-07-28T22:24:29.681274+00:00,6,SAFE-B,pre_close_creation_but_later_update_or_no_snapshot
2026-07-27,9,7,13:40:00,2026-07-26T14:12:29.067784+00:00,2026-07-26T14:12:29.067784+00:00,2026-08-05T02:21:32.427767+00:00,2026-07-28T22:24:29.681274+00:00,6,SAFE-B,pre_close_creation_but_later_update_or_no_snapshot
2026-07-27,9,8,14:11:00,2026-07-26T14:12:29.067784+00:00,2026-07-26T14:12:29.067784+00:00,2026-08-05T02:21:32.427767+00:00,2026-07-28T22:24:29.681274+00:00,6,SAFE-B,pre_close_creation_but_later_update_or_no_snapshot
2026-07-27,9,9,14:43:00,2026-07-26T14:12:29.067784+00:00,2026-07-26T14:12:29.067784+00:00,2026-08-05T02:21:32.427767+00:00,2026-07-28T22:24:29.681274+00:00,6,SAFE-B,pre_close_creation_but_later_update_or_no_snapshot
2026-07-27,9,10,15:16:00,2026-07-26T14:12:29.067784+00:00,2026-07-26T14:12:29.067784+00:00,2026-08-05T02:21:32.427767+00:00,2026-07-28T22:24:29.681274+00:00,6,SAFE-B,pre_close_creation_but_later_update_or_no_snapshot
2026-07-27,9,11,15:49:00,2026-07-26T14:12:29.067784+00:00,2026-07-26T14:12:29.067784+00:00,2026-08-05T02:21:32.427767+00:00,2026-07-28T22:24:29.681274+00:00,6,SAFE-B,pre_close_creation_but_later_update_or_no_snapshot
2026-07-27,9,12,16:25:00,2026-07-26T14:12:29.067784+00:00,2026-07-26T14:12:29.067784+00:00,2026-08-05T02:21:32.427767+00:00,2026-07-28T22:24:29.681274+00:00,6,SAFE-B,pre_close_creation_but_later_update_or_no_snapshot
2026-07-27,10,1,08:39:00,2026-07-26T14:12:29.067784+00:00,2026-07-26T14:12:29.067784+00:00,2026-08-05T02:21:32.427767+00:00,2026-07-28T22:24:29.681274+00:00,6,SAFE-B,pre_close_creation_but_later_update_or_no_snapshot
2026-07-27,10,2,09:05:00,2026-07-26T14:12:29.067784+00:00,2026-07-26T14:12:29.067784+00:00,2026-08-05T02:21:32.427767+00:00,2026-07-28T22:24:29.681274+00:00,6,SAFE-B,pre_close_creation_but_later_update_or_no_snapshot
2026-07-27,10,3,09:31:00,2026-07-26T14:12:29.067784+00:00,2026-07-26T14:12:29.067784+00:00,2026-08-05T02:21:31.373442+00:00,2026-07-28T22:24:29.681274+00:00,6,SAFE-B,pre_close_creation_but_later_update_or_no_snapshot
2026-07-27,10,4,09:57:00,2026-07-26T14:12:29.067784+00:00,2026-07-26T14:12:29.067784+00:00,2026-08-05T02:21:32.427767+00:00,2026-07-28T22:24:29.681274+00:00,6,SAFE-B,pre_close_creation_but_later_update_or_no_snapshot
2026-07-27,10,5,10:23:00,2026-07-26T14:12:29.067784+00:00,2026-07-26T14:12:29.067784+00:00,2026-08-05T02:21:32.427767+00:00,2026-07-28T22:24:29.681274+00:00,6,SAFE-B,pre_close_creation_but_later_update_or_no_snapshot
2026-07-27,10,6,10:51:00,2026-07-26T14:12:29.067784+00:00,2026-07-26T14:12:29.067784+00:00,2026-08-05T02:21:32.427767+00:00,2026-07-28T22:24:29.681274+00:00,6,SAFE-B,pre_close_creation_but_later_update_or_no_snapshot
2026-07-27,10,7,11:21:00,2026-07-26T14:12:29.067784+00:00,2026-07-26T14:12:29.067784+00:00,2026-08-05T02:21:32.427767+00:00,2026-07-28T22:24:29.681274+00:00,6,SAFE-B,pre_close_creation_but_later_update_or_no_snapshot
2026-07-27,10,8,11:51:00,2026-07-26T14:12:29.067784+00:00,2026-07-26T14:12:29.067784+00:00,2026-08-05T02:21:32.427767+00:00,2026-07-28T22:24:29.681274+00:00,6,SAFE-B,pre_close_creation_but_later_update_or_no_snapshot
2026-07-27,10,9,12:20:00,2026-07-26T14:12:29.067784+00:00,2026-07-26T14:12:29.067784+00:00,2026-08-05T02:21:32.427767+00:00,2026-07-28T22:24:29.681274+00:00,6,SAFE-B,pre_close_creation_but_later_update_or_no_snapshot
2026-07-27,10,10,12:56:00,2026-07-26T14:12:29.067784+00:00,2026-07-26T14:12:29.067784+00:00,2026-08-05T02:21:32.427767+00:00,2026-07-28T22:24:29.681274+00:00,6,SAFE-B,pre_close_creation_but_later_update_or_no_snapshot
2026-07-27,10,11,13:26:00,2026-07-26T14:12:29.067784+00:00,2026-07-26T14:12:29.067784+00:00,2026-08-05T02:21:32.427767+00:00,2026-07-28T22:24:29.681274+00:00,6,SAFE-B,pre_close_creation_but_later_update_or_no_snapshot
2026-07-27,10,12,14:02:00,2026-07-26T14:12:29.067784+00:00,2026-07-26T14:12:29.37613+00:00,2026-08-05T02:21:32.427767+00:00,2026-07-28T22:24:29.681274+00:00,6,SAFE-B,pre_close_creation_but_later_update_or_no_snapshot
2026-07-27,12,1,15:18:00,2026-07-26T14:12:29.37613+00:00,2026-07-26T14:12:29.37613+00:00,2026-08-05T02:21:33.892756+00:00,2026-07-28T22:24:29.681274+00:00,6,SAFE-B,pre_close_creation_but_later_update_or_no_snapshot
2026-07-27,12,2,15:44:00,2026-07-26T14:12:29.37613+00:00,2026-07-26T14:12:29.37613+00:00,2026-08-05T02:21:33.892756+00:00,2026-07-28T22:24:29.681274+00:00,6,SAFE-B,pre_close_creation_but_later_update_or_no_snapshot
2026-07-27,12,3,16:22:00,2026-07-26T14:12:29.37613+00:00,2026-07-26T14:12:29.37613+00:00,2026-08-05T02:21:34.607728+00:00,2026-07-28T22:24:29.681274+00:00,6,SAFE-B,pre_close_creation_but_later_update_or_no_snapshot
2026-07-27,12,4,17:06:00,2026-07-26T14:12:29.37613+00:00,2026-07-26T14:12:29.37613+00:00,2026-08-05T02:21:33.892756+00:00,2026-07-28T22:24:29.681274+00:00,6,SAFE-B,pre_close_creation_but_later_update_or_no_snapshot
2026-07-27,12,5,17:31:00,2026-07-26T14:12:29.37613+00:00,2026-07-26T14:12:29.37613+00:00,2026-08-05T02:21:34.607728+00:00,2026-07-28T22:24:29.681274+00:00,6,SAFE-B,pre_close_creation_but_later_update_or_no_snapshot
2026-07-27,12,6,17:56:00,2026-07-26T14:12:29.37613+00:00,2026-07-26T14:12:29.37613+00:00,2026-08-05T02:21:34.607728+00:00,2026-07-28T22:24:29.681274+00:00,6,SAFE-B,pre_close_creation_but_later_update_or_no_snapshot
2026-07-27,12,7,18:21:00,2026-07-26T14:12:29.37613+00:00,2026-07-26T14:12:29.37613+00:00,2026-08-05T02:21:33.892756+00:00,2026-07-28T22:24:29.681274+00:00,6,SAFE-B,pre_close_creation_but_later_update_or_no_snapshot
2026-07-27,12,8,18:46:00,2026-07-26T14:12:29.37613+00:00,2026-07-26T14:12:29.37613+00:00,2026-08-05T02:21:34.607728+00:00,2026-07-28T22:24:29.681274+00:00,6,SAFE-B,pre_close_creation_but_later_update_or_no_snapshot
2026-07-27,12,9,19:12:00,2026-07-26T14:12:29.37613+00:00,2026-07-26T14:12:29.37613+00:00,2026-08-05T02:21:34.607728+00:00,2026-07-28T22:24:29.681274+00:00,6,SAFE-B,pre_close_creation_but_later_update_or_no_snapshot
2026-07-27,12,10,19:38:00,2026-07-26T14:12:29.37613+00:00,2026-07-26T14:12:29.37613+00:00,2026-08-05T02:21:34.607728+00:00,2026-07-28T22:24:29.681274+00:00,6,SAFE-B,pre_close_creation_but_later_update_or_no_snapshot
2026-07-27,12,11,20:06:00,2026-07-26T14:12:29.37613+00:00,2026-07-26T14:12:29.37613+00:00,2026-08-05T02:21:34.607728+00:00,2026-07-28T22:24:29.681274+00:00,6,SAFE-B,pre_close_creation_but_later_update_or_no_snapshot
2026-07-27,12,12,20:37:00,2026-07-26T14:12:29.37613+00:00,2026-07-26T14:12:29.37613+00:00,2026-08-05T02:21:33.892756+00:00,2026-07-28T22:24:29.681274+00:00,6,SAFE-B,pre_close_creation_but_later_update_or_no_snapshot
2026-07-27,14,1,08:46:00,2026-07-26T14:12:29.37613+00:00,2026-07-26T14:12:29.37613+00:00,2026-08-05T02:21:32.427767+00:00,2026-07-28T22:24:29.681274+00:00,6,SAFE-B,pre_close_creation_but_later_update_or_no_snapshot
2026-07-27,14,2,09:12:00,2026-07-26T14:12:29.37613+00:00,2026-07-26T14:12:29.37613+00:00,2026-08-05T02:21:32.427767+00:00,2026-07-28T22:24:29.681274+00:00,6,SAFE-B,pre_close_creation_but_later_update_or_no_snapshot
2026-07-27,14,3,09:38:00,2026-07-26T14:12:29.37613+00:00,2026-07-26T14:12:29.37613+00:00,2026-08-05T02:21:32.427767+00:00,2026-07-28T22:24:29.681274+00:00,6,SAFE-B,pre_close_creation_but_later_update_or_no_snapshot
2026-07-27,14,4,10:04:00,2026-07-26T14:12:29.37613+00:00,2026-07-26T14:12:29.37613+00:00,2026-08-05T02:21:32.427767+00:00,2026-07-28T22:24:29.681274+00:00,6,SAFE-B,pre_close_creation_but_later_update_or_no_snapshot
2026-07-27,14,5,10:30:00,2026-07-26T14:12:29.37613+00:00,2026-07-26T14:12:29.37613+00:00,2026-08-05T02:21:31.373442+00:00,2026-07-28T22:24:29.681274+00:00,6,SAFE-B,pre_close_creation_but_later_update_or_no_snapshot
2026-07-27,14,6,10:59:00,2026-07-26T14:12:29.37613+00:00,2026-07-26T14:12:29.37613+00:00,2026-08-05T02:21:32.427767+00:00,2026-07-28T22:24:29.681274+00:00,6,SAFE-B,pre_close_creation_but_later_update_or_no_snapshot
2026-07-27,14,7,11:28:00,2026-07-26T14:12:29.37613+00:00,2026-07-26T14:12:29.37613+00:00,2026-08-05T02:21:31.373442+00:00,2026-07-28T22:24:29.681274+00:00,6,SAFE-B,pre_close_creation_but_later_update_or_no_snapshot
2026-07-27,14,8,11:58:00,2026-07-26T14:12:29.37613+00:00,2026-07-26T14:12:29.37613+00:00,2026-08-05T02:21:32.427767+00:00,2026-07-28T22:24:29.681274+00:00,6,SAFE-B,pre_close_creation_but_later_update_or_no_snapshot
2026-07-27,14,9,12:27:00,2026-07-26T14:12:29.37613+00:00,2026-07-26T14:12:29.37613+00:00,2026-08-05T02:21:32.427767+00:00,2026-07-28T22:24:29.681274+00:00,6,SAFE-B,pre_close_creation_but_later_update_or_no_snapshot
2026-07-27,14,10,13:05:00,2026-07-26T14:12:29.37613+00:00,2026-07-26T14:12:29.37613+00:00,2026-08-05T02:21:32.427767+00:00,2026-07-28T22:24:29.681274+00:00,6,SAFE-B,pre_close_creation_but_later_update_or_no_snapshot
2026-07-27,14,11,13:35:00,2026-07-26T14:12:29.37613+00:00,2026-07-26T14:12:29.37613+00:00,2026-08-05T02:21:32.427767+00:00,2026-07-28T22:24:29.681274+00:00,6,SAFE-B,pre_close_creation_but_later_update_or_no_snapshot
2026-07-27,14,12,14:13:00,2026-07-26T14:12:29.37613+00:00,2026-07-26T14:12:29.37613+00:00,2026-08-05T02:21:32.427767+00:00,2026-07-28T22:24:29.681274+00:00,6,SAFE-B,pre_close_creation_but_later_update_or_no_snapshot
2026-07-27,17,1,10:56:00,2026-07-26T14:12:29.37613+00:00,2026-07-26T14:12:29.37613+00:00,2026-08-05T02:21:31.373442+00:00,2026-07-28T22:24:29.681274+00:00,6,SAFE-B,pre_close_creation_but_later_update_or_no_snapshot
2026-07-27,17,2,11:26:00,2026-07-26T14:12:29.37613+00:00,2026-07-26T14:12:29.37613+00:00,2026-08-05T02:21:31.373442+00:00,2026-07-28T22:24:29.681274+00:00,6,SAFE-B,pre_close_creation_but_later_update_or_no_snapshot
2026-07-27,17,3,12:07:00,2026-07-26T14:12:29.37613+00:00,2026-07-26T14:12:29.37613+00:00,2026-08-05T02:21:31.373442+00:00,2026-07-28T22:24:29.681274+00:00,6,SAFE-B,pre_close_creation_but_later_update_or_no_snapshot
2026-07-27,17,4,12:33:00,2026-07-26T14:12:29.37613+00:00,2026-07-26T14:12:29.37613+00:00,2026-08-05T02:21:31.373442+00:00,2026-07-28T22:24:29.681274+00:00,6,SAFE-B,pre_close_creation_but_later_update_or_no_snapshot
2026-07-27,17,5,13:01:00,2026-07-26T14:12:29.37613+00:00,2026-07-26T14:12:29.37613+00:00,2026-08-05T02:21:31.373442+00:00,2026-07-28T22:24:29.681274+00:00,6,SAFE-B,pre_close_creation_but_later_update_or_no_snapshot
2026-07-27,17,6,13:43:00,2026-07-26T14:12:29.37613+00:00,2026-07-26T14:12:29.37613+00:00,2026-08-05T02:21:31.373442+00:00,2026-07-28T22:24:29.681274+00:00,6,SAFE-B,pre_close_creation_but_later_update_or_no_snapshot
2026-07-27,17,7,14:09:00,2026-07-26T14:12:29.37613+00:00,2026-07-26T14:12:29.37613+00:00,2026-08-05T02:21:31.373442+00:00,2026-07-28T22:24:29.681274+00:00,6,SAFE-B,pre_close_creation_but_later_update_or_no_snapshot
2026-07-27,17,8,14:40:00,2026-07-26T14:12:29.37613+00:00,2026-07-26T14:12:29.37613+00:00,2026-08-05T02:21:31.373442+00:00,2026-07-28T22:24:29.681274+00:00,6,SAFE-B,pre_close_creation_but_later_update_or_no_snapshot
2026-07-27,17,9,15:12:00,2026-07-26T14:12:29.37613+00:00,2026-07-26T14:12:29.37613+00:00,2026-08-05T02:21:31.373442+00:00,2026-07-28T22:24:29.681274+00:00,6,SAFE-B,pre_close_creation_but_later_update_or_no_snapshot
2026-07-27,17,10,15:42:00,2026-07-26T14:12:29.37613+00:00,2026-07-26T14:12:29.37613+00:00,2026-08-05T02:21:31.373442+00:00,2026-07-28T22:24:29.681274+00:00,6,SAFE-B,pre_close_creation_but_later_update_or_no_snapshot
2026-07-27,17,11,16:18:00,2026-07-26T14:12:29.37613+00:00,2026-07-26T14:12:29.37613+00:00,2026-08-05T02:21:33.131982+00:00,2026-07-28T22:24:29.681274+00:00,6,SAFE-B,pre_close_creation_but_later_update_or_no_snapshot
2026-07-27,17,12,16:53:00,2026-07-26T14:12:29.37613+00:00,2026-07-26T14:12:29.37613+00:00,2026-08-05T02:21:31.373442+00:00,2026-07-28T22:24:29.681274+00:00,6,SAFE-B,pre_close_creation_but_later_update_or_no_snapshot
2026-07-27,19,1,15:29:00,2026-07-26T14:12:29.37613+00:00,2026-07-26T14:12:29.37613+00:00,2026-08-05T02:21:32.427767+00:00,2026-07-28T22:24:29.681274+00:00,6,SAFE-B,pre_close_creation_but_later_update_or_no_snapshot
2026-07-27,19,2,16:08:00,2026-07-26T14:12:29.37613+00:00,2026-07-26T14:12:29.37613+00:00,2026-08-05T02:21:32.427767+00:00,2026-07-28T22:24:29.681274+00:00,6,SAFE-B,pre_close_creation_but_later_update_or_no_snapshot
2026-07-27,19,3,16:45:00,2026-07-26T14:12:29.37613+00:00,2026-07-26T14:12:29.37613+00:00,2026-08-05T02:21:32.427767+00:00,2026-07-28T22:24:29.681274+00:00,6,SAFE-B,pre_close_creation_but_later_update_or_no_snapshot
2026-07-27,19,4,17:18:00,2026-07-26T14:12:29.37613+00:00,2026-07-26T14:12:29.37613+00:00,2026-08-05T02:21:32.427767+00:00,2026-07-28T22:24:29.681274+00:00,6,SAFE-B,pre_close_creation_but_later_update_or_no_snapshot
2026-07-27,19,5,17:43:00,2026-07-26T14:12:29.37613+00:00,2026-07-26T14:12:29.37613+00:00,2026-08-05T02:21:32.427767+00:00,2026-07-28T22:24:29.681274+00:00,6,SAFE-B,pre_close_creation_but_later_update_or_no_snapshot
2026-07-27,19,6,18:08:00,2026-07-26T14:12:29.645003+00:00,2026-07-26T14:12:29.645003+00:00,2026-08-05T02:21:32.427767+00:00,2026-07-28T22:24:29.681274+00:00,6,SAFE-B,pre_close_creation_but_later_update_or_no_snapshot
2026-07-27,19,7,18:33:00,2026-07-26T14:12:29.645003+00:00,2026-07-26T14:12:29.645003+00:00,2026-08-05T02:21:32.427767+00:00,2026-07-28T22:24:29.681274+00:00,6,SAFE-B,pre_close_creation_but_later_update_or_no_snapshot
2026-07-27,19,8,18:58:00,2026-07-26T14:12:29.645003+00:00,2026-07-26T14:12:29.645003+00:00,2026-08-05T02:21:32.427767+00:00,2026-07-28T22:24:29.681274+00:00,6,SAFE-B,pre_close_creation_but_later_update_or_no_snapshot
2026-07-27,19,9,19:24:00,2026-07-26T14:12:29.645003+00:00,2026-07-26T14:12:29.645003+00:00,2026-08-05T02:21:32.427767+00:00,2026-07-28T22:24:29.681274+00:00,6,SAFE-B,pre_close_creation_but_later_update_or_no_snapshot
2026-07-27,19,10,19:50:00,2026-07-26T14:12:29.645003+00:00,2026-07-26T14:12:29.645003+00:00,2026-08-05T02:21:32.427767+00:00,2026-07-28T22:24:29.681274+00:00,6,SAFE-B,pre_close_creation_but_later_update_or_no_snapshot
2026-07-27,19,11,20:17:00,2026-07-26T14:12:29.645003+00:00,2026-07-26T14:12:29.645003+00:00,2026-08-05T02:21:32.427767+00:00,2026-07-28T22:24:29.681274+00:00,6,SAFE-B,pre_close_creation_but_later_update_or_no_snapshot
2026-07-27,19,12,20:45:00,2026-07-26T14:12:29.645003+00:00,2026-07-26T14:12:29.645003+00:00,2026-08-05T02:21:32.427767+00:00,2026-07-28T22:24:29.681274+00:00,6,SAFE-B,pre_close_creation_but_later_update_or_no_snapshot
2026-07-27,20,1,15:24:00,2026-07-26T14:12:29.645003+00:00,2026-07-26T14:12:29.645003+00:00,2026-08-05T02:21:32.427767+00:00,2026-07-28T22:24:29.681274+00:00,6,SAFE-B,pre_close_creation_but_later_update_or_no_snapshot
2026-07-27,20,2,16:02:00,2026-07-26T14:12:29.645003+00:00,2026-07-26T14:12:29.645003+00:00,2026-08-05T02:21:32.427767+00:00,2026-07-28T22:24:29.681274+00:00,6,SAFE-B,pre_close_creation_but_later_update_or_no_snapshot
2026-07-27,20,3,16:34:00,2026-07-26T14:12:29.645003+00:00,2026-07-26T14:12:29.645003+00:00,2026-08-05T02:21:32.427767+00:00,2026-07-28T22:24:29.681274+00:00,6,SAFE-B,pre_close_creation_but_later_update_or_no_snapshot
2026-07-27,20,4,17:12:00,2026-07-26T14:12:29.645003+00:00,2026-07-26T14:12:29.645003+00:00,2026-08-05T02:21:32.427767+00:00,2026-07-28T22:24:29.681274+00:00,6,SAFE-B,pre_close_creation_but_later_update_or_no_snapshot
2026-07-27,20,5,17:37:00,2026-07-26T14:12:29.645003+00:00,2026-07-26T14:12:29.645003+00:00,2026-08-05T02:21:32.427767+00:00,2026-07-28T22:24:29.681274+00:00,6,SAFE-B,pre_close_creation_but_later_update_or_no_snapshot
2026-07-27,20,6,18:02:00,2026-07-26T14:12:29.645003+00:00,2026-07-26T14:12:29.645003+00:00,2026-08-05T02:21:32.427767+00:00,2026-07-28T22:24:29.681274+00:00,6,SAFE-B,pre_close_creation_but_later_update_or_no_snapshot
2026-07-27,20,7,18:27:00,2026-07-26T14:12:29.645003+00:00,2026-07-26T14:12:29.645003+00:00,2026-08-05T02:21:32.427767+00:00,2026-07-28T22:24:29.681274+00:00,6,SAFE-B,pre_close_creation_but_later_update_or_no_snapshot
2026-07-27,20,8,18:52:00,2026-07-26T14:12:29.645003+00:00,2026-07-26T14:12:29.645003+00:00,2026-08-05T02:21:32.427767+00:00,2026-07-28T22:24:29.681274+00:00,6,SAFE-B,pre_close_creation_but_later_update_or_no_snapshot
2026-07-27,20,9,19:18:00,2026-07-26T14:12:29.645003+00:00,2026-07-26T14:12:29.645003+00:00,2026-08-05T02:21:32.427767+00:00,2026-07-28T22:24:29.681274+00:00,6,SAFE-B,pre_close_creation_but_later_update_or_no_snapshot
2026-07-27,20,10,19:44:00,2026-07-26T14:12:29.645003+00:00,2026-07-26T14:12:29.645003+00:00,2026-08-05T02:21:32.427767+00:00,2026-07-28T22:24:29.681274+00:00,6,SAFE-B,pre_close_creation_but_later_update_or_no_snapshot
2026-07-27,20,11,20:11:00,2026-07-26T14:12:29.645003+00:00,2026-07-26T14:12:29.645003+00:00,2026-08-05T02:21:32.427767+00:00,2026-07-28T22:24:29.681274+00:00,6,SAFE-B,pre_close_creation_but_later_update_or_no_snapshot
2026-07-27,20,12,20:41:00,2026-07-26T14:12:29.645003+00:00,2026-07-26T14:12:29.645003+00:00,2026-08-05T02:21:32.427767+00:00,2026-07-28T22:24:29.681274+00:00,6,SAFE-B,pre_close_creation_but_later_update_or_no_snapshot
2026-07-27,21,1,08:32:00,2026-07-26T14:12:29.645003+00:00,2026-07-26T14:12:29.645003+00:00,2026-08-05T02:21:32.427767+00:00,2026-07-28T22:24:29.681274+00:00,6,SAFE-B,pre_close_creation_but_later_update_or_no_snapshot
2026-07-27,21,2,08:58:00,2026-07-26T14:12:29.645003+00:00,2026-07-26T14:12:29.645003+00:00,2026-08-05T02:21:32.427767+00:00,2026-07-28T22:24:29.681274+00:00,6,SAFE-B,pre_close_creation_but_later_update_or_no_snapshot
2026-07-27,21,3,09:24:00,2026-07-26T14:12:29.645003+00:00,2026-07-26T14:12:29.645003+00:00,2026-08-05T02:21:31.373442+00:00,2026-07-28T22:24:29.681274+00:00,6,SAFE-B,pre_close_creation_but_later_update_or_no_snapshot
2026-07-27,21,4,09:50:00,2026-07-26T14:12:29.645003+00:00,2026-07-26T14:12:29.645003+00:00,2026-08-05T02:21:32.427767+00:00,2026-07-28T22:24:29.681274+00:00,6,SAFE-B,pre_close_creation_but_later_update_or_no_snapshot
2026-07-27,21,5,10:16:00,2026-07-26T14:12:29.645003+00:00,2026-07-26T14:12:29.645003+00:00,2026-08-05T02:21:32.427767+00:00,2026-07-28T22:24:29.681274+00:00,6,SAFE-B,pre_close_creation_but_later_update_or_no_snapshot
2026-07-27,21,6,10:44:00,2026-07-26T14:12:29.645003+00:00,2026-07-26T14:12:29.645003+00:00,2026-08-05T02:21:32.427767+00:00,2026-07-28T22:24:29.681274+00:00,6,SAFE-B,pre_close_creation_but_later_update_or_no_snapshot
2026-07-27,21,7,11:12:00,2026-07-26T14:12:29.645003+00:00,2026-07-26T14:12:29.645003+00:00,2026-08-05T02:21:32.427767+00:00,2026-07-28T22:24:29.681274+00:00,6,SAFE-B,pre_close_creation_but_later_update_or_no_snapshot
2026-07-27,21,8,11:43:00,2026-07-26T14:12:29.645003+00:00,2026-07-26T14:12:29.645003+00:00,2026-08-05T02:21:32.427767+00:00,2026-07-28T22:24:29.681274+00:00,6,SAFE-B,pre_close_creation_but_later_update_or_no_snapshot
2026-07-27,21,9,12:16:00,2026-07-26T14:12:29.645003+00:00,2026-07-26T14:12:29.645003+00:00,2026-08-05T02:21:31.373442+00:00,2026-07-28T22:24:29.681274+00:00,6,SAFE-B,pre_close_creation_but_later_update_or_no_snapshot
2026-07-27,21,10,12:48:00,2026-07-26T14:12:29.645003+00:00,2026-07-26T14:12:29.645003+00:00,2026-08-05T02:21:32.427767+00:00,2026-07-28T22:24:29.681274+00:00,6,SAFE-B,pre_close_creation_but_later_update_or_no_snapshot
2026-07-27,21,11,13:21:00,2026-07-26T14:12:29.645003+00:00,2026-07-26T14:12:29.645003+00:00,2026-08-05T02:21:32.427767+00:00,2026-07-28T22:24:29.681274+00:00,6,SAFE-B,pre_close_creation_but_later_update_or_no_snapshot
2026-07-27,21,12,13:59:00,2026-07-26T14:12:29.645003+00:00,2026-07-26T14:12:29.645003+00:00,2026-08-05T02:21:32.427767+00:00,2026-07-28T22:24:29.681274+00:00,6,SAFE-B,pre_close_creation_but_later_update_or_no_snapshot
2026-07-28,3,1,11:14:00,2026-07-27T15:07:01.573661+00:00,2026-07-27T15:07:01.573661+00:00,2026-08-05T02:22:30.217176+00:00,2026-07-28T22:24:09.350474+00:00,6,SAFE-B,pre_close_creation_but_later_update_or_no_snapshot
2026-07-28,3,2,11:41:00,2026-07-27T15:07:01.573661+00:00,2026-07-27T15:07:01.573661+00:00,2026-08-05T02:22:30.217176+00:00,2026-07-28T22:24:09.350474+00:00,6,SAFE-B,pre_close_creation_but_later_update_or_no_snapshot
2026-07-28,3,3,12:08:00,2026-07-27T15:07:01.573661+00:00,2026-07-27T15:07:01.573661+00:00,2026-08-05T02:22:29.373665+00:00,2026-07-28T22:24:09.350474+00:00,6,SAFE-B,pre_close_creation_but_later_update_or_no_snapshot
2026-07-28,3,4,12:35:00,2026-07-27T15:07:01.573661+00:00,2026-07-27T15:07:01.573661+00:00,2026-08-05T02:22:30.217176+00:00,2026-07-28T22:24:09.350474+00:00,6,SAFE-B,pre_close_creation_but_later_update_or_no_snapshot
2026-07-28,3,5,13:02:00,2026-07-27T15:07:01.573661+00:00,2026-07-27T15:07:01.573661+00:00,2026-08-05T02:22:29.373665+00:00,2026-07-28T22:24:09.350474+00:00,6,SAFE-B,pre_close_creation_but_later_update_or_no_snapshot
2026-07-28,3,6,13:29:00,2026-07-27T15:07:01.573661+00:00,2026-07-27T15:07:01.573661+00:00,2026-08-05T02:22:29.373665+00:00,2026-07-28T22:24:09.350474+00:00,6,SAFE-B,pre_close_creation_but_later_update_or_no_snapshot
2026-07-28,3,7,13:56:00,2026-07-27T15:07:01.573661+00:00,2026-07-27T15:07:01.573661+00:00,2026-08-05T02:22:29.373665+00:00,2026-07-28T22:24:09.350474+00:00,6,SAFE-B,pre_close_creation_but_later_update_or_no_snapshot
2026-07-28,3,8,14:24:00,2026-07-27T15:07:01.573661+00:00,2026-07-27T15:07:01.573661+00:00,2026-08-05T02:22:29.373665+00:00,2026-07-28T22:24:09.350474+00:00,6,SAFE-B,pre_close_creation_but_later_update_or_no_snapshot
2026-07-28,3,9,14:52:00,2026-07-27T15:07:01.573661+00:00,2026-07-27T15:07:01.573661+00:00,2026-08-05T02:22:29.373665+00:00,2026-07-28T22:24:09.350474+00:00,6,SAFE-B,pre_close_creation_but_later_update_or_no_snapshot
2026-07-28,3,10,15:22:00,2026-07-27T15:07:01.573661+00:00,2026-07-27T15:07:01.573661+00:00,2026-08-05T02:22:30.217176+00:00,2026-07-28T22:24:09.350474+00:00,6,SAFE-B,pre_close_creation_but_later_update_or_no_snapshot
2026-07-28,3,11,15:53:00,2026-07-27T15:07:01.573661+00:00,2026-07-27T15:07:01.573661+00:00,2026-08-05T02:22:29.373665+00:00,2026-07-28T22:24:09.350474+00:00,6,SAFE-B,pre_close_creation_but_later_update_or_no_snapshot
2026-07-28,3,12,16:25:00,2026-07-27T15:07:01.573661+00:00,2026-07-27T15:07:01.573661+00:00,2026-08-05T02:22:30.217176+00:00,2026-07-28T22:24:09.350474+00:00,6,SAFE-B,pre_close_creation_but_later_update_or_no_snapshot
2026-07-28,4,1,11:54:00,2026-07-27T15:07:01.573661+00:00,2026-07-27T15:07:01.573661+00:00,2026-08-05T02:22:23.558688+00:00,2026-07-28T22:24:09.350474+00:00,6,SAFE-B,pre_close_creation_but_later_update_or_no_snapshot
2026-07-28,4,2,12:23:00,2026-07-27T15:07:01.573661+00:00,2026-07-27T15:07:01.573661+00:00,2026-08-05T02:22:25.135733+00:00,2026-07-28T22:24:09.350474+00:00,6,SAFE-B,pre_close_creation_but_later_update_or_no_snapshot
2026-07-28,4,3,12:53:00,2026-07-27T15:07:01.573661+00:00,2026-07-27T15:07:01.573661+00:00,2026-08-05T02:22:25.135733+00:00,2026-07-28T22:24:09.350474+00:00,6,SAFE-B,pre_close_creation_but_later_update_or_no_snapshot
2026-07-28,4,4,13:23:00,2026-07-27T15:07:01.573661+00:00,2026-07-27T15:07:01.573661+00:00,2026-08-05T02:22:25.135733+00:00,2026-07-28T22:24:09.350474+00:00,6,SAFE-B,pre_close_creation_but_later_update_or_no_snapshot
2026-07-28,4,5,13:54:00,2026-07-27T15:07:01.573661+00:00,2026-07-27T15:07:01.573661+00:00,2026-08-05T02:22:23.558688+00:00,2026-07-28T22:24:09.350474+00:00,6,SAFE-B,pre_close_creation_but_later_update_or_no_snapshot
2026-07-28,4,6,14:25:00,2026-07-27T15:07:01.573661+00:00,2026-07-27T15:07:01.573661+00:00,2026-08-05T02:22:23.558688+00:00,2026-07-28T22:24:09.350474+00:00,6,SAFE-B,pre_close_creation_but_later_update_or_no_snapshot
2026-07-28,4,7,14:57:00,2026-07-27T15:07:01.573661+00:00,2026-07-27T15:07:01.573661+00:00,2026-08-05T02:22:23.558688+00:00,2026-07-28T22:24:09.350474+00:00,6,SAFE-B,pre_close_creation_but_later_update_or_no_snapshot
2026-07-28,4,8,15:30:00,2026-07-27T15:07:01.573661+00:00,2026-07-27T15:07:01.573661+00:00,2026-08-05T02:22:23.558688+00:00,2026-07-28T22:24:09.350474+00:00,6,SAFE-B,pre_close_creation_but_later_update_or_no_snapshot
2026-07-28,4,9,16:05:00,2026-07-27T15:07:01.573661+00:00,2026-07-27T15:07:01.573661+00:00,2026-08-05T02:22:23.558688+00:00,2026-07-28T22:24:09.350474+00:00,6,SAFE-B,pre_close_creation_but_later_update_or_no_snapshot
2026-07-28,4,10,16:42:00,2026-07-27T15:07:01.573661+00:00,2026-07-27T15:07:01.573661+00:00,2026-08-05T02:22:24.416244+00:00,2026-07-28T22:24:09.350474+00:00,6,SAFE-B,pre_close_creation_but_later_update_or_no_snapshot
2026-07-28,4,11,17:11:00,2026-07-27T15:07:01.573661+00:00,2026-07-27T15:07:01.573661+00:00,2026-08-05T02:22:24.416244+00:00,2026-07-28T22:24:09.350474+00:00,6,SAFE-B,pre_close_creation_but_later_update_or_no_snapshot
2026-07-28,4,12,17:45:00,2026-07-27T15:07:01.573661+00:00,2026-07-27T15:07:01.573661+00:00,2026-08-05T02:22:23.558688+00:00,2026-07-28T22:24:09.350474+00:00,6,SAFE-B,pre_close_creation_but_later_update_or_no_snapshot
2026-07-28,9,1,10:40:00,2026-07-27T15:07:01.573661+00:00,2026-07-27T15:07:01.573661+00:00,2026-08-05T02:22:25.135733+00:00,2026-07-28T22:24:09.350474+00:00,6,SAFE-B,pre_close_creation_but_later_update_or_no_snapshot
2026-07-28,9,2,11:09:00,2026-07-27T15:07:01.573661+00:00,2026-07-27T15:07:01.573661+00:00,2026-08-05T02:22:25.135733+00:00,2026-07-28T22:24:09.350474+00:00,6,SAFE-B,pre_close_creation_but_later_update_or_no_snapshot
2026-07-28,9,3,11:38:00,2026-07-27T15:07:01.573661+00:00,2026-07-27T15:07:01.573661+00:00,2026-08-05T02:22:25.135733+00:00,2026-07-28T22:24:09.350474+00:00,6,SAFE-B,pre_close_creation_but_later_update_or_no_snapshot
2026-07-28,9,4,12:08:00,2026-07-27T15:07:01.573661+00:00,2026-07-27T15:07:01.573661+00:00,2026-08-05T02:22:25.135733+00:00,2026-07-28T22:24:09.350474+00:00,6,SAFE-B,pre_close_creation_but_later_update_or_no_snapshot
2026-07-28,9,5,12:38:00,2026-07-27T15:07:01.573661+00:00,2026-07-27T15:07:01.573661+00:00,2026-08-05T02:22:23.558688+00:00,2026-07-28T22:24:09.350474+00:00,6,SAFE-B,pre_close_creation_but_later_update_or_no_snapshot
2026-07-28,9,6,13:09:00,2026-07-27T15:07:01.573661+00:00,2026-07-27T15:07:01.573661+00:00,2026-08-05T02:22:24.416244+00:00,2026-07-28T22:24:09.350474+00:00,6,SAFE-B,pre_close_creation_but_later_update_or_no_snapshot
2026-07-28,9,7,13:40:00,2026-07-27T15:07:01.573661+00:00,2026-07-27T15:07:01.573661+00:00,2026-08-05T02:22:23.558688+00:00,2026-07-28T22:24:09.350474+00:00,6,SAFE-B,pre_close_creation_but_later_update_or_no_snapshot
2026-07-28,9,8,14:11:00,2026-07-27T15:07:01.573661+00:00,2026-07-27T15:07:01.573661+00:00,2026-08-05T02:22:24.416244+00:00,2026-07-28T22:24:09.350474+00:00,6,SAFE-B,pre_close_creation_but_later_update_or_no_snapshot
2026-07-28,9,9,14:43:00,2026-07-27T15:07:01.573661+00:00,2026-07-27T15:07:01.573661+00:00,2026-08-05T02:22:23.558688+00:00,2026-07-28T22:24:09.350474+00:00,6,SAFE-B,pre_close_creation_but_later_update_or_no_snapshot
2026-07-28,9,10,15:16:00,2026-07-27T15:07:01.573661+00:00,2026-07-27T15:07:01.573661+00:00,2026-08-05T02:22:23.558688+00:00,2026-07-28T22:24:09.350474+00:00,6,SAFE-B,pre_close_creation_but_later_update_or_no_snapshot
2026-07-28,9,11,15:49:00,2026-07-27T15:07:01.573661+00:00,2026-07-27T15:07:01.573661+00:00,2026-08-05T02:22:26.517838+00:00,2026-07-28T22:24:09.350474+00:00,6,SAFE-B,pre_close_creation_but_later_update_or_no_snapshot
2026-07-28,9,12,16:25:00,2026-07-27T15:07:01.573661+00:00,2026-07-27T15:07:01.573661+00:00,2026-08-05T02:22:30.878148+00:00,2026-07-28T22:24:09.350474+00:00,6,SAFE-B,pre_close_creation_but_later_update_or_no_snapshot
2026-07-28,10,1,08:44:00,2026-07-27T15:07:01.573661+00:00,2026-07-27T15:07:01.573661+00:00,2026-08-05T02:22:24.416244+00:00,2026-07-28T22:24:09.350474+00:00,6,SAFE-B,pre_close_creation_but_later_update_or_no_snapshot
2026-07-28,10,2,09:10:00,2026-07-27T15:07:01.573661+00:00,2026-07-27T15:07:01.573661+00:00,2026-08-05T02:22:25.135733+00:00,2026-07-28T22:24:09.350474+00:00,6,SAFE-B,pre_close_creation_but_later_update_or_no_snapshot
2026-07-28,10,3,09:36:00,2026-07-27T15:07:01.573661+00:00,2026-07-27T15:07:01.573661+00:00,2026-08-05T02:22:23.558688+00:00,2026-07-28T22:24:09.350474+00:00,6,SAFE-B,pre_close_creation_but_later_update_or_no_snapshot
2026-07-28,10,4,10:02:00,2026-07-27T15:07:01.573661+00:00,2026-07-27T15:07:01.573661+00:00,2026-08-05T02:22:23.558688+00:00,2026-07-28T22:24:09.350474+00:00,6,SAFE-B,pre_close_creation_but_later_update_or_no_snapshot
2026-07-28,10,5,10:30:00,2026-07-27T15:07:01.573661+00:00,2026-07-27T15:07:01.573661+00:00,2026-08-05T02:22:25.135733+00:00,2026-07-28T22:24:09.350474+00:00,6,SAFE-B,pre_close_creation_but_later_update_or_no_snapshot
2026-07-28,10,6,10:57:00,2026-07-27T15:07:01.573661+00:00,2026-07-27T15:07:02.0642+00:00,2026-08-05T02:22:23.558688+00:00,2026-07-28T22:24:09.350474+00:00,6,SAFE-B,pre_close_creation_but_later_update_or_no_snapshot
2026-07-28,10,7,11:26:00,2026-07-27T15:07:02.0642+00:00,2026-07-27T15:07:02.0642+00:00,2026-08-05T02:22:23.558688+00:00,2026-07-28T22:24:09.350474+00:00,6,SAFE-B,pre_close_creation_but_later_update_or_no_snapshot
2026-07-28,10,8,11:57:00,2026-07-27T15:07:02.0642+00:00,2026-07-27T15:07:02.0642+00:00,2026-08-05T02:22:24.416244+00:00,2026-07-28T22:24:09.350474+00:00,6,SAFE-B,pre_close_creation_but_later_update_or_no_snapshot
2026-07-28,10,9,12:28:00,2026-07-27T15:07:02.0642+00:00,2026-07-27T15:07:02.0642+00:00,2026-08-05T02:22:23.558688+00:00,2026-07-28T22:24:09.350474+00:00,6,SAFE-B,pre_close_creation_but_later_update_or_no_snapshot
2026-07-28,10,10,13:05:00,2026-07-27T15:07:02.0642+00:00,2026-07-27T15:07:02.0642+00:00,2026-08-05T02:22:25.135733+00:00,2026-07-28T22:24:09.350474+00:00,6,SAFE-B,pre_close_creation_but_later_update_or_no_snapshot
2026-07-28,10,11,13:36:00,2026-07-27T15:07:02.0642+00:00,2026-07-27T15:07:02.0642+00:00,2026-08-05T02:22:24.416244+00:00,2026-07-28T22:24:09.350474+00:00,6,SAFE-B,pre_close_creation_but_later_update_or_no_snapshot
2026-07-28,10,12,14:14:00,2026-07-27T15:07:02.0642+00:00,2026-07-27T15:07:02.0642+00:00,2026-08-05T02:22:23.558688+00:00,2026-07-28T22:24:09.350474+00:00,6,SAFE-B,pre_close_creation_but_later_update_or_no_snapshot
2026-07-28,11,1,10:49:00,2026-07-27T15:07:02.0642+00:00,2026-07-27T15:07:02.0642+00:00,2026-08-05T02:22:23.558688+00:00,2026-07-28T22:24:09.350474+00:00,6,SAFE-B,pre_close_creation_but_later_update_or_no_snapshot
2026-07-28,11,2,11:18:00,2026-07-27T15:07:02.0642+00:00,2026-07-27T15:07:02.0642+00:00,2026-08-05T02:22:25.135733+00:00,2026-07-28T22:24:09.350474+00:00,6,SAFE-B,pre_close_creation_but_later_update_or_no_snapshot
2026-07-28,11,3,11:47:00,2026-07-27T15:07:02.0642+00:00,2026-07-27T15:07:02.0642+00:00,2026-08-05T02:22:23.558688+00:00,2026-07-28T22:24:09.350474+00:00,6,SAFE-B,pre_close_creation_but_later_update_or_no_snapshot
2026-07-28,11,4,12:17:00,2026-07-27T15:07:02.0642+00:00,2026-07-27T15:07:02.0642+00:00,2026-08-05T02:22:24.416244+00:00,2026-07-28T22:24:09.350474+00:00,6,SAFE-B,pre_close_creation_but_later_update_or_no_snapshot
2026-07-28,11,5,12:47:00,2026-07-27T15:07:02.0642+00:00,2026-07-27T15:07:02.0642+00:00,2026-08-05T02:22:23.558688+00:00,2026-07-28T22:24:09.350474+00:00,6,SAFE-B,pre_close_creation_but_later_update_or_no_snapshot
2026-07-28,11,6,13:17:00,2026-07-27T15:07:02.0642+00:00,2026-07-27T15:07:02.0642+00:00,2026-08-05T02:22:24.416244+00:00,2026-07-28T22:24:09.350474+00:00,6,SAFE-B,pre_close_creation_but_later_update_or_no_snapshot
2026-07-28,11,7,13:48:00,2026-07-27T15:07:02.0642+00:00,2026-07-27T15:07:02.0642+00:00,2026-08-05T02:22:23.558688+00:00,2026-07-28T22:24:09.350474+00:00,6,SAFE-B,pre_close_creation_but_later_update_or_no_snapshot
2026-07-28,11,8,14:20:00,2026-07-27T15:07:02.0642+00:00,2026-07-27T15:07:02.0642+00:00,2026-08-05T02:22:30.217176+00:00,2026-07-28T22:24:09.350474+00:00,6,SAFE-B,pre_close_creation_but_later_update_or_no_snapshot
2026-07-28,11,9,14:52:00,2026-07-27T15:07:02.0642+00:00,2026-07-27T15:07:02.0642+00:00,2026-08-05T02:22:25.135733+00:00,2026-07-28T22:24:09.350474+00:00,6,SAFE-B,pre_close_creation_but_later_update_or_no_snapshot
2026-07-28,11,10,15:24:00,2026-07-27T15:07:02.0642+00:00,2026-07-27T15:07:02.0642+00:00,2026-08-05T02:22:25.135733+00:00,2026-07-28T22:24:09.350474+00:00,6,SAFE-B,pre_close_creation_but_later_update_or_no_snapshot
2026-07-28,11,11,15:58:00,2026-07-27T15:07:02.0642+00:00,2026-07-27T15:07:02.0642+00:00,2026-08-05T02:22:24.416244+00:00,2026-07-28T22:24:09.350474+00:00,6,SAFE-B,pre_close_creation_but_later_update_or_no_snapshot
2026-07-28,11,12,16:35:00,2026-07-27T15:07:02.0642+00:00,2026-07-27T15:07:02.0642+00:00,2026-08-05T02:22:25.135733+00:00,2026-07-28T22:24:09.350474+00:00,6,SAFE-B,pre_close_creation_but_later_update_or_no_snapshot
2026-07-28,15,1,15:20:00,2026-07-27T15:07:02.0642+00:00,2026-07-27T15:07:02.0642+00:00,2026-08-05T02:22:29.373665+00:00,2026-07-28T22:24:09.350474+00:00,6,SAFE-B,pre_close_creation_but_later_update_or_no_snapshot
2026-07-28,15,2,15:51:00,2026-07-27T15:07:02.0642+00:00,2026-07-27T15:07:02.0642+00:00,2026-08-05T02:22:29.373665+00:00,2026-07-28T22:24:09.350474+00:00,6,SAFE-B,pre_close_creation_but_later_update_or_no_snapshot
2026-07-28,15,3,16:20:00,2026-07-27T15:07:02.0642+00:00,2026-07-27T15:07:02.0642+00:00,2026-08-05T02:22:29.373665+00:00,2026-07-28T22:24:09.350474+00:00,6,SAFE-B,pre_close_creation_but_later_update_or_no_snapshot
2026-07-28,15,4,17:00:00,2026-07-27T15:07:02.0642+00:00,2026-07-27T15:07:02.0642+00:00,2026-08-05T02:22:29.373665+00:00,2026-07-28T22:24:09.350474+00:00,6,SAFE-B,pre_close_creation_but_later_update_or_no_snapshot
2026-07-28,15,5,17:24:00,2026-07-27T15:07:02.0642+00:00,2026-07-27T15:07:02.0642+00:00,2026-08-05T02:22:29.373665+00:00,2026-07-28T22:24:09.350474+00:00,6,SAFE-B,pre_close_creation_but_later_update_or_no_snapshot
2026-07-28,15,6,17:49:00,2026-07-27T15:07:02.0642+00:00,2026-07-27T15:07:02.0642+00:00,2026-08-05T02:22:29.373665+00:00,2026-07-28T22:24:09.350474+00:00,6,SAFE-B,pre_close_creation_but_later_update_or_no_snapshot
2026-07-28,15,7,18:14:00,2026-07-27T15:07:02.0642+00:00,2026-07-27T15:07:02.0642+00:00,2026-08-05T02:22:29.373665+00:00,2026-07-28T22:24:09.350474+00:00,6,SAFE-B,pre_close_creation_but_later_update_or_no_snapshot
2026-07-28,15,8,18:39:00,2026-07-27T15:07:02.0642+00:00,2026-07-27T15:07:02.0642+00:00,2026-08-05T02:22:29.373665+00:00,2026-07-28T22:24:09.350474+00:00,6,SAFE-B,pre_close_creation_but_later_update_or_no_snapshot
2026-07-28,15,9,19:05:00,2026-07-27T15:07:02.0642+00:00,2026-07-27T15:07:02.0642+00:00,2026-08-05T02:22:29.373665+00:00,2026-07-28T22:24:09.350474+00:00,6,SAFE-B,pre_close_creation_but_later_update_or_no_snapshot
2026-07-28,15,10,19:31:00,2026-07-27T15:07:02.0642+00:00,2026-07-27T15:07:02.0642+00:00,2026-08-05T02:22:29.373665+00:00,2026-07-28T22:24:09.350474+00:00,6,SAFE-B,pre_close_creation_but_later_update_or_no_snapshot
2026-07-28,15,11,19:59:00,2026-07-27T15:07:02.0642+00:00,2026-07-27T15:07:02.0642+00:00,2026-08-05T02:22:29.373665+00:00,2026-07-28T22:24:09.350474+00:00,6,SAFE-B,pre_close_creation_but_later_update_or_no_snapshot
2026-07-28,15,12,20:30:00,2026-07-27T15:07:02.0642+00:00,2026-07-27T15:07:02.0642+00:00,2026-08-05T02:22:29.373665+00:00,2026-07-28T22:24:09.350474+00:00,6,SAFE-B,pre_close_creation_but_later_update_or_no_snapshot
2026-07-28,16,1,11:49:00,2026-07-27T15:07:02.0642+00:00,2026-07-27T15:07:02.0642+00:00,2026-08-05T02:22:29.373665+00:00,2026-07-28T22:24:09.350474+00:00,6,SAFE-B,pre_close_creation_but_later_update_or_no_snapshot
2026-07-28,16,2,12:15:00,2026-07-27T15:07:02.0642+00:00,2026-07-27T15:07:02.0642+00:00,2026-08-05T02:22:30.217176+00:00,2026-07-28T22:24:09.350474+00:00,6,SAFE-B,pre_close_creation_but_later_update_or_no_snapshot
2026-07-28,16,3,12:42:00,2026-07-27T15:07:02.0642+00:00,2026-07-27T15:07:02.0642+00:00,2026-08-05T02:22:29.373665+00:00,2026-07-28T22:24:09.350474+00:00,6,SAFE-B,pre_close_creation_but_later_update_or_no_snapshot
2026-07-28,16,4,13:08:00,2026-07-27T15:07:02.0642+00:00,2026-07-27T15:07:02.0642+00:00,2026-08-05T02:22:30.217176+00:00,2026-07-28T22:24:09.350474+00:00,6,SAFE-B,pre_close_creation_but_later_update_or_no_snapshot
2026-07-28,16,5,13:39:00,2026-07-27T15:07:02.0642+00:00,2026-07-27T15:07:02.0642+00:00,2026-08-05T02:22:29.373665+00:00,2026-07-28T22:24:09.350474+00:00,6,SAFE-B,pre_close_creation_but_later_update_or_no_snapshot
2026-07-28,16,6,14:09:00,2026-07-27T15:07:02.0642+00:00,2026-07-27T15:07:02.0642+00:00,2026-08-05T02:22:29.373665+00:00,2026-07-28T22:24:09.350474+00:00,6,SAFE-B,pre_close_creation_but_later_update_or_no_snapshot
2026-07-28,16,7,14:41:00,2026-07-27T15:07:02.0642+00:00,2026-07-27T15:07:02.0642+00:00,2026-08-05T02:22:29.373665+00:00,2026-07-28T22:24:09.350474+00:00,6,SAFE-B,pre_close_creation_but_later_update_or_no_snapshot
2026-07-28,16,8,15:14:00,2026-07-27T15:07:02.0642+00:00,2026-07-27T15:07:02.0642+00:00,2026-08-05T02:22:30.217176+00:00,2026-07-28T22:24:09.350474+00:00,6,SAFE-B,pre_close_creation_but_later_update_or_no_snapshot
2026-07-28,16,9,15:46:00,2026-07-27T15:07:02.0642+00:00,2026-07-27T15:07:02.0642+00:00,2026-08-05T02:22:29.373665+00:00,2026-07-28T22:24:09.350474+00:00,6,SAFE-B,pre_close_creation_but_later_update_or_no_snapshot
2026-07-28,16,10,16:23:00,2026-07-27T15:07:02.0642+00:00,2026-07-27T15:07:02.0642+00:00,2026-08-05T02:22:30.217176+00:00,2026-07-28T22:24:09.350474+00:00,6,SAFE-B,pre_close_creation_but_later_update_or_no_snapshot
2026-07-28,16,11,16:58:00,2026-07-27T15:07:02.0642+00:00,2026-07-27T15:07:02.0642+00:00,2026-08-05T02:22:29.373665+00:00,2026-07-28T22:24:09.350474+00:00,6,SAFE-B,pre_close_creation_but_later_update_or_no_snapshot
2026-07-28,16,12,17:41:00,2026-07-27T15:07:02.0642+00:00,2026-07-27T15:07:03.195087+00:00,2026-08-05T02:22:29.373665+00:00,2026-07-28T22:24:09.350474+00:00,6,SAFE-B,pre_close_creation_but_later_update_or_no_snapshot
2026-07-28,17,1,11:07:00,2026-07-27T15:07:03.195087+00:00,2026-07-27T15:07:03.195087+00:00,2026-08-05T02:22:25.135733+00:00,2026-07-28T22:24:09.350474+00:00,6,SAFE-B,pre_close_creation_but_later_update_or_no_snapshot
2026-07-28,17,2,11:36:00,2026-07-27T15:07:03.195087+00:00,2026-07-27T15:07:03.195087+00:00,2026-08-05T02:22:24.416244+00:00,2026-07-28T22:24:09.350474+00:00,6,SAFE-B,pre_close_creation_but_later_update_or_no_snapshot
2026-07-28,17,3,12:05:00,2026-07-27T15:07:03.195087+00:00,2026-07-27T15:07:03.195087+00:00,2026-08-05T02:22:24.416244+00:00,2026-07-28T22:24:09.350474+00:00,6,SAFE-B,pre_close_creation_but_later_update_or_no_snapshot
2026-07-28,17,4,12:34:00,2026-07-27T15:07:03.195087+00:00,2026-07-27T15:07:03.195087+00:00,2026-08-05T02:22:24.416244+00:00,2026-07-28T22:24:09.350474+00:00,6,SAFE-B,pre_close_creation_but_later_update_or_no_snapshot
2026-07-28,17,5,13:00:00,2026-07-27T15:07:03.195087+00:00,2026-07-27T15:07:03.195087+00:00,2026-08-05T02:22:24.416244+00:00,2026-07-28T22:24:09.350474+00:00,6,SAFE-B,pre_close_creation_but_later_update_or_no_snapshot
2026-07-28,17,6,13:27:00,2026-07-27T15:07:03.195087+00:00,2026-07-27T15:07:03.195087+00:00,2026-08-05T02:22:27.116918+00:00,2026-07-28T22:24:09.350474+00:00,6,SAFE-B,pre_close_creation_but_later_update_or_no_snapshot
2026-07-28,17,7,14:03:00,2026-07-27T15:07:03.195087+00:00,2026-07-27T15:07:03.195087+00:00,2026-08-05T02:22:24.416244+00:00,2026-07-28T22:24:09.350474+00:00,6,SAFE-B,pre_close_creation_but_later_update_or_no_snapshot
2026-07-28,17,8,14:34:00,2026-07-27T15:07:03.195087+00:00,2026-07-27T15:07:03.195087+00:00,2026-08-05T02:22:24.416244+00:00,2026-07-28T22:24:09.350474+00:00,6,SAFE-B,pre_close_creation_but_later_update_or_no_snapshot
2026-07-28,17,9,15:06:00,2026-07-27T15:07:03.195087+00:00,2026-07-27T15:07:03.195087+00:00,2026-08-05T02:22:21.994535+00:00,2026-07-28T22:24:09.350474+00:00,6,SAFE-B,pre_close_creation_but_later_update_or_no_snapshot
2026-07-28,17,10,15:39:00,2026-07-27T15:07:03.195087+00:00,2026-07-27T15:07:03.195087+00:00,2026-08-05T02:22:24.416244+00:00,2026-07-28T22:24:09.350474+00:00,6,SAFE-B,pre_close_creation_but_later_update_or_no_snapshot
2026-07-28,17,11,16:15:00,2026-07-27T15:07:03.195087+00:00,2026-07-27T15:07:03.195087+00:00,2026-08-05T02:22:24.416244+00:00,2026-07-28T22:24:09.350474+00:00,6,SAFE-B,pre_close_creation_but_later_update_or_no_snapshot
2026-07-28,17,12,16:51:00,2026-07-27T15:07:03.195087+00:00,2026-07-27T15:07:03.195087+00:00,2026-08-05T02:22:24.416244+00:00,2026-07-28T22:24:09.350474+00:00,6,SAFE-B,pre_close_creation_but_later_update_or_no_snapshot
2026-07-28,19,1,15:30:00,2026-07-27T15:07:03.195087+00:00,2026-07-27T15:07:03.195087+00:00,2026-08-05T02:22:23.558688+00:00,2026-07-28T22:24:09.350474+00:00,6,SAFE-B,pre_close_creation_but_later_update_or_no_snapshot
2026-07-28,19,2,16:07:00,2026-07-27T15:07:03.195087+00:00,2026-07-27T15:07:03.195087+00:00,2026-08-05T02:22:23.558688+00:00,2026-07-28T22:24:09.350474+00:00,6,SAFE-B,pre_close_creation_but_later_update_or_no_snapshot
2026-07-28,19,3,16:44:00,2026-07-27T15:07:03.195087+00:00,2026-07-27T15:07:03.195087+00:00,2026-08-05T02:22:23.558688+00:00,2026-07-28T22:24:09.350474+00:00,6,SAFE-B,pre_close_creation_but_later_update_or_no_snapshot
2026-07-28,19,4,17:18:00,2026-07-27T15:07:03.195087+00:00,2026-07-27T15:07:03.195087+00:00,2026-08-05T02:22:23.558688+00:00,2026-07-28T22:24:09.350474+00:00,6,SAFE-B,pre_close_creation_but_later_update_or_no_snapshot
2026-07-28,19,5,17:43:00,2026-07-27T15:07:03.195087+00:00,2026-07-27T15:07:03.195087+00:00,2026-08-05T02:22:23.558688+00:00,2026-07-28T22:24:09.350474+00:00,6,SAFE-B,pre_close_creation_but_later_update_or_no_snapshot
2026-07-28,19,6,18:08:00,2026-07-27T15:07:03.195087+00:00,2026-07-27T15:07:03.195087+00:00,2026-08-05T02:22:23.558688+00:00,2026-07-28T22:24:09.350474+00:00,6,SAFE-B,pre_close_creation_but_later_update_or_no_snapshot
2026-07-28,19,7,18:33:00,2026-07-27T15:07:03.195087+00:00,2026-07-27T15:07:03.195087+00:00,2026-08-05T02:22:24.416244+00:00,2026-07-28T22:24:09.350474+00:00,6,SAFE-B,pre_close_creation_but_later_update_or_no_snapshot
2026-07-28,19,8,18:58:00,2026-07-27T15:07:03.195087+00:00,2026-07-27T15:07:03.195087+00:00,2026-08-05T02:22:25.135733+00:00,2026-07-28T22:24:09.350474+00:00,6,SAFE-B,pre_close_creation_but_later_update_or_no_snapshot
2026-07-28,19,9,19:24:00,2026-07-27T15:07:03.195087+00:00,2026-07-27T15:07:03.195087+00:00,2026-08-05T02:22:25.135733+00:00,2026-07-28T22:24:09.350474+00:00,6,SAFE-B,pre_close_creation_but_later_update_or_no_snapshot
2026-07-28,19,10,19:50:00,2026-07-27T15:07:03.195087+00:00,2026-07-27T15:07:03.195087+00:00,2026-08-05T02:22:24.416244+00:00,2026-07-28T22:24:09.350474+00:00,6,SAFE-B,pre_close_creation_but_later_update_or_no_snapshot
2026-07-28,19,11,20:17:00,2026-07-27T15:07:03.195087+00:00,2026-07-27T15:07:03.195087+00:00,2026-08-05T02:22:24.416244+00:00,2026-07-28T22:24:09.350474+00:00,6,SAFE-B,pre_close_creation_but_later_update_or_no_snapshot
2026-07-28,19,12,20:45:00,2026-07-27T15:07:03.195087+00:00,2026-07-27T15:07:03.195087+00:00,2026-08-05T02:22:24.416244+00:00,2026-07-28T22:24:09.350474+00:00,6,SAFE-B,pre_close_creation_but_later_update_or_no_snapshot
2026-07-28,20,1,15:28:00,2026-07-27T15:07:03.195087+00:00,2026-07-27T15:07:03.195087+00:00,2026-08-05T02:22:23.558688+00:00,2026-07-28T22:24:09.350474+00:00,6,SAFE-B,pre_close_creation_but_later_update_or_no_snapshot
2026-07-28,20,2,16:11:00,2026-07-27T15:07:03.195087+00:00,2026-07-27T15:07:03.195087+00:00,2026-08-05T02:22:24.416244+00:00,2026-07-28T22:24:09.350474+00:00,6,SAFE-B,pre_close_creation_but_later_update_or_no_snapshot
2026-07-28,20,3,16:47:00,2026-07-27T15:07:03.195087+00:00,2026-07-27T15:07:03.195087+00:00,2026-08-05T02:22:24.416244+00:00,2026-07-28T22:24:09.350474+00:00,6,SAFE-B,pre_close_creation_but_later_update_or_no_snapshot
2026-07-28,20,4,17:13:00,2026-07-27T15:07:03.195087+00:00,2026-07-27T15:07:03.195087+00:00,2026-08-05T02:22:25.135733+00:00,2026-07-28T22:24:09.350474+00:00,6,SAFE-B,pre_close_creation_but_later_update_or_no_snapshot
2026-07-28,20,5,17:37:00,2026-07-27T15:07:03.195087+00:00,2026-07-27T15:07:03.195087+00:00,2026-08-05T02:22:23.558688+00:00,2026-07-28T22:24:09.350474+00:00,6,SAFE-B,pre_close_creation_but_later_update_or_no_snapshot
2026-07-28,20,6,18:02:00,2026-07-27T15:07:03.195087+00:00,2026-07-27T15:07:03.195087+00:00,2026-08-05T02:22:24.416244+00:00,2026-07-28T22:24:09.350474+00:00,6,SAFE-B,pre_close_creation_but_later_update_or_no_snapshot
2026-07-28,20,7,18:27:00,2026-07-27T15:07:03.195087+00:00,2026-07-27T15:07:03.195087+00:00,2026-08-05T02:22:23.558688+00:00,2026-07-28T22:24:09.350474+00:00,6,SAFE-B,pre_close_creation_but_later_update_or_no_snapshot
2026-07-28,20,8,18:52:00,2026-07-27T15:07:03.195087+00:00,2026-07-27T15:07:03.195087+00:00,2026-08-05T02:22:23.558688+00:00,2026-07-28T22:24:09.350474+00:00,6,SAFE-B,pre_close_creation_but_later_update_or_no_snapshot
2026-07-28,20,9,19:18:00,2026-07-27T15:07:03.195087+00:00,2026-07-27T15:07:03.195087+00:00,2026-08-05T02:22:23.558688+00:00,2026-07-28T22:24:09.350474+00:00,6,SAFE-B,pre_close_creation_but_later_update_or_no_snapshot
2026-07-28,20,10,19:44:00,2026-07-27T15:07:03.195087+00:00,2026-07-27T15:07:03.195087+00:00,2026-08-05T02:22:23.558688+00:00,2026-07-28T22:24:09.350474+00:00,6,SAFE-B,pre_close_creation_but_later_update_or_no_snapshot
2026-07-28,20,11,20:11:00,2026-07-27T15:07:03.195087+00:00,2026-07-27T15:07:03.195087+00:00,2026-08-05T02:22:23.558688+00:00,2026-07-28T22:24:09.350474+00:00,6,SAFE-B,pre_close_creation_but_later_update_or_no_snapshot
2026-07-28,20,12,20:41:00,2026-07-27T15:07:03.195087+00:00,2026-07-27T15:07:03.195087+00:00,2026-08-05T02:22:25.135733+00:00,2026-07-28T22:24:09.350474+00:00,6,SAFE-B,pre_close_creation_but_later_update_or_no_snapshot
2026-07-28,21,1,08:32:00,2026-07-27T15:07:03.195087+00:00,2026-07-27T15:07:03.195087+00:00,2026-08-05T02:22:23.558688+00:00,2026-07-28T22:24:09.350474+00:00,6,SAFE-B,pre_close_creation_but_later_update_or_no_snapshot
2026-07-28,21,2,08:58:00,2026-07-27T15:07:03.195087+00:00,2026-07-27T15:07:03.195087+00:00,2026-08-05T02:22:23.558688+00:00,2026-07-28T22:24:09.350474+00:00,6,SAFE-B,pre_close_creation_but_later_update_or_no_snapshot
2026-07-28,21,3,09:24:00,2026-07-27T15:07:03.195087+00:00,2026-07-27T15:07:03.195087+00:00,2026-08-05T02:22:25.135733+00:00,2026-07-28T22:24:09.350474+00:00,6,SAFE-B,pre_close_creation_but_later_update_or_no_snapshot
2026-07-28,21,4,09:50:00,2026-07-27T15:07:03.195087+00:00,2026-07-27T15:07:03.195087+00:00,2026-08-05T02:22:24.416244+00:00,2026-07-28T22:24:09.350474+00:00,6,SAFE-B,pre_close_creation_but_later_update_or_no_snapshot
2026-07-28,21,5,10:18:00,2026-07-27T15:07:03.195087+00:00,2026-07-27T15:07:03.195087+00:00,2026-08-05T02:22:23.558688+00:00,2026-07-28T22:24:09.350474+00:00,6,SAFE-B,pre_close_creation_but_later_update_or_no_snapshot
2026-07-28,21,6,10:45:00,2026-07-27T15:07:03.524277+00:00,2026-07-27T15:07:03.524277+00:00,2026-08-05T02:22:24.416244+00:00,2026-07-28T22:24:09.350474+00:00,6,SAFE-B,pre_close_creation_but_later_update_or_no_snapshot
2026-07-28,21,7,11:13:00,2026-07-27T15:07:03.524277+00:00,2026-07-27T15:07:03.524277+00:00,2026-08-05T02:22:23.558688+00:00,2026-07-28T22:24:09.350474+00:00,6,SAFE-B,pre_close_creation_but_later_update_or_no_snapshot
2026-07-28,21,8,11:43:00,2026-07-27T15:07:03.524277+00:00,2026-07-27T15:07:03.524277+00:00,2026-08-05T02:22:23.558688+00:00,2026-07-28T22:24:09.350474+00:00,6,SAFE-B,pre_close_creation_but_later_update_or_no_snapshot
2026-07-28,21,9,12:12:00,2026-07-27T15:07:03.524277+00:00,2026-07-27T15:07:03.524277+00:00,2026-08-05T02:22:25.135733+00:00,2026-07-28T22:24:09.350474+00:00,6,SAFE-B,pre_close_creation_but_later_update_or_no_snapshot
2026-07-28,21,10,12:44:00,2026-07-27T15:07:03.524277+00:00,2026-07-27T15:07:03.524277+00:00,2026-08-05T02:22:24.416244+00:00,2026-07-28T22:24:09.350474+00:00,6,SAFE-B,pre_close_creation_but_later_update_or_no_snapshot
2026-07-28,21,11,13:21:00,2026-07-27T15:07:03.524277+00:00,2026-07-27T15:07:03.524277+00:00,2026-08-05T02:22:23.558688+00:00,2026-07-28T22:24:09.350474+00:00,6,SAFE-B,pre_close_creation_but_later_update_or_no_snapshot
2026-07-28,21,12,14:00:00,2026-07-27T15:07:03.524277+00:00,2026-07-27T15:07:03.524277+00:00,2026-08-05T02:22:23.558688+00:00,2026-07-28T22:24:09.350474+00:00,6,SAFE-B,pre_close_creation_but_later_update_or_no_snapshot
2026-07-28,24,1,15:19:00,2026-07-27T15:07:03.524277+00:00,2026-07-27T15:07:03.524277+00:00,2026-08-05T02:22:23.558688+00:00,2026-07-28T22:24:09.350474+00:00,6,SAFE-B,pre_close_creation_but_later_update_or_no_snapshot
2026-07-28,24,2,15:55:00,2026-07-27T15:07:03.524277+00:00,2026-07-27T15:07:03.524277+00:00,2026-08-05T02:22:23.558688+00:00,2026-07-28T22:24:09.350474+00:00,6,SAFE-B,pre_close_creation_but_later_update_or_no_snapshot
2026-07-28,24,3,16:30:00,2026-07-27T15:07:03.524277+00:00,2026-07-27T15:07:03.524277+00:00,2026-08-05T02:22:25.135733+00:00,2026-07-28T22:24:09.350474+00:00,6,SAFE-B,pre_close_creation_but_later_update_or_no_snapshot
2026-07-28,24,4,17:06:00,2026-07-27T15:07:03.524277+00:00,2026-07-27T15:07:03.524277+00:00,2026-08-05T02:22:24.416244+00:00,2026-07-28T22:24:09.350474+00:00,6,SAFE-B,pre_close_creation_but_later_update_or_no_snapshot
2026-07-28,24,5,17:31:00,2026-07-27T15:07:03.524277+00:00,2026-07-27T15:07:03.524277+00:00,2026-08-05T02:22:23.558688+00:00,2026-07-28T22:24:09.350474+00:00,6,SAFE-B,pre_close_creation_but_later_update_or_no_snapshot
2026-07-28,24,6,17:56:00,2026-07-27T15:07:03.524277+00:00,2026-07-27T15:07:03.524277+00:00,2026-08-05T02:22:25.135733+00:00,2026-07-28T22:24:09.350474+00:00,6,SAFE-B,pre_close_creation_but_later_update_or_no_snapshot
2026-07-28,24,7,18:21:00,2026-07-27T15:07:03.524277+00:00,2026-07-27T15:07:03.524277+00:00,2026-08-05T02:22:23.558688+00:00,2026-07-28T22:24:09.350474+00:00,6,SAFE-B,pre_close_creation_but_later_update_or_no_snapshot
2026-07-28,24,8,18:46:00,2026-07-27T15:07:03.524277+00:00,2026-07-27T15:07:03.524277+00:00,2026-08-05T02:22:23.558688+00:00,2026-07-28T22:24:09.350474+00:00,6,SAFE-B,pre_close_creation_but_later_update_or_no_snapshot
2026-07-28,24,9,19:12:00,2026-07-27T15:07:03.524277+00:00,2026-07-27T15:07:03.524277+00:00,2026-08-05T02:22:23.558688+00:00,2026-07-28T22:24:09.350474+00:00,6,SAFE-B,pre_close_creation_but_later_update_or_no_snapshot
2026-07-28,24,10,19:38:00,2026-07-27T15:07:03.524277+00:00,2026-07-27T15:07:03.524277+00:00,2026-08-05T02:22:23.558688+00:00,2026-07-28T22:24:09.350474+00:00,6,SAFE-B,pre_close_creation_but_later_update_or_no_snapshot
2026-07-28,24,11,20:06:00,2026-07-27T15:07:03.524277+00:00,2026-07-27T15:07:03.524277+00:00,2026-08-05T02:22:23.558688+00:00,2026-07-28T22:24:09.350474+00:00,6,SAFE-B,pre_close_creation_but_later_update_or_no_snapshot
2026-07-28,24,12,20:37:00,2026-07-27T15:07:03.524277+00:00,2026-07-27T15:07:03.524277+00:00,2026-08-05T02:22:23.558688+00:00,2026-07-28T22:24:09.350474+00:00,6,SAFE-B,pre_close_creation_but_later_update_or_no_snapshot
2026-07-29,4,1,11:54:00,2026-07-28T15:02:26.162867+00:00,2026-07-28T15:02:26.162867+00:00,2026-08-05T02:23:24.900591+00:00,2026-07-28T23:26:14.190836+00:00,6,SAFE-B,pre_close_creation_but_later_update_or_no_snapshot
2026-07-29,4,2,12:23:00,2026-07-28T15:02:26.162867+00:00,2026-07-28T15:02:26.162867+00:00,2026-08-05T02:23:24.900591+00:00,2026-07-28T23:26:14.190836+00:00,6,SAFE-B,pre_close_creation_but_later_update_or_no_snapshot
2026-07-29,4,3,12:53:00,2026-07-28T15:02:26.162867+00:00,2026-07-28T15:02:26.162867+00:00,2026-08-05T02:23:24.900591+00:00,2026-07-28T23:26:14.190836+00:00,6,SAFE-B,pre_close_creation_but_later_update_or_no_snapshot
2026-07-29,4,4,13:23:00,2026-07-28T15:02:26.162867+00:00,2026-07-28T15:02:26.162867+00:00,2026-08-05T02:23:24.900591+00:00,2026-07-28T23:26:14.190836+00:00,6,SAFE-B,pre_close_creation_but_later_update_or_no_snapshot
2026-07-29,4,5,13:54:00,2026-07-28T15:02:26.162867+00:00,2026-07-28T15:02:26.162867+00:00,2026-08-05T02:23:24.900591+00:00,2026-07-28T23:26:14.190836+00:00,6,SAFE-B,pre_close_creation_but_later_update_or_no_snapshot
2026-07-29,4,6,14:25:00,2026-07-28T15:02:26.162867+00:00,2026-07-28T15:02:26.162867+00:00,2026-08-05T02:23:24.900591+00:00,2026-07-28T23:26:14.190836+00:00,6,SAFE-B,pre_close_creation_but_later_update_or_no_snapshot
2026-07-29,4,7,14:57:00,2026-07-28T15:02:26.162867+00:00,2026-07-28T15:02:26.162867+00:00,2026-08-05T02:23:24.900591+00:00,2026-07-28T23:26:14.190836+00:00,6,SAFE-B,pre_close_creation_but_later_update_or_no_snapshot
2026-07-29,4,8,15:30:00,2026-07-28T15:02:26.162867+00:00,2026-07-28T15:02:26.162867+00:00,2026-08-05T02:23:24.900591+00:00,2026-07-28T23:26:14.190836+00:00,6,SAFE-B,pre_close_creation_but_later_update_or_no_snapshot
2026-07-29,4,9,16:05:00,2026-07-28T15:02:26.162867+00:00,2026-07-28T15:02:26.162867+00:00,2026-08-05T02:23:24.900591+00:00,2026-07-28T23:26:14.190836+00:00,6,SAFE-B,pre_close_creation_but_later_update_or_no_snapshot
2026-07-29,4,10,16:42:00,2026-07-28T15:02:26.162867+00:00,2026-07-28T15:02:26.162867+00:00,2026-08-05T02:23:24.900591+00:00,2026-07-28T23:26:14.190836+00:00,6,SAFE-B,pre_close_creation_but_later_update_or_no_snapshot
2026-07-29,4,11,17:11:00,2026-07-28T15:02:26.162867+00:00,2026-07-28T15:02:26.162867+00:00,2026-08-05T02:23:24.900591+00:00,2026-07-28T23:26:14.190836+00:00,6,SAFE-B,pre_close_creation_but_later_update_or_no_snapshot
2026-07-29,4,12,17:45:00,2026-07-28T15:02:26.162867+00:00,2026-07-28T15:02:26.162867+00:00,2026-08-05T02:23:24.900591+00:00,2026-07-28T23:26:14.190836+00:00,6,SAFE-B,pre_close_creation_but_later_update_or_no_snapshot
2026-07-29,9,1,10:38:00,2026-07-28T15:02:26.162867+00:00,2026-07-28T15:02:26.162867+00:00,2026-08-05T02:23:29.807764+00:00,2026-07-28T23:26:14.190836+00:00,6,SAFE-B,pre_close_creation_but_later_update_or_no_snapshot
2026-07-29,9,2,11:05:00,2026-07-28T15:02:26.162867+00:00,2026-07-28T15:02:26.162867+00:00,2026-08-05T02:23:29.807764+00:00,2026-07-28T23:26:14.190836+00:00,6,SAFE-B,pre_close_creation_but_later_update_or_no_snapshot
2026-07-29,9,3,11:34:00,2026-07-28T15:02:26.162867+00:00,2026-07-28T15:02:26.162867+00:00,2026-08-05T02:23:29.807764+00:00,2026-07-28T23:26:14.190836+00:00,6,SAFE-B,pre_close_creation_but_later_update_or_no_snapshot
2026-07-29,9,4,12:05:00,2026-07-28T15:02:26.162867+00:00,2026-07-28T15:02:26.162867+00:00,2026-08-05T02:23:29.807764+00:00,2026-07-28T23:26:14.190836+00:00,6,SAFE-B,pre_close_creation_but_later_update_or_no_snapshot
2026-07-29,9,5,12:35:00,2026-07-28T15:02:26.162867+00:00,2026-07-28T15:02:26.162867+00:00,2026-08-05T02:23:29.807764+00:00,2026-07-28T23:26:14.190836+00:00,6,SAFE-B,pre_close_creation_but_later_update_or_no_snapshot
2026-07-29,9,6,13:06:00,2026-07-28T15:02:26.162867+00:00,2026-07-28T15:02:26.162867+00:00,2026-08-05T02:23:29.807764+00:00,2026-07-28T23:26:14.190836+00:00,6,SAFE-B,pre_close_creation_but_later_update_or_no_snapshot
2026-07-29,9,7,13:37:00,2026-07-28T15:02:26.162867+00:00,2026-07-28T15:02:26.162867+00:00,2026-08-05T02:23:29.807764+00:00,2026-07-28T23:26:14.190836+00:00,6,SAFE-B,pre_close_creation_but_later_update_or_no_snapshot
2026-07-29,9,8,14:08:00,2026-07-28T15:02:26.162867+00:00,2026-07-28T15:02:26.162867+00:00,2026-08-05T02:23:29.807764+00:00,2026-07-28T23:26:14.190836+00:00,6,SAFE-B,pre_close_creation_but_later_update_or_no_snapshot
2026-07-29,9,9,14:40:00,2026-07-28T15:02:26.162867+00:00,2026-07-28T15:02:26.162867+00:00,2026-08-05T02:23:29.807764+00:00,2026-07-28T23:26:14.190836+00:00,6,SAFE-B,pre_close_creation_but_later_update_or_no_snapshot
2026-07-29,9,10,15:14:00,2026-07-28T15:02:26.162867+00:00,2026-07-28T15:02:26.162867+00:00,2026-08-05T02:23:29.807764+00:00,2026-07-28T23:26:14.190836+00:00,6,SAFE-B,pre_close_creation_but_later_update_or_no_snapshot
2026-07-29,9,11,15:48:00,2026-07-28T15:02:26.162867+00:00,2026-07-28T15:02:26.162867+00:00,2026-08-05T02:23:29.807764+00:00,2026-07-28T23:26:14.190836+00:00,6,SAFE-B,pre_close_creation_but_later_update_or_no_snapshot
2026-07-29,9,12,16:25:00,2026-07-28T15:02:26.162867+00:00,2026-07-28T15:02:26.162867+00:00,2026-08-05T02:23:29.807764+00:00,2026-07-28T23:26:14.190836+00:00,6,SAFE-B,pre_close_creation_but_later_update_or_no_snapshot
2026-07-29,10,1,08:32:00,2026-07-28T15:02:26.162867+00:00,2026-07-28T15:02:26.162867+00:00,2026-08-05T02:23:24.900591+00:00,2026-07-28T23:26:14.190836+00:00,6,SAFE-B,pre_close_creation_but_later_update_or_no_snapshot
2026-07-29,10,2,08:58:00,2026-07-28T15:02:26.162867+00:00,2026-07-28T15:02:26.162867+00:00,2026-08-05T02:23:24.900591+00:00,2026-07-28T23:26:14.190836+00:00,6,SAFE-B,pre_close_creation_but_later_update_or_no_snapshot
2026-07-29,10,3,09:24:00,2026-07-28T15:02:26.162867+00:00,2026-07-28T15:02:26.162867+00:00,2026-08-05T02:23:24.900591+00:00,2026-07-28T23:26:14.190836+00:00,6,SAFE-B,pre_close_creation_but_later_update_or_no_snapshot
2026-07-29,10,4,09:50:00,2026-07-28T15:02:26.162867+00:00,2026-07-28T15:02:26.162867+00:00,2026-08-05T02:23:24.900591+00:00,2026-07-28T23:26:14.190836+00:00,6,SAFE-B,pre_close_creation_but_later_update_or_no_snapshot
2026-07-29,10,5,10:16:00,2026-07-28T15:02:26.162867+00:00,2026-07-28T15:02:26.162867+00:00,2026-08-05T02:23:24.900591+00:00,2026-07-28T23:26:14.190836+00:00,6,SAFE-B,pre_close_creation_but_later_update_or_no_snapshot
2026-07-29,10,6,10:44:00,2026-07-28T15:02:26.162867+00:00,2026-07-28T15:02:26.162867+00:00,2026-08-05T02:23:24.900591+00:00,2026-07-28T23:26:14.190836+00:00,6,SAFE-B,pre_close_creation_but_later_update_or_no_snapshot
2026-07-29,10,7,11:14:00,2026-07-28T15:02:26.162867+00:00,2026-07-28T15:02:26.162867+00:00,2026-08-05T02:23:24.900591+00:00,2026-07-28T23:26:14.190836+00:00,6,SAFE-B,pre_close_creation_but_later_update_or_no_snapshot
2026-07-29,10,8,11:44:00,2026-07-28T15:02:26.162867+00:00,2026-07-28T15:02:26.162867+00:00,2026-08-05T02:23:24.900591+00:00,2026-07-28T23:26:14.190836+00:00,6,SAFE-B,pre_close_creation_but_later_update_or_no_snapshot
2026-07-29,10,9,12:14:00,2026-07-28T15:02:26.162867+00:00,2026-07-28T15:02:26.162867+00:00,2026-08-05T02:23:24.900591+00:00,2026-07-28T23:26:14.190836+00:00,6,SAFE-B,pre_close_creation_but_later_update_or_no_snapshot
2026-07-29,10,10,12:47:00,2026-07-28T15:02:26.162867+00:00,2026-07-28T15:02:26.162867+00:00,2026-08-05T02:23:24.900591+00:00,2026-07-28T23:26:14.190836+00:00,6,SAFE-B,pre_close_creation_but_later_update_or_no_snapshot
2026-07-29,10,11,13:21:00,2026-07-28T15:02:26.162867+00:00,2026-07-28T15:02:26.162867+00:00,2026-08-05T02:23:24.900591+00:00,2026-07-28T23:26:14.190836+00:00,6,SAFE-B,pre_close_creation_but_later_update_or_no_snapshot
2026-07-29,10,12,13:58:00,2026-07-28T15:02:26.162867+00:00,2026-07-28T15:02:26.162867+00:00,2026-08-05T02:23:24.900591+00:00,2026-07-28T23:26:14.190836+00:00,6,SAFE-B,pre_close_creation_but_later_update_or_no_snapshot
2026-07-29,11,1,10:40:00,2026-07-28T15:02:26.162867+00:00,2026-07-28T15:02:26.162867+00:00,2026-08-05T02:23:24.900591+00:00,2026-07-28T23:26:14.190836+00:00,6,SAFE-B,pre_close_creation_but_later_update_or_no_snapshot
2026-07-29,11,2,11:10:00,2026-07-28T15:02:26.162867+00:00,2026-07-28T15:02:26.162867+00:00,2026-08-05T02:23:24.900591+00:00,2026-07-28T23:26:14.190836+00:00,6,SAFE-B,pre_close_creation_but_later_update_or_no_snapshot
2026-07-29,11,3,11:40:00,2026-07-28T15:02:26.162867+00:00,2026-07-28T15:02:26.162867+00:00,2026-08-05T02:23:24.900591+00:00,2026-07-28T23:26:14.190836+00:00,6,SAFE-B,pre_close_creation_but_later_update_or_no_snapshot
2026-07-29,11,4,12:11:00,2026-07-28T15:02:26.162867+00:00,2026-07-28T15:02:26.162867+00:00,2026-08-05T02:23:24.900591+00:00,2026-07-28T23:26:14.190836+00:00,6,SAFE-B,pre_close_creation_but_later_update_or_no_snapshot
2026-07-29,11,5,12:43:00,2026-07-28T15:02:26.162867+00:00,2026-07-28T15:02:26.162867+00:00,2026-08-05T02:23:24.900591+00:00,2026-07-28T23:26:14.190836+00:00,6,SAFE-B,pre_close_creation_but_later_update_or_no_snapshot
2026-07-29,11,6,13:14:00,2026-07-28T15:02:26.162867+00:00,2026-07-28T15:02:26.786703+00:00,2026-08-05T02:23:24.032971+00:00,2026-07-28T23:26:14.190836+00:00,6,SAFE-B,pre_close_creation_but_later_update_or_no_snapshot
2026-07-29,11,7,13:45:00,2026-07-28T15:02:26.786703+00:00,2026-07-28T15:02:26.786703+00:00,2026-08-05T02:23:24.900591+00:00,2026-07-28T23:26:14.190836+00:00,6,SAFE-B,pre_close_creation_but_later_update_or_no_snapshot
2026-07-29,11,8,14:16:00,2026-07-28T15:02:26.786703+00:00,2026-07-28T15:02:26.786703+00:00,2026-08-05T02:23:24.900591+00:00,2026-07-28T23:26:14.190836+00:00,6,SAFE-B,pre_close_creation_but_later_update_or_no_snapshot
2026-07-29,11,9,14:48:00,2026-07-28T15:02:26.786703+00:00,2026-07-28T15:02:26.786703+00:00,2026-08-05T02:23:24.900591+00:00,2026-07-28T23:26:14.190836+00:00,6,SAFE-B,pre_close_creation_but_later_update_or_no_snapshot
2026-07-29,11,10,15:22:00,2026-07-28T15:02:26.786703+00:00,2026-07-28T15:02:26.786703+00:00,2026-08-05T02:23:24.900591+00:00,2026-07-28T23:26:14.190836+00:00,6,SAFE-B,pre_close_creation_but_later_update_or_no_snapshot
2026-07-29,11,11,15:58:00,2026-07-28T15:02:26.786703+00:00,2026-07-28T15:02:26.786703+00:00,2026-08-05T02:23:24.032971+00:00,2026-07-28T23:26:14.190836+00:00,6,SAFE-B,pre_close_creation_but_later_update_or_no_snapshot
2026-07-29,11,12,16:35:00,2026-07-28T15:02:26.786703+00:00,2026-07-28T15:02:26.786703+00:00,2026-08-05T02:23:24.900591+00:00,2026-07-28T23:26:14.190836+00:00,6,SAFE-B,pre_close_creation_but_later_update_or_no_snapshot
2026-07-29,15,1,15:25:00,2026-07-28T15:02:26.786703+00:00,2026-07-28T15:02:26.786703+00:00,2026-08-05T02:23:32.506996+00:00,2026-07-28T23:26:14.190836+00:00,6,SAFE-B,pre_close_creation_but_later_update_or_no_snapshot
2026-07-29,15,2,15:52:00,2026-07-28T15:02:26.786703+00:00,2026-07-28T15:02:26.786703+00:00,2026-08-05T02:23:32.506996+00:00,2026-07-28T23:26:14.190836+00:00,6,SAFE-B,pre_close_creation_but_later_update_or_no_snapshot
2026-07-29,15,3,16:21:00,2026-07-28T15:02:26.786703+00:00,2026-07-28T15:02:26.786703+00:00,2026-08-05T02:23:32.506996+00:00,2026-07-28T23:26:14.190836+00:00,6,SAFE-B,pre_close_creation_but_later_update_or_no_snapshot
2026-07-29,15,4,17:00:00,2026-07-28T15:02:26.786703+00:00,2026-07-28T15:02:26.786703+00:00,2026-08-05T02:23:32.506996+00:00,2026-07-28T23:26:14.190836+00:00,6,SAFE-B,pre_close_creation_but_later_update_or_no_snapshot
2026-07-29,15,5,17:24:00,2026-07-28T15:02:26.786703+00:00,2026-07-28T15:02:26.786703+00:00,2026-08-05T02:23:32.506996+00:00,2026-07-28T23:26:14.190836+00:00,6,SAFE-B,pre_close_creation_but_later_update_or_no_snapshot
2026-07-29,15,6,17:49:00,2026-07-28T15:02:26.786703+00:00,2026-07-28T15:02:26.786703+00:00,2026-08-05T02:23:30.871692+00:00,2026-07-28T23:26:14.190836+00:00,6,SAFE-B,pre_close_creation_but_later_update_or_no_snapshot
2026-07-29,15,7,18:14:00,2026-07-28T15:02:26.786703+00:00,2026-07-28T15:02:26.786703+00:00,2026-08-05T02:23:30.871692+00:00,2026-07-28T23:26:14.190836+00:00,6,SAFE-B,pre_close_creation_but_later_update_or_no_snapshot
2026-07-29,15,8,18:39:00,2026-07-28T15:02:26.786703+00:00,2026-07-28T15:02:26.786703+00:00,2026-08-05T02:23:32.506996+00:00,2026-07-28T23:26:14.190836+00:00,6,SAFE-B,pre_close_creation_but_later_update_or_no_snapshot
2026-07-29,15,9,19:05:00,2026-07-28T15:02:26.786703+00:00,2026-07-28T15:02:26.786703+00:00,2026-08-05T02:23:32.506996+00:00,2026-07-28T23:26:14.190836+00:00,6,SAFE-B,pre_close_creation_but_later_update_or_no_snapshot
2026-07-29,15,10,19:31:00,2026-07-28T15:02:26.786703+00:00,2026-07-28T15:02:26.786703+00:00,2026-08-05T02:23:32.506996+00:00,2026-07-28T23:26:14.190836+00:00,6,SAFE-B,pre_close_creation_but_later_update_or_no_snapshot
2026-07-29,15,11,19:59:00,2026-07-28T15:02:26.786703+00:00,2026-07-28T15:02:26.786703+00:00,2026-08-05T02:23:32.506996+00:00,2026-07-28T23:26:14.190836+00:00,6,SAFE-B,pre_close_creation_but_later_update_or_no_snapshot
2026-07-29,15,12,20:30:00,2026-07-28T15:02:26.786703+00:00,2026-07-28T15:02:26.786703+00:00,2026-08-05T02:23:30.871692+00:00,2026-07-28T23:26:14.190836+00:00,6,SAFE-B,pre_close_creation_but_later_update_or_no_snapshot
2026-07-29,16,1,11:52:00,2026-07-28T15:02:26.786703+00:00,2026-07-28T15:02:26.786703+00:00,2026-08-05T02:23:31.682911+00:00,2026-07-28T23:26:14.190836+00:00,6,SAFE-B,pre_close_creation_but_later_update_or_no_snapshot
2026-07-29,16,2,12:19:00,2026-07-28T15:02:26.786703+00:00,2026-07-28T15:02:26.786703+00:00,2026-08-05T02:23:32.506996+00:00,2026-07-28T23:26:14.190836+00:00,6,SAFE-B,pre_close_creation_but_later_update_or_no_snapshot
2026-07-29,16,3,12:51:00,2026-07-28T15:02:26.786703+00:00,2026-07-28T15:02:26.786703+00:00,2026-08-05T02:23:31.682911+00:00,2026-07-28T23:26:14.190836+00:00,6,SAFE-B,pre_close_creation_but_later_update_or_no_snapshot
2026-07-29,16,4,13:19:00,2026-07-28T15:02:26.786703+00:00,2026-07-28T15:02:26.786703+00:00,2026-08-05T02:23:33.178862+00:00,2026-07-28T23:26:14.190836+00:00,6,SAFE-B,pre_close_creation_but_later_update_or_no_snapshot
2026-07-29,16,5,13:52:00,2026-07-28T15:02:26.786703+00:00,2026-07-28T15:02:26.786703+00:00,2026-08-05T02:23:32.506996+00:00,2026-07-28T23:26:14.190836+00:00,6,SAFE-B,pre_close_creation_but_later_update_or_no_snapshot
2026-07-29,16,6,14:23:00,2026-07-28T15:02:26.786703+00:00,2026-07-28T15:02:26.786703+00:00,2026-08-05T02:23:32.506996+00:00,2026-07-28T23:26:14.190836+00:00,6,SAFE-B,pre_close_creation_but_later_update_or_no_snapshot
2026-07-29,16,7,14:50:00,2026-07-28T15:02:26.786703+00:00,2026-07-28T15:02:26.786703+00:00,2026-08-05T02:23:32.506996+00:00,2026-07-28T23:26:14.190836+00:00,6,SAFE-B,pre_close_creation_but_later_update_or_no_snapshot
2026-07-29,16,8,15:17:00,2026-07-28T15:02:26.786703+00:00,2026-07-28T15:02:26.786703+00:00,2026-08-05T02:23:31.682911+00:00,2026-07-28T23:26:14.190836+00:00,6,SAFE-B,pre_close_creation_but_later_update_or_no_snapshot
2026-07-29,16,9,15:46:00,2026-07-28T15:02:26.786703+00:00,2026-07-28T15:02:26.786703+00:00,2026-08-05T02:23:32.506996+00:00,2026-07-28T23:26:14.190836+00:00,6,SAFE-B,pre_close_creation_but_later_update_or_no_snapshot
2026-07-29,16,10,16:19:00,2026-07-28T15:02:26.786703+00:00,2026-07-28T15:02:26.786703+00:00,2026-08-05T02:23:32.506996+00:00,2026-07-28T23:26:14.190836+00:00,6,SAFE-B,pre_close_creation_but_later_update_or_no_snapshot
2026-07-29,16,11,16:58:00,2026-07-28T15:02:26.786703+00:00,2026-07-28T15:02:26.786703+00:00,2026-08-05T02:23:33.178862+00:00,2026-07-28T23:26:14.190836+00:00,6,SAFE-B,pre_close_creation_but_later_update_or_no_snapshot
2026-07-29,16,12,17:41:00,2026-07-28T15:02:26.786703+00:00,2026-07-28T15:02:26.786703+00:00,2026-08-05T02:23:31.682911+00:00,2026-07-28T23:26:14.190836+00:00,6,SAFE-B,pre_close_creation_but_later_update_or_no_snapshot
2026-07-29,17,1,10:50:00,2026-07-28T15:02:26.786703+00:00,2026-07-28T15:02:26.786703+00:00,2026-08-05T02:23:23.117206+00:00,2026-07-28T23:26:14.190836+00:00,6,SAFE-B,pre_close_creation_but_later_update_or_no_snapshot
2026-07-29,17,2,11:29:00,2026-07-28T15:02:26.786703+00:00,2026-07-28T15:02:26.786703+00:00,2026-08-05T02:23:23.117206+00:00,2026-07-28T23:26:14.190836+00:00,6,SAFE-B,pre_close_creation_but_later_update_or_no_snapshot
2026-07-29,17,3,12:01:00,2026-07-28T15:02:26.786703+00:00,2026-07-28T15:02:26.786703+00:00,2026-08-05T02:23:23.117206+00:00,2026-07-28T23:26:14.190836+00:00,6,SAFE-B,pre_close_creation_but_later_update_or_no_snapshot
2026-07-29,17,4,12:32:00,2026-07-28T15:02:26.786703+00:00,2026-07-28T15:02:26.786703+00:00,2026-08-05T02:23:21.507188+00:00,2026-07-28T23:26:14.190836+00:00,6,SAFE-B,pre_close_creation_but_later_update_or_no_snapshot
2026-07-29,17,5,13:02:00,2026-07-28T15:02:26.786703+00:00,2026-07-28T15:02:26.786703+00:00,2026-08-05T02:23:23.117206+00:00,2026-07-28T23:26:14.190836+00:00,6,SAFE-B,pre_close_creation_but_later_update_or_no_snapshot
2026-07-29,17,6,13:36:00,2026-07-28T15:02:26.786703+00:00,2026-07-28T15:02:26.786703+00:00,2026-08-05T02:23:21.507188+00:00,2026-07-28T23:26:14.190836+00:00,6,SAFE-B,pre_close_creation_but_later_update_or_no_snapshot
2026-07-29,17,7,14:04:00,2026-07-28T15:02:26.786703+00:00,2026-07-28T15:02:26.786703+00:00,2026-08-05T02:23:23.117206+00:00,2026-07-28T23:26:14.190836+00:00,6,SAFE-B,pre_close_creation_but_later_update_or_no_snapshot
2026-07-29,17,8,14:38:00,2026-07-28T15:02:26.786703+00:00,2026-07-28T15:02:26.786703+00:00,2026-08-05T02:23:23.117206+00:00,2026-07-28T23:26:14.190836+00:00,6,SAFE-B,pre_close_creation_but_later_update_or_no_snapshot
2026-07-29,17,9,15:10:00,2026-07-28T15:02:26.786703+00:00,2026-07-28T15:02:26.786703+00:00,2026-08-05T02:23:23.117206+00:00,2026-07-28T23:26:14.190836+00:00,6,SAFE-B,pre_close_creation_but_later_update_or_no_snapshot
2026-07-29,17,10,15:41:00,2026-07-28T15:02:26.786703+00:00,2026-07-28T15:02:26.786703+00:00,2026-08-05T02:23:21.507188+00:00,2026-07-28T23:26:14.190836+00:00,6,SAFE-B,pre_close_creation_but_later_update_or_no_snapshot
2026-07-29,17,11,16:14:00,2026-07-28T15:02:26.786703+00:00,2026-07-28T15:02:26.786703+00:00,2026-08-05T02:23:24.900591+00:00,2026-07-28T23:26:14.190836+00:00,6,SAFE-B,pre_close_creation_but_later_update_or_no_snapshot
2026-07-29,17,12,16:51:00,2026-07-28T15:02:26.786703+00:00,2026-07-28T15:02:27.160572+00:00,2026-08-05T02:23:21.507188+00:00,2026-07-28T23:26:14.190836+00:00,6,SAFE-B,pre_close_creation_but_later_update_or_no_snapshot
2026-07-29,18,1,08:46:00,2026-07-28T15:02:27.160572+00:00,2026-07-28T15:02:27.160572+00:00,2026-08-05T02:23:28.748692+00:00,2026-07-28T23:26:14.190836+00:00,6,SAFE-B,pre_close_creation_but_later_update_or_no_snapshot
2026-07-29,18,2,09:12:00,2026-07-28T15:02:27.160572+00:00,2026-07-28T15:02:27.160572+00:00,2026-08-05T02:23:27.698981+00:00,2026-07-28T23:26:14.190836+00:00,6,SAFE-B,pre_close_creation_but_later_update_or_no_snapshot
2026-07-29,18,3,09:38:00,2026-07-28T15:02:27.160572+00:00,2026-07-28T15:02:27.160572+00:00,2026-08-05T02:23:27.698981+00:00,2026-07-28T23:26:14.190836+00:00,6,SAFE-B,pre_close_creation_but_later_update_or_no_snapshot
2026-07-29,18,4,10:04:00,2026-07-28T15:02:27.160572+00:00,2026-07-28T15:02:27.160572+00:00,2026-08-05T02:23:27.698981+00:00,2026-07-28T23:26:14.190836+00:00,6,SAFE-B,pre_close_creation_but_later_update_or_no_snapshot
2026-07-29,18,5,10:30:00,2026-07-28T15:02:27.160572+00:00,2026-07-28T15:02:27.160572+00:00,2026-08-05T02:23:28.748692+00:00,2026-07-28T23:26:14.190836+00:00,6,SAFE-B,pre_close_creation_but_later_update_or_no_snapshot
2026-07-29,18,6,11:00:00,2026-07-28T15:02:27.160572+00:00,2026-07-28T15:02:27.160572+00:00,2026-08-05T02:23:26.610291+00:00,2026-07-28T23:26:14.190836+00:00,6,SAFE-B,pre_close_creation_but_later_update_or_no_snapshot
2026-07-29,18,7,11:31:00,2026-07-28T15:02:27.160572+00:00,2026-07-28T15:02:27.160572+00:00,2026-08-05T02:23:28.748692+00:00,2026-07-28T23:26:14.190836+00:00,6,SAFE-B,pre_close_creation_but_later_update_or_no_snapshot
2026-07-29,18,8,12:03:00,2026-07-28T15:02:27.160572+00:00,2026-07-28T15:02:27.160572+00:00,2026-08-05T02:23:26.610291+00:00,2026-07-28T23:26:14.190836+00:00,6,SAFE-B,pre_close_creation_but_later_update_or_no_snapshot
2026-07-29,18,9,12:34:00,2026-07-28T15:02:27.160572+00:00,2026-07-28T15:02:27.160572+00:00,2026-08-05T02:23:26.610291+00:00,2026-07-28T23:26:14.190836+00:00,6,SAFE-B,pre_close_creation_but_later_update_or_no_snapshot
2026-07-29,18,10,13:04:00,2026-07-28T15:02:27.160572+00:00,2026-07-28T15:02:27.160572+00:00,2026-08-05T02:23:27.698981+00:00,2026-07-28T23:26:14.190836+00:00,6,SAFE-B,pre_close_creation_but_later_update_or_no_snapshot
2026-07-29,18,11,13:39:00,2026-07-28T15:02:27.160572+00:00,2026-07-28T15:02:27.160572+00:00,2026-08-05T02:23:26.610291+00:00,2026-07-28T23:26:14.190836+00:00,6,SAFE-B,pre_close_creation_but_later_update_or_no_snapshot
2026-07-29,18,12,14:13:00,2026-07-28T15:02:27.160572+00:00,2026-07-28T15:02:27.160572+00:00,2026-08-05T02:23:28.748692+00:00,2026-07-28T23:26:14.190836+00:00,6,SAFE-B,pre_close_creation_but_later_update_or_no_snapshot
2026-07-29,19,1,15:30:00,2026-07-28T15:02:27.160572+00:00,2026-07-28T15:02:27.160572+00:00,2026-08-05T02:23:24.900591+00:00,2026-07-28T23:26:14.190836+00:00,6,SAFE-B,pre_close_creation_but_later_update_or_no_snapshot
2026-07-29,19,2,16:10:00,2026-07-28T15:02:27.160572+00:00,2026-07-28T15:02:27.160572+00:00,2026-08-05T02:23:24.900591+00:00,2026-07-28T23:26:14.190836+00:00,6,SAFE-B,pre_close_creation_but_later_update_or_no_snapshot
2026-07-29,19,3,16:47:00,2026-07-28T15:02:27.160572+00:00,2026-07-28T15:02:27.160572+00:00,2026-08-05T02:23:24.032971+00:00,2026-07-28T23:26:14.190836+00:00,6,SAFE-B,pre_close_creation_but_later_update_or_no_snapshot
2026-07-29,19,4,17:18:00,2026-07-28T15:02:27.160572+00:00,2026-07-28T15:02:27.160572+00:00,2026-08-05T02:23:24.900591+00:00,2026-07-28T23:26:14.190836+00:00,6,SAFE-B,pre_close_creation_but_later_update_or_no_snapshot
2026-07-29,19,5,17:43:00,2026-07-28T15:02:27.160572+00:00,2026-07-28T15:02:27.160572+00:00,2026-08-05T02:23:24.900591+00:00,2026-07-28T23:26:14.190836+00:00,6,SAFE-B,pre_close_creation_but_later_update_or_no_snapshot
2026-07-29,19,6,18:08:00,2026-07-28T15:02:27.160572+00:00,2026-07-28T15:02:27.160572+00:00,2026-08-05T02:23:24.900591+00:00,2026-07-28T23:26:14.190836+00:00,6,SAFE-B,pre_close_creation_but_later_update_or_no_snapshot
2026-07-29,19,7,18:33:00,2026-07-28T15:02:27.160572+00:00,2026-07-28T15:02:27.160572+00:00,2026-08-05T02:23:24.900591+00:00,2026-07-28T23:26:14.190836+00:00,6,SAFE-B,pre_close_creation_but_later_update_or_no_snapshot
2026-07-29,19,8,18:58:00,2026-07-28T15:02:27.160572+00:00,2026-07-28T15:02:27.160572+00:00,2026-08-05T02:23:24.900591+00:00,2026-07-28T23:26:14.190836+00:00,6,SAFE-B,pre_close_creation_but_later_update_or_no_snapshot
2026-07-29,19,9,19:24:00,2026-07-28T15:02:27.160572+00:00,2026-07-28T15:02:27.160572+00:00,2026-08-05T02:23:24.900591+00:00,2026-07-28T23:26:14.190836+00:00,6,SAFE-B,pre_close_creation_but_later_update_or_no_snapshot
2026-07-29,19,10,19:50:00,2026-07-28T15:02:27.160572+00:00,2026-07-28T15:02:27.160572+00:00,2026-08-05T02:23:24.900591+00:00,2026-07-28T23:26:14.190836+00:00,6,SAFE-B,pre_close_creation_but_later_update_or_no_snapshot
2026-07-29,19,11,20:17:00,2026-07-28T15:02:27.160572+00:00,2026-07-28T15:02:27.160572+00:00,2026-08-05T02:23:24.900591+00:00,2026-07-28T23:26:14.190836+00:00,6,SAFE-B,pre_close_creation_but_later_update_or_no_snapshot
2026-07-29,19,12,20:45:00,2026-07-28T15:02:27.160572+00:00,2026-07-28T15:02:27.160572+00:00,2026-08-05T02:23:24.900591+00:00,2026-07-28T23:26:14.190836+00:00,6,SAFE-B,pre_close_creation_but_later_update_or_no_snapshot
2026-07-29,20,1,15:28:00,2026-07-28T15:02:27.160572+00:00,2026-07-28T15:02:27.160572+00:00,2026-08-05T02:23:24.900591+00:00,2026-07-28T23:26:14.190836+00:00,6,SAFE-B,pre_close_creation_but_later_update_or_no_snapshot
2026-07-29,20,2,16:02:00,2026-07-28T15:02:27.160572+00:00,2026-07-28T15:02:27.160572+00:00,2026-08-05T02:23:24.900591+00:00,2026-07-28T23:26:14.190836+00:00,6,SAFE-B,pre_close_creation_but_later_update_or_no_snapshot
2026-07-29,20,3,16:38:00,2026-07-28T15:02:27.160572+00:00,2026-07-28T15:02:27.160572+00:00,2026-08-05T02:23:24.032971+00:00,2026-07-28T23:26:14.190836+00:00,6,SAFE-B,pre_close_creation_but_later_update_or_no_snapshot
2026-07-29,20,4,17:13:00,2026-07-28T15:02:27.160572+00:00,2026-07-28T15:02:27.160572+00:00,2026-08-05T02:23:24.900591+00:00,2026-07-28T23:26:14.190836+00:00,6,SAFE-B,pre_close_creation_but_later_update_or_no_snapshot
2026-07-29,20,5,17:37:00,2026-07-28T15:02:27.160572+00:00,2026-07-28T15:02:27.160572+00:00,2026-08-05T02:23:24.900591+00:00,2026-07-28T23:26:14.190836+00:00,6,SAFE-B,pre_close_creation_but_later_update_or_no_snapshot
2026-07-29,20,6,18:02:00,2026-07-28T15:02:27.160572+00:00,2026-07-28T15:02:27.160572+00:00,2026-08-05T02:23:24.900591+00:00,2026-07-28T23:26:14.190836+00:00,6,SAFE-B,pre_close_creation_but_later_update_or_no_snapshot
2026-07-29,20,7,18:27:00,2026-07-28T15:02:27.160572+00:00,2026-07-28T15:02:27.160572+00:00,2026-08-05T02:23:24.900591+00:00,2026-07-28T23:26:14.190836+00:00,6,SAFE-B,pre_close_creation_but_later_update_or_no_snapshot
2026-07-29,20,8,18:52:00,2026-07-28T15:02:27.160572+00:00,2026-07-28T15:02:27.160572+00:00,2026-08-05T02:23:24.900591+00:00,2026-07-28T23:26:14.190836+00:00,6,SAFE-B,pre_close_creation_but_later_update_or_no_snapshot
2026-07-29,20,9,19:18:00,2026-07-28T15:02:27.160572+00:00,2026-07-28T15:02:27.160572+00:00,2026-08-05T02:23:24.900591+00:00,2026-07-28T23:26:14.190836+00:00,6,SAFE-B,pre_close_creation_but_later_update_or_no_snapshot
2026-07-29,20,10,19:44:00,2026-07-28T15:02:27.160572+00:00,2026-07-28T15:02:27.160572+00:00,2026-08-05T02:23:24.900591+00:00,2026-07-28T23:26:14.190836+00:00,6,SAFE-B,pre_close_creation_but_later_update_or_no_snapshot
2026-07-29,20,11,20:11:00,2026-07-28T15:02:27.160572+00:00,2026-07-28T15:02:27.160572+00:00,2026-08-05T02:23:24.900591+00:00,2026-07-28T23:26:14.190836+00:00,6,SAFE-B,pre_close_creation_but_later_update_or_no_snapshot
2026-07-29,20,12,20:41:00,2026-07-28T15:02:27.160572+00:00,2026-07-28T15:02:27.160572+00:00,2026-08-05T02:23:24.900591+00:00,2026-07-28T23:26:14.190836+00:00,6,SAFE-B,pre_close_creation_but_later_update_or_no_snapshot
2026-07-29,22,1,12:27:00,2026-07-28T15:02:27.160572+00:00,2026-07-28T15:02:27.160572+00:00,2026-08-05T02:23:24.900591+00:00,2026-07-28T23:26:14.190836+00:00,6,SAFE-B,pre_close_creation_but_later_update_or_no_snapshot
2026-07-29,22,2,12:55:00,2026-07-28T15:02:27.160572+00:00,2026-07-28T15:02:27.160572+00:00,2026-08-05T02:23:24.900591+00:00,2026-07-28T23:26:14.190836+00:00,6,SAFE-B,pre_close_creation_but_later_update_or_no_snapshot
2026-07-29,22,3,13:27:00,2026-07-28T15:02:27.160572+00:00,2026-07-28T15:02:27.160572+00:00,2026-08-05T02:23:24.900591+00:00,2026-07-28T23:26:14.190836+00:00,6,SAFE-B,pre_close_creation_but_later_update_or_no_snapshot
2026-07-29,22,4,14:01:00,2026-07-28T15:02:27.160572+00:00,2026-07-28T15:02:27.160572+00:00,2026-08-05T02:23:24.900591+00:00,2026-07-28T23:26:14.190836+00:00,6,SAFE-B,pre_close_creation_but_later_update_or_no_snapshot
2026-07-29,22,5,14:30:00,2026-07-28T15:02:27.160572+00:00,2026-07-28T15:02:27.160572+00:00,2026-08-05T02:23:24.900591+00:00,2026-07-28T23:26:14.190836+00:00,6,SAFE-B,pre_close_creation_but_later_update_or_no_snapshot
2026-07-29,22,6,15:02:00,2026-07-28T15:02:27.484943+00:00,2026-07-28T15:02:27.484943+00:00,2026-08-05T02:23:24.900591+00:00,2026-07-28T23:26:14.190836+00:00,6,SAFE-B,pre_close_creation_but_later_update_or_no_snapshot
2026-07-29,22,7,15:34:00,2026-07-28T15:02:27.484943+00:00,2026-07-28T15:02:27.484943+00:00,2026-08-05T02:23:24.900591+00:00,2026-07-28T23:26:14.190836+00:00,6,SAFE-B,pre_close_creation_but_later_update_or_no_snapshot
2026-07-29,22,8,16:08:00,2026-07-28T15:02:27.484943+00:00,2026-07-28T15:02:27.484943+00:00,2026-08-05T02:23:24.900591+00:00,2026-07-28T23:26:14.190836+00:00,6,SAFE-B,pre_close_creation_but_later_update_or_no_snapshot
2026-07-29,22,9,16:33:00,2026-07-28T15:02:27.484943+00:00,2026-07-28T15:02:27.484943+00:00,2026-08-05T02:23:24.032971+00:00,2026-07-28T23:26:14.190836+00:00,6,SAFE-B,pre_close_creation_but_later_update_or_no_snapshot
2026-07-29,22,10,17:03:00,2026-07-28T15:02:27.484943+00:00,2026-07-28T15:02:27.484943+00:00,2026-08-05T02:23:24.900591+00:00,2026-07-28T23:26:14.190836+00:00,6,SAFE-B,pre_close_creation_but_later_update_or_no_snapshot
2026-07-29,22,11,17:29:00,2026-07-28T15:02:27.484943+00:00,2026-07-28T15:02:27.484943+00:00,2026-08-05T02:23:24.900591+00:00,2026-07-28T23:26:14.190836+00:00,6,SAFE-B,pre_close_creation_but_later_update_or_no_snapshot
2026-07-29,22,12,18:00:00,2026-07-28T15:02:27.484943+00:00,2026-07-28T15:02:27.484943+00:00,2026-08-05T02:23:24.900591+00:00,2026-07-28T23:26:14.190836+00:00,6,SAFE-B,pre_close_creation_but_later_update_or_no_snapshot
2026-07-29,23,1,08:39:00,2026-07-28T15:02:27.484943+00:00,2026-07-28T15:02:27.484943+00:00,2026-08-05T02:23:23.117206+00:00,2026-07-28T23:26:14.190836+00:00,6,SAFE-B,pre_close_creation_but_later_update_or_no_snapshot
2026-07-29,23,2,09:05:00,2026-07-28T15:02:27.484943+00:00,2026-07-28T15:02:27.484943+00:00,2026-08-05T02:23:23.117206+00:00,2026-07-28T23:26:14.190836+00:00,6,SAFE-B,pre_close_creation_but_later_update_or_no_snapshot
2026-07-29,23,3,09:31:00,2026-07-28T15:02:27.484943+00:00,2026-07-28T15:02:27.484943+00:00,2026-08-05T02:23:21.507188+00:00,2026-07-28T23:26:14.190836+00:00,6,SAFE-B,pre_close_creation_but_later_update_or_no_snapshot
2026-07-29,23,4,09:57:00,2026-07-28T15:02:27.484943+00:00,2026-07-28T15:02:27.484943+00:00,2026-08-05T02:23:21.507188+00:00,2026-07-28T23:26:14.190836+00:00,6,SAFE-B,pre_close_creation_but_later_update_or_no_snapshot
2026-07-29,23,5,10:23:00,2026-07-28T15:02:27.484943+00:00,2026-07-28T15:02:27.484943+00:00,2026-08-05T02:23:21.507188+00:00,2026-07-28T23:26:14.190836+00:00,6,SAFE-B,pre_close_creation_but_later_update_or_no_snapshot
2026-07-29,23,6,10:52:00,2026-07-28T15:02:27.484943+00:00,2026-07-28T15:02:27.484943+00:00,2026-08-05T02:23:21.507188+00:00,2026-07-28T23:26:14.190836+00:00,6,SAFE-B,pre_close_creation_but_later_update_or_no_snapshot
2026-07-29,23,7,11:20:00,2026-07-28T15:02:27.484943+00:00,2026-07-28T15:02:27.484943+00:00,2026-08-05T02:23:21.507188+00:00,2026-07-28T23:26:14.190836+00:00,6,SAFE-B,pre_close_creation_but_later_update_or_no_snapshot
2026-07-29,23,8,11:49:00,2026-07-28T15:02:27.484943+00:00,2026-07-28T15:02:27.484943+00:00,2026-08-05T02:23:21.507188+00:00,2026-07-28T23:26:14.190836+00:00,6,SAFE-B,pre_close_creation_but_later_update_or_no_snapshot
2026-07-29,23,9,12:21:00,2026-07-28T15:02:27.484943+00:00,2026-07-28T15:02:27.484943+00:00,2026-08-05T02:23:21.507188+00:00,2026-07-28T23:26:14.190836+00:00,6,SAFE-B,pre_close_creation_but_later_update_or_no_snapshot
2026-07-29,23,10,12:57:00,2026-07-28T15:02:27.484943+00:00,2026-07-28T15:02:27.484943+00:00,2026-08-05T02:23:21.507188+00:00,2026-07-28T23:26:14.190836+00:00,6,SAFE-B,pre_close_creation_but_later_update_or_no_snapshot
2026-07-29,23,11,13:30:00,2026-07-28T15:02:27.484943+00:00,2026-07-28T15:02:27.484943+00:00,2026-08-05T02:23:23.117206+00:00,2026-07-28T23:26:14.190836+00:00,6,SAFE-B,pre_close_creation_but_later_update_or_no_snapshot
2026-07-29,23,12,14:06:00,2026-07-28T15:02:27.484943+00:00,2026-07-28T15:02:27.484943+00:00,2026-08-05T02:23:23.117206+00:00,2026-07-28T23:26:14.190836+00:00,6,SAFE-B,pre_close_creation_but_later_update_or_no_snapshot
2026-07-29,24,1,15:19:00,2026-07-28T15:02:27.484943+00:00,2026-07-28T15:02:27.484943+00:00,2026-08-05T02:23:24.900591+00:00,2026-07-28T23:26:14.190836+00:00,6,SAFE-B,pre_close_creation_but_later_update_or_no_snapshot
2026-07-29,24,2,15:55:00,2026-07-28T15:02:27.484943+00:00,2026-07-28T15:02:27.484943+00:00,2026-08-05T02:23:24.900591+00:00,2026-07-28T23:26:14.190836+00:00,6,SAFE-B,pre_close_creation_but_later_update_or_no_snapshot
2026-07-29,24,3,16:30:00,2026-07-28T15:02:27.484943+00:00,2026-07-28T15:02:27.484943+00:00,2026-08-05T02:23:24.900591+00:00,2026-07-28T23:26:14.190836+00:00,6,SAFE-B,pre_close_creation_but_later_update_or_no_snapshot
2026-07-29,24,4,17:06:00,2026-07-28T15:02:27.484943+00:00,2026-07-28T15:02:27.484943+00:00,2026-08-05T02:23:24.900591+00:00,2026-07-28T23:26:14.190836+00:00,6,SAFE-B,pre_close_creation_but_later_update_or_no_snapshot
2026-07-29,24,5,17:31:00,2026-07-28T15:02:27.484943+00:00,2026-07-28T15:02:27.484943+00:00,2026-08-05T02:23:24.900591+00:00,2026-07-28T23:26:14.190836+00:00,6,SAFE-B,pre_close_creation_but_later_update_or_no_snapshot
2026-07-29,24,6,17:56:00,2026-07-28T15:02:27.484943+00:00,2026-07-28T15:02:27.484943+00:00,2026-08-05T02:23:24.900591+00:00,2026-07-28T23:26:14.190836+00:00,6,SAFE-B,pre_close_creation_but_later_update_or_no_snapshot
2026-07-29,24,7,18:21:00,2026-07-28T15:02:27.484943+00:00,2026-07-28T15:02:27.484943+00:00,2026-08-05T02:23:24.900591+00:00,2026-07-28T23:26:14.190836+00:00,6,SAFE-B,pre_close_creation_but_later_update_or_no_snapshot
2026-07-29,24,8,18:46:00,2026-07-28T15:02:27.484943+00:00,2026-07-28T15:02:27.484943+00:00,2026-08-05T02:23:24.900591+00:00,2026-07-28T23:26:14.190836+00:00,6,SAFE-B,pre_close_creation_but_later_update_or_no_snapshot
2026-07-29,24,9,19:12:00,2026-07-28T15:02:27.484943+00:00,2026-07-28T15:02:27.484943+00:00,2026-08-05T02:23:24.900591+00:00,2026-07-28T23:26:14.190836+00:00,6,SAFE-B,pre_close_creation_but_later_update_or_no_snapshot
2026-07-29,24,10,19:38:00,2026-07-28T15:02:27.484943+00:00,2026-07-28T15:02:27.484943+00:00,2026-08-05T02:23:24.900591+00:00,2026-07-28T23:26:14.190836+00:00,6,SAFE-B,pre_close_creation_but_later_update_or_no_snapshot
2026-07-29,24,11,20:06:00,2026-07-28T15:02:27.484943+00:00,2026-07-28T15:02:27.484943+00:00,2026-08-05T02:23:24.900591+00:00,2026-07-28T23:26:14.190836+00:00,6,SAFE-B,pre_close_creation_but_later_update_or_no_snapshot
2026-07-29,24,12,20:37:00,2026-07-28T15:02:27.484943+00:00,2026-07-28T15:02:27.484943+00:00,2026-08-05T02:23:24.900591+00:00,2026-07-28T23:26:14.190836+00:00,6,SAFE-B,pre_close_creation_but_later_update_or_no_snapshot
2026-07-30,4,1,11:54:00,2026-07-29T15:02:15.707698+00:00,2026-07-29T15:02:15.707698+00:00,2026-08-05T02:24:16.552251+00:00,,6,SAFE-B,pre_close_creation_but_later_update_or_no_snapshot
2026-07-30,4,2,12:23:00,2026-07-29T15:02:15.707698+00:00,2026-07-29T15:02:15.707698+00:00,2026-08-05T02:24:17.371098+00:00,,6,SAFE-B,pre_close_creation_but_later_update_or_no_snapshot
2026-07-30,4,3,12:53:00,2026-07-29T15:02:15.707698+00:00,2026-07-29T15:02:15.707698+00:00,2026-08-05T02:24:16.552251+00:00,,6,SAFE-B,pre_close_creation_but_later_update_or_no_snapshot
2026-07-30,4,4,13:23:00,2026-07-29T15:02:15.707698+00:00,2026-07-29T15:02:15.707698+00:00,2026-08-05T02:24:17.371098+00:00,,6,SAFE-B,pre_close_creation_but_later_update_or_no_snapshot
2026-07-30,4,5,13:54:00,2026-07-29T15:02:15.707698+00:00,2026-07-29T15:02:15.707698+00:00,2026-08-05T02:24:16.552251+00:00,,6,SAFE-B,pre_close_creation_but_later_update_or_no_snapshot
2026-07-30,4,6,14:25:00,2026-07-29T15:02:15.707698+00:00,2026-07-29T15:02:15.707698+00:00,2026-08-05T02:24:16.552251+00:00,,6,SAFE-B,pre_close_creation_but_later_update_or_no_snapshot
2026-07-30,4,7,14:57:00,2026-07-29T15:02:15.707698+00:00,2026-07-29T15:02:15.707698+00:00,2026-08-05T02:24:17.371098+00:00,,6,SAFE-B,pre_close_creation_but_later_update_or_no_snapshot
2026-07-30,4,8,15:30:00,2026-07-29T15:02:15.707698+00:00,2026-07-29T15:02:15.707698+00:00,2026-08-05T02:24:17.371098+00:00,,6,SAFE-B,pre_close_creation_but_later_update_or_no_snapshot
2026-07-30,4,9,16:05:00,2026-07-29T15:02:15.707698+00:00,2026-07-29T15:02:15.707698+00:00,2026-08-05T02:24:18.146322+00:00,,6,SAFE-B,pre_close_creation_but_later_update_or_no_snapshot
2026-07-30,4,10,16:42:00,2026-07-29T15:02:15.707698+00:00,2026-07-29T15:02:15.707698+00:00,2026-08-05T02:24:17.371098+00:00,,6,SAFE-B,pre_close_creation_but_later_update_or_no_snapshot
2026-07-30,4,11,17:11:00,2026-07-29T15:02:15.707698+00:00,2026-07-29T15:02:15.707698+00:00,2026-08-05T02:24:16.552251+00:00,,6,SAFE-B,pre_close_creation_but_later_update_or_no_snapshot
2026-07-30,4,12,17:45:00,2026-07-29T15:02:15.707698+00:00,2026-07-29T15:02:15.707698+00:00,2026-08-05T02:24:18.146322+00:00,,6,SAFE-B,pre_close_creation_but_later_update_or_no_snapshot
2026-07-30,8,1,10:42:00,2026-07-29T15:02:15.707698+00:00,2026-07-29T15:02:15.707698+00:00,2026-08-05T02:24:23.132071+00:00,,6,SAFE-B,pre_close_creation_but_later_update_or_no_snapshot
2026-07-30,8,2,11:08:00,2026-07-29T15:02:15.707698+00:00,2026-07-29T15:02:15.707698+00:00,2026-08-05T02:24:23.132071+00:00,,6,SAFE-B,pre_close_creation_but_later_update_or_no_snapshot
2026-07-30,8,3,11:37:00,2026-07-29T15:02:15.707698+00:00,2026-07-29T15:02:15.707698+00:00,2026-08-05T02:24:24.720665+00:00,,6,SAFE-B,pre_close_creation_but_later_update_or_no_snapshot
2026-07-30,8,4,12:08:00,2026-07-29T15:02:15.707698+00:00,2026-07-29T15:02:15.707698+00:00,2026-08-05T02:24:24.720665+00:00,,6,SAFE-B,pre_close_creation_but_later_update_or_no_snapshot
2026-07-30,8,5,12:39:00,2026-07-29T15:02:15.707698+00:00,2026-07-29T15:02:15.707698+00:00,2026-08-05T02:24:24.720665+00:00,,6,SAFE-B,pre_close_creation_but_later_update_or_no_snapshot
2026-07-30,8,6,13:10:00,2026-07-29T15:02:15.707698+00:00,2026-07-29T15:02:15.707698+00:00,2026-08-05T02:24:24.720665+00:00,,6,SAFE-B,pre_close_creation_but_later_update_or_no_snapshot
2026-07-30,8,7,13:43:00,2026-07-29T15:02:15.707698+00:00,2026-07-29T15:02:15.707698+00:00,2026-08-05T02:24:23.132071+00:00,,6,SAFE-B,pre_close_creation_but_later_update_or_no_snapshot
2026-07-30,8,8,14:11:00,2026-07-29T15:02:15.707698+00:00,2026-07-29T15:02:15.707698+00:00,2026-08-05T02:24:24.050839+00:00,,6,SAFE-B,pre_close_creation_but_later_update_or_no_snapshot
2026-07-30,8,9,14:38:00,2026-07-29T15:02:15.707698+00:00,2026-07-29T15:02:15.707698+00:00,2026-08-05T02:24:24.720665+00:00,,6,SAFE-B,pre_close_creation_but_later_update_or_no_snapshot
2026-07-30,8,10,15:05:00,2026-07-29T15:02:15.707698+00:00,2026-07-29T15:02:15.707698+00:00,2026-08-05T02:24:24.720665+00:00,,6,SAFE-B,pre_close_creation_but_later_update_or_no_snapshot
2026-07-30,8,11,15:37:00,2026-07-29T15:02:15.707698+00:00,2026-07-29T15:02:15.707698+00:00,2026-08-05T02:24:24.720665+00:00,,6,SAFE-B,pre_close_creation_but_later_update_or_no_snapshot
2026-07-30,8,12,16:16:00,2026-07-29T15:02:15.707698+00:00,2026-07-29T15:02:15.707698+00:00,2026-08-05T02:24:24.720665+00:00,,6,SAFE-B,pre_close_creation_but_later_update_or_no_snapshot
2026-07-30,10,1,08:32:00,2026-07-29T15:02:15.707698+00:00,2026-07-29T15:02:15.707698+00:00,2026-08-05T02:24:16.552251+00:00,,6,SAFE-B,pre_close_creation_but_later_update_or_no_snapshot
2026-07-30,10,2,08:58:00,2026-07-29T15:02:15.707698+00:00,2026-07-29T15:02:15.707698+00:00,2026-08-05T02:24:17.371098+00:00,,6,SAFE-B,pre_close_creation_but_later_update_or_no_snapshot
2026-07-30,10,3,09:24:00,2026-07-29T15:02:15.707698+00:00,2026-07-29T15:02:15.707698+00:00,2026-08-05T02:24:17.371098+00:00,,6,SAFE-B,pre_close_creation_but_later_update_or_no_snapshot
2026-07-30,10,4,09:50:00,2026-07-29T15:02:15.707698+00:00,2026-07-29T15:02:15.707698+00:00,2026-08-05T02:24:16.552251+00:00,,6,SAFE-B,pre_close_creation_but_later_update_or_no_snapshot
2026-07-30,10,5,10:16:00,2026-07-29T15:02:15.707698+00:00,2026-07-29T15:02:15.707698+00:00,2026-08-05T02:24:17.371098+00:00,,6,SAFE-B,pre_close_creation_but_later_update_or_no_snapshot
2026-07-30,10,6,10:44:00,2026-07-29T15:02:15.707698+00:00,2026-07-29T15:02:15.707698+00:00,2026-08-05T02:24:16.552251+00:00,,6,SAFE-B,pre_close_creation_but_later_update_or_no_snapshot
2026-07-30,10,7,11:14:00,2026-07-29T15:02:15.707698+00:00,2026-07-29T15:02:15.707698+00:00,2026-08-05T02:24:16.552251+00:00,,6,SAFE-B,pre_close_creation_but_later_update_or_no_snapshot
2026-07-30,10,8,11:44:00,2026-07-29T15:02:15.707698+00:00,2026-07-29T15:02:15.707698+00:00,2026-08-05T02:24:16.552251+00:00,,6,SAFE-B,pre_close_creation_but_later_update_or_no_snapshot
2026-07-30,10,9,12:14:00,2026-07-29T15:02:15.707698+00:00,2026-07-29T15:02:15.707698+00:00,2026-08-05T02:24:16.552251+00:00,,6,SAFE-B,pre_close_creation_but_later_update_or_no_snapshot
2026-07-30,10,10,12:47:00,2026-07-29T15:02:15.707698+00:00,2026-07-29T15:02:15.707698+00:00,2026-08-05T02:24:17.371098+00:00,,6,SAFE-B,pre_close_creation_but_later_update_or_no_snapshot
2026-07-30,10,11,13:20:00,2026-07-29T15:02:15.707698+00:00,2026-07-29T15:02:15.707698+00:00,2026-08-05T02:24:18.146322+00:00,,6,SAFE-B,pre_close_creation_but_later_update_or_no_snapshot
2026-07-30,10,12,13:58:00,2026-07-29T15:02:15.707698+00:00,2026-07-29T15:02:15.707698+00:00,2026-08-05T02:24:18.146322+00:00,,6,SAFE-B,pre_close_creation_but_later_update_or_no_snapshot
2026-07-30,11,1,10:40:00,2026-07-29T15:02:15.707698+00:00,2026-07-29T15:02:15.707698+00:00,2026-08-05T02:24:16.552251+00:00,,6,SAFE-B,pre_close_creation_but_later_update_or_no_snapshot
2026-07-30,11,2,11:10:00,2026-07-29T15:02:15.707698+00:00,2026-07-29T15:02:15.707698+00:00,2026-08-05T02:24:17.371098+00:00,,6,SAFE-B,pre_close_creation_but_later_update_or_no_snapshot
2026-07-30,11,3,11:40:00,2026-07-29T15:02:15.707698+00:00,2026-07-29T15:02:15.707698+00:00,2026-08-05T02:24:16.552251+00:00,,6,SAFE-B,pre_close_creation_but_later_update_or_no_snapshot
2026-07-30,11,4,12:11:00,2026-07-29T15:02:15.707698+00:00,2026-07-29T15:02:15.707698+00:00,2026-08-05T02:24:16.552251+00:00,,6,SAFE-B,pre_close_creation_but_later_update_or_no_snapshot
2026-07-30,11,5,12:43:00,2026-07-29T15:02:15.707698+00:00,2026-07-29T15:02:15.707698+00:00,2026-08-05T02:24:18.146322+00:00,,6,SAFE-B,pre_close_creation_but_later_update_or_no_snapshot
2026-07-30,11,6,13:14:00,2026-07-29T15:02:15.707698+00:00,2026-07-29T15:02:16.779676+00:00,2026-08-05T02:24:18.146322+00:00,,6,SAFE-B,pre_close_creation_but_later_update_or_no_snapshot
2026-07-30,11,7,13:45:00,2026-07-29T15:02:16.779676+00:00,2026-07-29T15:02:16.779676+00:00,2026-08-05T02:24:16.552251+00:00,,6,SAFE-B,pre_close_creation_but_later_update_or_no_snapshot
2026-07-30,11,8,14:16:00,2026-07-29T15:02:16.779676+00:00,2026-07-29T15:02:16.779676+00:00,2026-08-05T02:24:18.146322+00:00,,6,SAFE-B,pre_close_creation_but_later_update_or_no_snapshot
2026-07-30,11,9,14:48:00,2026-07-29T15:02:16.779676+00:00,2026-07-29T15:02:16.779676+00:00,2026-08-05T02:24:17.371098+00:00,,6,SAFE-B,pre_close_creation_but_later_update_or_no_snapshot
2026-07-30,11,10,15:22:00,2026-07-29T15:02:16.779676+00:00,2026-07-29T15:02:16.779676+00:00,2026-08-05T02:24:18.146322+00:00,,6,SAFE-B,pre_close_creation_but_later_update_or_no_snapshot
2026-07-30,11,11,15:58:00,2026-07-29T15:02:16.779676+00:00,2026-07-29T15:02:16.779676+00:00,2026-08-05T02:24:18.146322+00:00,,6,SAFE-B,pre_close_creation_but_later_update_or_no_snapshot
2026-07-30,11,12,16:35:00,2026-07-29T15:02:16.779676+00:00,2026-07-29T15:02:16.779676+00:00,2026-08-05T02:24:17.371098+00:00,,6,SAFE-B,pre_close_creation_but_later_update_or_no_snapshot
2026-07-30,15,1,15:28:00,2026-07-29T15:02:16.779676+00:00,2026-07-29T15:02:16.779676+00:00,2026-08-05T02:24:24.050839+00:00,,6,SAFE-B,pre_close_creation_but_later_update_or_no_snapshot
2026-07-30,15,2,15:52:00,2026-07-29T15:02:16.779676+00:00,2026-07-29T15:02:16.779676+00:00,2026-08-05T02:24:24.050839+00:00,,6,SAFE-B,pre_close_creation_but_later_update_or_no_snapshot
2026-07-30,15,3,16:23:00,2026-07-29T15:02:16.779676+00:00,2026-07-29T15:02:16.779676+00:00,2026-08-05T02:24:22.398453+00:00,,6,SAFE-B,pre_close_creation_but_later_update_or_no_snapshot
2026-07-30,15,4,17:00:00,2026-07-29T15:02:16.779676+00:00,2026-07-29T15:02:16.779676+00:00,2026-08-05T02:24:22.398453+00:00,,6,SAFE-B,pre_close_creation_but_later_update_or_no_snapshot
2026-07-30,15,5,17:25:00,2026-07-29T15:02:16.779676+00:00,2026-07-29T15:02:16.779676+00:00,2026-08-05T02:24:22.398453+00:00,,6,SAFE-B,pre_close_creation_but_later_update_or_no_snapshot
2026-07-30,15,6,17:50:00,2026-07-29T15:02:16.779676+00:00,2026-07-29T15:02:16.779676+00:00,2026-08-05T02:24:22.398453+00:00,,6,SAFE-B,pre_close_creation_but_later_update_or_no_snapshot
2026-07-30,15,7,18:15:00,2026-07-29T15:02:16.779676+00:00,2026-07-29T15:02:16.779676+00:00,2026-08-05T02:24:22.398453+00:00,,6,SAFE-B,pre_close_creation_but_later_update_or_no_snapshot
2026-07-30,15,8,18:40:00,2026-07-29T15:02:16.779676+00:00,2026-07-29T15:02:16.779676+00:00,2026-08-05T02:24:24.050839+00:00,,6,SAFE-B,pre_close_creation_but_later_update_or_no_snapshot
2026-07-30,15,9,19:06:00,2026-07-29T15:02:16.779676+00:00,2026-07-29T15:02:16.779676+00:00,2026-08-05T02:24:24.050839+00:00,,6,SAFE-B,pre_close_creation_but_later_update_or_no_snapshot
2026-07-30,15,10,19:33:00,2026-07-29T15:02:16.779676+00:00,2026-07-29T15:02:16.779676+00:00,2026-08-05T02:24:24.050839+00:00,,6,SAFE-B,pre_close_creation_but_later_update_or_no_snapshot
2026-07-30,15,11,20:00:00,2026-07-29T15:02:16.779676+00:00,2026-07-29T15:02:16.779676+00:00,2026-08-05T02:24:24.050839+00:00,,6,SAFE-B,pre_close_creation_but_later_update_or_no_snapshot
2026-07-30,15,12,20:30:00,2026-07-29T15:02:16.779676+00:00,2026-07-29T15:02:16.779676+00:00,2026-08-05T02:24:22.398453+00:00,,6,SAFE-B,pre_close_creation_but_later_update_or_no_snapshot
2026-07-30,16,1,11:59:00,2026-07-29T15:02:16.779676+00:00,2026-07-29T15:02:16.779676+00:00,2026-08-05T02:24:23.132071+00:00,,6,SAFE-B,pre_close_creation_but_later_update_or_no_snapshot
2026-07-30,16,2,12:30:00,2026-07-29T15:02:16.779676+00:00,2026-07-29T15:02:16.779676+00:00,2026-08-05T02:24:24.050839+00:00,,6,SAFE-B,pre_close_creation_but_later_update_or_no_snapshot
2026-07-30,16,3,13:03:00,2026-07-29T15:02:16.779676+00:00,2026-07-29T15:02:16.779676+00:00,2026-08-05T02:24:24.720665+00:00,,6,SAFE-B,pre_close_creation_but_later_update_or_no_snapshot
2026-07-30,16,4,13:35:00,2026-07-29T15:02:16.779676+00:00,2026-07-29T15:02:16.779676+00:00,2026-08-05T02:24:23.132071+00:00,,6,SAFE-B,pre_close_creation_but_later_update_or_no_snapshot
2026-07-30,16,5,14:06:00,2026-07-29T15:02:16.779676+00:00,2026-07-29T15:02:16.779676+00:00,2026-08-05T02:24:23.132071+00:00,,6,SAFE-B,pre_close_creation_but_later_update_or_no_snapshot
2026-07-30,16,6,14:36:00,2026-07-29T15:02:16.779676+00:00,2026-07-29T15:02:16.779676+00:00,2026-08-05T02:24:24.720665+00:00,,6,SAFE-B,pre_close_creation_but_later_update_or_no_snapshot
2026-07-30,16,7,15:11:00,2026-07-29T15:02:16.779676+00:00,2026-07-29T15:02:16.779676+00:00,2026-08-05T02:24:23.132071+00:00,,6,SAFE-B,pre_close_creation_but_later_update_or_no_snapshot
2026-07-30,16,8,15:42:00,2026-07-29T15:02:16.779676+00:00,2026-07-29T15:02:16.779676+00:00,2026-08-05T02:24:24.050839+00:00,,6,SAFE-B,pre_close_creation_but_later_update_or_no_snapshot
2026-07-30,16,9,16:13:00,2026-07-29T15:02:16.779676+00:00,2026-07-29T15:02:16.779676+00:00,2026-08-05T02:24:23.132071+00:00,,6,SAFE-B,pre_close_creation_but_later_update_or_no_snapshot
2026-07-30,16,10,16:40:00,2026-07-29T15:02:16.779676+00:00,2026-07-29T15:02:16.779676+00:00,2026-08-05T02:24:23.132071+00:00,,6,SAFE-B,pre_close_creation_but_later_update_or_no_snapshot
2026-07-30,16,11,17:07:00,2026-07-29T15:02:16.779676+00:00,2026-07-29T15:02:16.779676+00:00,2026-08-05T02:24:24.720665+00:00,,6,SAFE-B,pre_close_creation_but_later_update_or_no_snapshot
2026-07-30,16,12,17:40:00,2026-07-29T15:02:16.779676+00:00,2026-07-29T15:02:16.779676+00:00,2026-08-05T02:24:23.132071+00:00,,6,SAFE-B,pre_close_creation_but_later_update_or_no_snapshot
2026-07-30,18,1,08:46:00,2026-07-29T15:02:16.779676+00:00,2026-07-29T15:02:16.779676+00:00,2026-08-05T02:24:20.313458+00:00,,6,SAFE-B,pre_close_creation_but_later_update_or_no_snapshot
2026-07-30,18,2,09:12:00,2026-07-29T15:02:16.779676+00:00,2026-07-29T15:02:16.779676+00:00,2026-08-05T02:24:19.651791+00:00,,6,SAFE-B,pre_close_creation_but_later_update_or_no_snapshot
2026-07-30,18,3,09:38:00,2026-07-29T15:02:16.779676+00:00,2026-07-29T15:02:16.779676+00:00,2026-08-05T02:24:19.651791+00:00,,6,SAFE-B,pre_close_creation_but_later_update_or_no_snapshot
2026-07-30,18,4,10:04:00,2026-07-29T15:02:16.779676+00:00,2026-07-29T15:02:16.779676+00:00,2026-08-05T02:24:20.950188+00:00,,6,SAFE-B,pre_close_creation_but_later_update_or_no_snapshot
2026-07-30,18,5,10:30:00,2026-07-29T15:02:16.779676+00:00,2026-07-29T15:02:16.779676+00:00,2026-08-05T02:24:20.313458+00:00,,6,SAFE-B,pre_close_creation_but_later_update_or_no_snapshot
2026-07-30,18,6,11:00:00,2026-07-29T15:02:16.779676+00:00,2026-07-29T15:02:16.779676+00:00,2026-08-05T02:24:19.651791+00:00,,6,SAFE-B,pre_close_creation_but_later_update_or_no_snapshot
2026-07-30,18,7,11:31:00,2026-07-29T15:02:16.779676+00:00,2026-07-29T15:02:16.779676+00:00,2026-08-05T02:24:20.950188+00:00,,6,SAFE-B,pre_close_creation_but_later_update_or_no_snapshot
2026-07-30,18,8,12:02:00,2026-07-29T15:02:16.779676+00:00,2026-07-29T15:02:16.779676+00:00,2026-08-05T02:24:20.313458+00:00,,6,SAFE-B,pre_close_creation_but_later_update_or_no_snapshot
2026-07-30,18,9,12:33:00,2026-07-29T15:02:16.779676+00:00,2026-07-29T15:02:16.779676+00:00,2026-08-05T02:24:20.313458+00:00,,6,SAFE-B,pre_close_creation_but_later_update_or_no_snapshot
2026-07-30,18,10,13:05:00,2026-07-29T15:02:16.779676+00:00,2026-07-29T15:02:16.779676+00:00,2026-08-05T02:24:19.651791+00:00,,6,SAFE-B,pre_close_creation_but_later_update_or_no_snapshot
2026-07-30,18,11,13:39:00,2026-07-29T15:02:16.779676+00:00,2026-07-29T15:02:16.779676+00:00,2026-08-05T02:24:20.313458+00:00,,6,SAFE-B,pre_close_creation_but_later_update_or_no_snapshot
2026-07-30,18,12,14:13:00,2026-07-29T15:02:16.779676+00:00,2026-07-29T15:02:18.027421+00:00,2026-08-05T02:24:20.313458+00:00,,6,SAFE-B,pre_close_creation_but_later_update_or_no_snapshot
2026-07-30,19,1,15:26:00,2026-07-29T15:02:18.027421+00:00,2026-07-29T15:02:18.027421+00:00,2026-08-05T02:24:18.146322+00:00,,6,SAFE-B,pre_close_creation_but_later_update_or_no_snapshot
2026-07-30,19,2,16:07:00,2026-07-29T15:02:18.027421+00:00,2026-07-29T15:02:18.027421+00:00,2026-08-05T02:24:17.371098+00:00,,6,SAFE-B,pre_close_creation_but_later_update_or_no_snapshot
2026-07-30,19,3,16:46:00,2026-07-29T15:02:18.027421+00:00,2026-07-29T15:02:18.027421+00:00,2026-08-05T02:24:16.552251+00:00,,6,SAFE-B,pre_close_creation_but_later_update_or_no_snapshot
2026-07-30,19,4,17:17:00,2026-07-29T15:02:18.027421+00:00,2026-07-29T15:02:18.027421+00:00,2026-08-05T02:24:18.146322+00:00,,6,SAFE-B,pre_close_creation_but_later_update_or_no_snapshot
2026-07-30,19,5,17:42:00,2026-07-29T15:02:18.027421+00:00,2026-07-29T15:02:18.027421+00:00,2026-08-05T02:24:18.146322+00:00,,6,SAFE-B,pre_close_creation_but_later_update_or_no_snapshot
2026-07-30,19,6,18:07:00,2026-07-29T15:02:18.027421+00:00,2026-07-29T15:02:18.027421+00:00,2026-08-05T02:24:16.552251+00:00,,6,SAFE-B,pre_close_creation_but_later_update_or_no_snapshot
2026-07-30,19,7,18:32:00,2026-07-29T15:02:18.027421+00:00,2026-07-29T15:02:18.027421+00:00,2026-08-05T02:24:16.552251+00:00,,6,SAFE-B,pre_close_creation_but_later_update_or_no_snapshot
2026-07-30,19,8,18:57:00,2026-07-29T15:02:18.027421+00:00,2026-07-29T15:02:18.027421+00:00,2026-08-05T02:24:18.146322+00:00,,6,SAFE-B,pre_close_creation_but_later_update_or_no_snapshot
2026-07-30,19,9,19:23:00,2026-07-29T15:02:18.027421+00:00,2026-07-29T15:02:18.027421+00:00,2026-08-05T02:24:16.552251+00:00,,6,SAFE-B,pre_close_creation_but_later_update_or_no_snapshot
2026-07-30,19,10,19:50:00,2026-07-29T15:02:18.027421+00:00,2026-07-29T15:02:18.027421+00:00,2026-08-05T02:24:16.552251+00:00,,6,SAFE-B,pre_close_creation_but_later_update_or_no_snapshot
2026-07-30,19,11,20:17:00,2026-07-29T15:02:18.027421+00:00,2026-07-29T15:02:18.027421+00:00,2026-08-05T02:24:18.146322+00:00,,6,SAFE-B,pre_close_creation_but_later_update_or_no_snapshot
2026-07-30,19,12,20:45:00,2026-07-29T15:02:18.027421+00:00,2026-07-29T15:02:18.027421+00:00,2026-08-05T02:24:16.552251+00:00,,6,SAFE-B,pre_close_creation_but_later_update_or_no_snapshot
2026-07-30,22,1,12:17:00,2026-07-29T15:02:18.027421+00:00,2026-07-29T15:02:18.027421+00:00,2026-08-05T02:24:17.371098+00:00,,6,SAFE-B,pre_close_creation_but_later_update_or_no_snapshot
2026-07-30,22,2,12:57:00,2026-07-29T15:02:18.027421+00:00,2026-07-29T15:02:18.027421+00:00,2026-08-05T02:24:16.552251+00:00,,6,SAFE-B,pre_close_creation_but_later_update_or_no_snapshot
2026-07-30,22,3,13:26:00,2026-07-29T15:02:18.027421+00:00,2026-07-29T15:02:18.027421+00:00,2026-08-05T02:24:16.552251+00:00,,6,SAFE-B,pre_close_creation_but_later_update_or_no_snapshot
2026-07-30,22,4,13:52:00,2026-07-29T15:02:18.027421+00:00,2026-07-29T15:02:18.027421+00:00,2026-08-05T02:24:18.146322+00:00,,6,SAFE-B,pre_close_creation_but_later_update_or_no_snapshot
2026-07-30,22,5,14:21:00,2026-07-29T15:02:18.027421+00:00,2026-07-29T15:02:18.027421+00:00,2026-08-05T02:24:16.552251+00:00,,6,SAFE-B,pre_close_creation_but_later_update_or_no_snapshot
2026-07-30,22,6,14:46:00,2026-07-29T15:02:18.027421+00:00,2026-07-29T15:02:18.027421+00:00,2026-08-05T02:24:16.552251+00:00,,6,SAFE-B,pre_close_creation_but_later_update_or_no_snapshot
2026-07-30,22,7,15:17:00,2026-07-29T15:02:18.027421+00:00,2026-07-29T15:02:18.027421+00:00,2026-08-05T02:24:17.371098+00:00,,6,SAFE-B,pre_close_creation_but_later_update_or_no_snapshot
2026-07-30,22,8,15:44:00,2026-07-29T15:02:18.027421+00:00,2026-07-29T15:02:18.027421+00:00,2026-08-05T02:24:21.612695+00:00,,6,SAFE-B,pre_close_creation_but_later_update_or_no_snapshot
2026-07-30,22,9,16:20:00,2026-07-29T15:02:18.027421+00:00,2026-07-29T15:02:18.027421+00:00,2026-08-05T02:24:18.146322+00:00,,6,SAFE-B,pre_close_creation_but_later_update_or_no_snapshot
2026-07-30,22,10,16:55:00,2026-07-29T15:02:18.027421+00:00,2026-07-29T15:02:18.027421+00:00,2026-08-05T02:24:18.146322+00:00,,6,SAFE-B,pre_close_creation_but_later_update_or_no_snapshot
2026-07-30,22,11,17:22:00,2026-07-29T15:02:18.027421+00:00,2026-07-29T15:02:18.027421+00:00,2026-08-05T02:24:18.146322+00:00,,6,SAFE-B,pre_close_creation_but_later_update_or_no_snapshot
2026-07-30,22,12,17:55:00,2026-07-29T15:02:18.027421+00:00,2026-07-29T15:02:18.027421+00:00,2026-08-05T02:24:18.146322+00:00,,6,SAFE-B,pre_close_creation_but_later_update_or_no_snapshot
2026-07-30,23,1,08:39:00,2026-07-29T15:02:18.027421+00:00,2026-07-29T15:02:18.027421+00:00,2026-08-05T02:24:15.668285+00:00,,6,SAFE-B,pre_close_creation_but_later_update_or_no_snapshot
2026-07-30,23,2,09:05:00,2026-07-29T15:02:18.027421+00:00,2026-07-29T15:02:18.027421+00:00,2026-08-05T02:24:17.371098+00:00,,6,SAFE-B,pre_close_creation_but_later_update_or_no_snapshot
2026-07-30,23,3,09:31:00,2026-07-29T15:02:18.027421+00:00,2026-07-29T15:02:18.027421+00:00,2026-08-05T02:24:17.371098+00:00,,6,SAFE-B,pre_close_creation_but_later_update_or_no_snapshot
2026-07-30,23,4,09:57:00,2026-07-29T15:02:18.027421+00:00,2026-07-29T15:02:18.027421+00:00,2026-08-05T02:24:15.668285+00:00,,6,SAFE-B,pre_close_creation_but_later_update_or_no_snapshot
2026-07-30,23,5,10:23:00,2026-07-29T15:02:18.027421+00:00,2026-07-29T15:02:18.027421+00:00,2026-08-05T02:24:17.371098+00:00,,6,SAFE-B,pre_close_creation_but_later_update_or_no_snapshot
2026-07-30,23,6,10:52:00,2026-07-29T15:02:18.027421+00:00,2026-07-29T15:02:18.027421+00:00,2026-08-05T02:24:17.371098+00:00,,6,SAFE-B,pre_close_creation_but_later_update_or_no_snapshot
2026-07-30,23,7,11:20:00,2026-07-29T15:02:18.027421+00:00,2026-07-29T15:02:18.027421+00:00,2026-08-05T02:24:17.371098+00:00,,6,SAFE-B,pre_close_creation_but_later_update_or_no_snapshot
2026-07-30,23,8,11:49:00,2026-07-29T15:02:18.027421+00:00,2026-07-29T15:02:18.027421+00:00,2026-08-05T02:24:15.668285+00:00,,6,SAFE-B,pre_close_creation_but_later_update_or_no_snapshot
2026-07-30,23,9,12:20:00,2026-07-29T15:02:18.027421+00:00,2026-07-29T15:02:18.027421+00:00,2026-08-05T02:24:17.371098+00:00,,6,SAFE-B,pre_close_creation_but_later_update_or_no_snapshot
2026-07-30,23,10,12:51:00,2026-07-29T15:02:18.027421+00:00,2026-07-29T15:02:18.027421+00:00,2026-08-05T02:24:17.371098+00:00,,6,SAFE-B,pre_close_creation_but_later_update_or_no_snapshot
2026-07-30,23,11,13:28:00,2026-07-29T15:02:18.027421+00:00,2026-07-29T15:02:18.027421+00:00,2026-08-05T02:24:17.371098+00:00,,6,SAFE-B,pre_close_creation_but_later_update_or_no_snapshot
2026-07-30,23,12,14:02:00,2026-07-29T15:02:18.027421+00:00,2026-07-29T15:02:18.027421+00:00,2026-08-05T02:24:17.371098+00:00,,6,SAFE-B,pre_close_creation_but_later_update_or_no_snapshot
2026-07-30,24,1,15:19:00,2026-07-29T15:02:18.027421+00:00,2026-07-29T15:02:18.027421+00:00,2026-08-05T02:24:17.371098+00:00,,6,SAFE-B,pre_close_creation_but_later_update_or_no_snapshot
2026-07-30,24,2,15:54:00,2026-07-29T15:02:18.027421+00:00,2026-07-29T15:02:18.027421+00:00,2026-08-05T02:24:18.146322+00:00,,6,SAFE-B,pre_close_creation_but_later_update_or_no_snapshot
2026-07-30,24,3,16:30:00,2026-07-29T15:02:18.027421+00:00,2026-07-29T15:02:18.027421+00:00,2026-08-05T02:24:17.371098+00:00,,6,SAFE-B,pre_close_creation_but_later_update_or_no_snapshot
2026-07-30,24,4,17:09:00,2026-07-29T15:02:18.027421+00:00,2026-07-29T15:02:18.027421+00:00,2026-08-05T02:24:16.552251+00:00,,6,SAFE-B,pre_close_creation_but_later_update_or_no_snapshot
2026-07-30,24,5,17:34:00,2026-07-29T15:02:18.027421+00:00,2026-07-29T15:02:18.027421+00:00,2026-08-05T02:24:18.146322+00:00,,6,SAFE-B,pre_close_creation_but_later_update_or_no_snapshot
2026-07-30,24,6,17:59:00,2026-07-29T15:02:18.226489+00:00,2026-07-29T15:02:18.226489+00:00,2026-08-05T02:24:16.552251+00:00,,6,SAFE-B,pre_close_creation_but_later_update_or_no_snapshot
2026-07-30,24,7,18:24:00,2026-07-29T15:02:18.226489+00:00,2026-07-29T15:02:18.226489+00:00,2026-08-05T02:24:18.146322+00:00,,6,SAFE-B,pre_close_creation_but_later_update_or_no_snapshot
2026-07-30,24,8,18:49:00,2026-07-29T15:02:18.226489+00:00,2026-07-29T15:02:18.226489+00:00,2026-08-05T02:24:16.552251+00:00,,6,SAFE-B,pre_close_creation_but_later_update_or_no_snapshot
2026-07-30,24,9,19:15:00,2026-07-29T15:02:18.226489+00:00,2026-07-29T15:02:18.226489+00:00,2026-08-05T02:24:16.552251+00:00,,6,SAFE-B,pre_close_creation_but_later_update_or_no_snapshot
2026-07-30,24,10,19:42:00,2026-07-29T15:02:18.226489+00:00,2026-07-29T15:02:18.226489+00:00,2026-08-05T02:24:16.552251+00:00,,6,SAFE-B,pre_close_creation_but_later_update_or_no_snapshot
2026-07-30,24,11,20:09:00,2026-07-29T15:02:18.226489+00:00,2026-07-29T15:02:18.226489+00:00,2026-08-05T02:24:18.146322+00:00,,6,SAFE-B,pre_close_creation_but_later_update_or_no_snapshot
2026-07-30,24,12,20:38:00,2026-07-29T15:02:18.226489+00:00,2026-07-29T15:02:18.226489+00:00,2026-08-05T02:24:16.552251+00:00,,6,SAFE-B,pre_close_creation_but_later_update_or_no_snapshot
2026-07-31,1,1,15:28:00,2026-07-30T15:02:37.165268+00:00,2026-07-30T15:02:37.165268+00:00,2026-08-05T02:25:14.353793+00:00,,6,SAFE-B,pre_close_creation_but_later_update_or_no_snapshot
2026-07-31,1,2,16:03:00,2026-07-30T15:02:37.165268+00:00,2026-07-30T15:02:37.165268+00:00,2026-08-05T02:25:14.353793+00:00,,6,SAFE-B,pre_close_creation_but_later_update_or_no_snapshot
2026-07-31,1,3,16:30:00,2026-07-30T15:02:37.165268+00:00,2026-07-30T15:02:37.165268+00:00,2026-08-05T02:25:14.353793+00:00,,6,SAFE-B,pre_close_creation_but_later_update_or_no_snapshot
2026-07-31,1,4,17:00:00,2026-07-30T15:02:37.165268+00:00,2026-07-30T15:02:37.165268+00:00,2026-08-05T02:25:13.611375+00:00,,6,SAFE-B,pre_close_creation_but_later_update_or_no_snapshot
2026-07-31,1,5,17:25:00,2026-07-30T15:02:37.165268+00:00,2026-07-30T15:02:37.165268+00:00,2026-08-05T02:25:13.611375+00:00,,6,SAFE-B,pre_close_creation_but_later_update_or_no_snapshot
2026-07-31,1,6,17:50:00,2026-07-30T15:02:37.165268+00:00,2026-07-30T15:02:37.165268+00:00,2026-08-05T02:25:13.611375+00:00,,6,SAFE-B,pre_close_creation_but_later_update_or_no_snapshot
2026-07-31,1,7,18:15:00,2026-07-30T15:02:37.165268+00:00,2026-07-30T15:02:37.165268+00:00,2026-08-05T02:25:13.611375+00:00,,6,SAFE-B,pre_close_creation_but_later_update_or_no_snapshot
2026-07-31,1,8,18:41:00,2026-07-30T15:02:37.165268+00:00,2026-07-30T15:02:37.165268+00:00,2026-08-05T02:25:13.611375+00:00,,6,SAFE-B,pre_close_creation_but_later_update_or_no_snapshot
2026-07-31,1,9,19:07:00,2026-07-30T15:02:37.165268+00:00,2026-07-30T15:02:37.165268+00:00,2026-08-05T02:25:13.611375+00:00,,6,SAFE-B,pre_close_creation_but_later_update_or_no_snapshot
2026-07-31,1,10,19:33:00,2026-07-30T15:02:37.165268+00:00,2026-07-30T15:02:37.165268+00:00,2026-08-05T02:25:13.611375+00:00,,6,SAFE-B,pre_close_creation_but_later_update_or_no_snapshot
2026-07-31,1,11,19:59:00,2026-07-30T15:02:37.165268+00:00,2026-07-30T15:02:37.165268+00:00,2026-08-05T02:25:13.611375+00:00,,6,SAFE-B,pre_close_creation_but_later_update_or_no_snapshot
2026-07-31,1,12,20:30:00,2026-07-30T15:02:37.165268+00:00,2026-07-30T15:02:37.165268+00:00,2026-08-05T02:25:14.353793+00:00,,6,SAFE-B,pre_close_creation_but_later_update_or_no_snapshot
2026-07-31,5,1,11:32:00,2026-07-30T15:02:37.165268+00:00,2026-07-30T15:02:37.165268+00:00,2026-08-05T02:25:12.049329+00:00,,6,SAFE-B,pre_close_creation_but_later_update_or_no_snapshot
2026-07-31,5,2,11:58:00,2026-07-30T15:02:37.165268+00:00,2026-07-30T15:02:37.165268+00:00,2026-08-05T02:25:12.049329+00:00,,6,SAFE-B,pre_close_creation_but_later_update_or_no_snapshot
2026-07-31,5,3,12:26:00,2026-07-30T15:02:37.165268+00:00,2026-07-30T15:02:37.165268+00:00,2026-08-05T02:25:12.049329+00:00,,6,SAFE-B,pre_close_creation_but_later_update_or_no_snapshot
2026-07-31,5,4,12:52:00,2026-07-30T15:02:37.165268+00:00,2026-07-30T15:02:37.165268+00:00,2026-08-05T02:25:12.904011+00:00,,6,SAFE-B,pre_close_creation_but_later_update_or_no_snapshot
2026-07-31,5,5,13:23:00,2026-07-30T15:02:37.165268+00:00,2026-07-30T15:02:37.165268+00:00,2026-08-05T02:25:12.049329+00:00,,6,SAFE-B,pre_close_creation_but_later_update_or_no_snapshot
2026-07-31,5,6,13:51:00,2026-07-30T15:02:37.165268+00:00,2026-07-30T15:02:37.165268+00:00,2026-08-05T02:25:12.904011+00:00,,6,SAFE-B,pre_close_creation_but_later_update_or_no_snapshot
2026-07-31,5,7,14:26:00,2026-07-30T15:02:37.165268+00:00,2026-07-30T15:02:37.165268+00:00,2026-08-05T02:25:12.904011+00:00,,6,SAFE-B,pre_close_creation_but_later_update_or_no_snapshot
2026-07-31,5,8,14:58:00,2026-07-30T15:02:37.165268+00:00,2026-07-30T15:02:37.165268+00:00,2026-08-05T02:25:12.049329+00:00,,6,SAFE-B,pre_close_creation_but_later_update_or_no_snapshot
2026-07-31,5,9,15:34:00,2026-07-30T15:02:37.165268+00:00,2026-07-30T15:02:37.165268+00:00,2026-08-05T02:25:12.049329+00:00,,6,SAFE-B,pre_close_creation_but_later_update_or_no_snapshot
2026-07-31,5,10,16:09:00,2026-07-30T15:02:37.165268+00:00,2026-07-30T15:02:37.165268+00:00,2026-08-05T02:25:12.904011+00:00,,6,SAFE-B,pre_close_creation_but_later_update_or_no_snapshot
2026-07-31,5,11,16:46:00,2026-07-30T15:02:37.165268+00:00,2026-07-30T15:02:37.165268+00:00,2026-08-05T02:25:12.904011+00:00,,6,SAFE-B,pre_close_creation_but_later_update_or_no_snapshot
2026-07-31,5,12,17:18:00,2026-07-30T15:02:37.165268+00:00,2026-07-30T15:02:37.165268+00:00,2026-08-05T02:25:12.904011+00:00,,6,SAFE-B,pre_close_creation_but_later_update_or_no_snapshot
2026-07-31,6,1,11:27:00,2026-07-30T15:02:37.165268+00:00,2026-07-30T15:02:37.165268+00:00,2026-08-05T02:25:12.049329+00:00,,6,SAFE-B,pre_close_creation_but_later_update_or_no_snapshot
2026-07-31,6,2,11:56:00,2026-07-30T15:02:37.165268+00:00,2026-07-30T15:02:37.165268+00:00,2026-08-05T02:25:15.032959+00:00,,6,SAFE-B,pre_close_creation_but_later_update_or_no_snapshot
2026-07-31,6,3,12:30:00,2026-07-30T15:02:37.165268+00:00,2026-07-30T15:02:37.165268+00:00,2026-08-05T02:25:12.049329+00:00,,6,SAFE-B,pre_close_creation_but_later_update_or_no_snapshot
2026-07-31,6,4,13:03:00,2026-07-30T15:02:37.165268+00:00,2026-07-30T15:02:37.165268+00:00,2026-08-05T02:25:12.049329+00:00,,6,SAFE-B,pre_close_creation_but_later_update_or_no_snapshot
2026-07-31,6,5,13:29:00,2026-07-30T15:02:37.165268+00:00,2026-07-30T15:02:37.165268+00:00,2026-08-05T02:25:12.049329+00:00,,6,SAFE-B,pre_close_creation_but_later_update_or_no_snapshot
2026-07-31,6,6,13:59:00,2026-07-30T15:02:37.165268+00:00,2026-07-30T15:02:37.165268+00:00,2026-08-05T02:25:12.049329+00:00,,6,SAFE-B,pre_close_creation_but_later_update_or_no_snapshot
2026-07-31,6,7,14:31:00,2026-07-30T15:02:37.165268+00:00,2026-07-30T15:02:37.165268+00:00,2026-08-05T02:25:12.049329+00:00,,6,SAFE-B,pre_close_creation_but_later_update_or_no_snapshot
2026-07-31,6,8,15:03:00,2026-07-30T15:02:37.165268+00:00,2026-07-30T15:02:37.165268+00:00,2026-08-05T02:25:12.904011+00:00,,6,SAFE-B,pre_close_creation_but_later_update_or_no_snapshot
2026-07-31,6,9,15:36:00,2026-07-30T15:02:37.165268+00:00,2026-07-30T15:02:37.165268+00:00,2026-08-05T02:25:12.049329+00:00,,6,SAFE-B,pre_close_creation_but_later_update_or_no_snapshot
2026-07-31,6,10,16:05:00,2026-07-30T15:02:37.165268+00:00,2026-07-30T15:02:37.165268+00:00,2026-08-05T02:25:12.049329+00:00,,6,SAFE-B,pre_close_creation_but_later_update_or_no_snapshot
2026-07-31,6,11,16:38:00,2026-07-30T15:02:37.165268+00:00,2026-07-30T15:02:37.165268+00:00,2026-08-05T02:25:12.904011+00:00,,6,SAFE-B,pre_close_creation_but_later_update_or_no_snapshot
2026-07-31,6,12,17:08:00,2026-07-30T15:02:37.165268+00:00,2026-07-30T15:02:37.165268+00:00,2026-08-05T02:25:12.049329+00:00,,6,SAFE-B,pre_close_creation_but_later_update_or_no_snapshot
2026-07-31,8,1,10:42:00,2026-07-30T15:02:37.165268+00:00,2026-07-30T15:02:37.165268+00:00,2026-08-05T02:25:17.885239+00:00,,6,SAFE-B,pre_close_creation_but_later_update_or_no_snapshot
2026-07-31,8,2,11:08:00,2026-07-30T15:02:37.165268+00:00,2026-07-30T15:02:37.165268+00:00,2026-08-05T02:25:17.885239+00:00,,6,SAFE-B,pre_close_creation_but_later_update_or_no_snapshot
2026-07-31,8,3,11:37:00,2026-07-30T15:02:37.165268+00:00,2026-07-30T15:02:37.165268+00:00,2026-08-05T02:25:18.594237+00:00,,6,SAFE-B,pre_close_creation_but_later_update_or_no_snapshot
2026-07-31,8,4,12:08:00,2026-07-30T15:02:37.165268+00:00,2026-07-30T15:02:37.165268+00:00,2026-08-05T02:25:17.885239+00:00,,6,SAFE-B,pre_close_creation_but_later_update_or_no_snapshot
2026-07-31,8,5,12:39:00,2026-07-30T15:02:37.165268+00:00,2026-07-30T15:02:37.165268+00:00,2026-08-05T02:25:17.885239+00:00,,6,SAFE-B,pre_close_creation_but_later_update_or_no_snapshot
2026-07-31,8,6,13:10:00,2026-07-30T15:02:37.165268+00:00,2026-07-30T15:02:37.86431+00:00,2026-08-05T02:25:18.594237+00:00,,6,SAFE-B,pre_close_creation_but_later_update_or_no_snapshot
2026-07-31,8,7,13:42:00,2026-07-30T15:02:37.86431+00:00,2026-07-30T15:02:37.86431+00:00,2026-08-05T02:25:18.594237+00:00,,6,SAFE-B,pre_close_creation_but_later_update_or_no_snapshot
2026-07-31,8,8,14:18:00,2026-07-30T15:02:37.86431+00:00,2026-07-30T15:02:37.86431+00:00,2026-08-05T02:25:17.885239+00:00,,6,SAFE-B,pre_close_creation_but_later_update_or_no_snapshot
2026-07-31,8,9,14:44:00,2026-07-30T15:02:37.86431+00:00,2026-07-30T15:02:37.86431+00:00,2026-08-05T02:25:18.594237+00:00,,6,SAFE-B,pre_close_creation_but_later_update_or_no_snapshot
2026-07-31,8,10,15:10:00,2026-07-30T15:02:37.86431+00:00,2026-07-30T15:02:37.86431+00:00,2026-08-05T02:25:17.885239+00:00,,6,SAFE-B,pre_close_creation_but_later_update_or_no_snapshot
2026-07-31,8,11,15:42:00,2026-07-30T15:02:37.86431+00:00,2026-07-30T15:02:37.86431+00:00,2026-08-05T02:25:19.213594+00:00,,6,SAFE-B,pre_close_creation_but_later_update_or_no_snapshot
2026-07-31,8,12,16:17:00,2026-07-30T15:02:37.86431+00:00,2026-07-30T15:02:37.86431+00:00,2026-08-05T02:25:17.885239+00:00,,6,SAFE-B,pre_close_creation_but_later_update_or_no_snapshot
2026-07-31,10,1,08:32:00,2026-07-30T15:02:37.86431+00:00,2026-07-30T15:02:37.86431+00:00,2026-08-05T02:25:12.049329+00:00,,6,SAFE-B,pre_close_creation_but_later_update_or_no_snapshot
2026-07-31,10,2,08:58:00,2026-07-30T15:02:37.86431+00:00,2026-07-30T15:02:37.86431+00:00,2026-08-05T02:25:12.049329+00:00,,6,SAFE-B,pre_close_creation_but_later_update_or_no_snapshot
2026-07-31,10,3,09:24:00,2026-07-30T15:02:37.86431+00:00,2026-07-30T15:02:37.86431+00:00,2026-08-05T02:25:12.904011+00:00,,6,SAFE-B,pre_close_creation_but_later_update_or_no_snapshot
2026-07-31,10,4,09:50:00,2026-07-30T15:02:37.86431+00:00,2026-07-30T15:02:37.86431+00:00,2026-08-05T02:25:15.032959+00:00,,6,SAFE-B,pre_close_creation_but_later_update_or_no_snapshot
2026-07-31,10,5,10:16:00,2026-07-30T15:02:37.86431+00:00,2026-07-30T15:02:37.86431+00:00,2026-08-05T02:25:15.032959+00:00,,6,SAFE-B,pre_close_creation_but_later_update_or_no_snapshot
2026-07-31,10,6,10:44:00,2026-07-30T15:02:37.86431+00:00,2026-07-30T15:02:37.86431+00:00,2026-08-05T02:25:15.032959+00:00,,6,SAFE-B,pre_close_creation_but_later_update_or_no_snapshot
2026-07-31,10,7,11:14:00,2026-07-30T15:02:37.86431+00:00,2026-07-30T15:02:37.86431+00:00,2026-08-05T02:25:12.049329+00:00,,6,SAFE-B,pre_close_creation_but_later_update_or_no_snapshot
2026-07-31,10,8,11:44:00,2026-07-30T15:02:37.86431+00:00,2026-07-30T15:02:37.86431+00:00,2026-08-05T02:25:12.049329+00:00,,6,SAFE-B,pre_close_creation_but_later_update_or_no_snapshot
2026-07-31,10,9,12:14:00,2026-07-30T15:02:37.86431+00:00,2026-07-30T15:02:37.86431+00:00,2026-08-05T02:25:15.032959+00:00,,6,SAFE-B,pre_close_creation_but_later_update_or_no_snapshot
2026-07-31,10,10,12:47:00,2026-07-30T15:02:37.86431+00:00,2026-07-30T15:02:37.86431+00:00,2026-08-05T02:25:12.904011+00:00,,6,SAFE-B,pre_close_creation_but_later_update_or_no_snapshot
2026-07-31,10,11,13:20:00,2026-07-30T15:02:37.86431+00:00,2026-07-30T15:02:37.86431+00:00,2026-08-05T02:25:12.904011+00:00,,6,SAFE-B,pre_close_creation_but_later_update_or_no_snapshot
2026-07-31,10,12,13:57:00,2026-07-30T15:02:37.86431+00:00,2026-07-30T15:02:37.86431+00:00,2026-08-05T02:25:12.049329+00:00,,6,SAFE-B,pre_close_creation_but_later_update_or_no_snapshot
2026-07-31,11,1,10:40:00,2026-07-30T15:02:37.86431+00:00,2026-07-30T15:02:37.86431+00:00,2026-08-05T02:25:15.032959+00:00,,6,SAFE-B,pre_close_creation_but_later_update_or_no_snapshot
2026-07-31,11,2,11:10:00,2026-07-30T15:02:37.86431+00:00,2026-07-30T15:02:37.86431+00:00,2026-08-05T02:25:15.032959+00:00,,6,SAFE-B,pre_close_creation_but_later_update_or_no_snapshot
2026-07-31,11,3,11:40:00,2026-07-30T15:02:37.86431+00:00,2026-07-30T15:02:37.86431+00:00,2026-08-05T02:25:15.032959+00:00,,6,SAFE-B,pre_close_creation_but_later_update_or_no_snapshot
2026-07-31,11,4,12:11:00,2026-07-30T15:02:37.86431+00:00,2026-07-30T15:02:37.86431+00:00,2026-08-05T02:25:12.904011+00:00,,6,SAFE-B,pre_close_creation_but_later_update_or_no_snapshot
2026-07-31,11,5,12:43:00,2026-07-30T15:02:37.86431+00:00,2026-07-30T15:02:37.86431+00:00,2026-08-05T02:25:12.049329+00:00,,6,SAFE-B,pre_close_creation_but_later_update_or_no_snapshot
2026-07-31,11,6,13:14:00,2026-07-30T15:02:37.86431+00:00,2026-07-30T15:02:37.86431+00:00,2026-08-05T02:25:15.032959+00:00,,6,SAFE-B,pre_close_creation_but_later_update_or_no_snapshot
2026-07-31,11,7,13:45:00,2026-07-30T15:02:37.86431+00:00,2026-07-30T15:02:37.86431+00:00,2026-08-05T02:25:15.032959+00:00,,6,SAFE-B,pre_close_creation_but_later_update_or_no_snapshot
2026-07-31,11,8,14:16:00,2026-07-30T15:02:37.86431+00:00,2026-07-30T15:02:37.86431+00:00,2026-08-05T02:25:12.049329+00:00,,6,SAFE-B,pre_close_creation_but_later_update_or_no_snapshot
2026-07-31,11,9,14:48:00,2026-07-30T15:02:37.86431+00:00,2026-07-30T15:02:37.86431+00:00,2026-08-05T02:25:15.032959+00:00,,6,SAFE-B,pre_close_creation_but_later_update_or_no_snapshot
2026-07-31,11,10,15:22:00,2026-07-30T15:02:37.86431+00:00,2026-07-30T15:02:37.86431+00:00,2026-08-05T02:25:12.904011+00:00,,6,SAFE-B,pre_close_creation_but_later_update_or_no_snapshot
2026-07-31,11,11,15:58:00,2026-07-30T15:02:37.86431+00:00,2026-07-30T15:02:37.86431+00:00,2026-08-05T02:25:12.904011+00:00,,6,SAFE-B,pre_close_creation_but_later_update_or_no_snapshot
2026-07-31,11,12,16:35:00,2026-07-30T15:02:37.86431+00:00,2026-07-30T15:02:37.86431+00:00,2026-08-05T02:25:12.049329+00:00,,6,SAFE-B,pre_close_creation_but_later_update_or_no_snapshot
2026-07-31,13,1,10:35:00,2026-07-30T15:02:37.86431+00:00,2026-07-30T15:02:37.86431+00:00,2026-08-05T02:25:08.197141+00:00,,6,SAFE-B,pre_close_creation_but_later_update_or_no_snapshot
2026-07-31,13,2,10:58:00,2026-07-30T15:02:37.86431+00:00,2026-07-30T15:02:37.86431+00:00,2026-08-05T02:25:08.971169+00:00,,6,SAFE-B,pre_close_creation_but_later_update_or_no_snapshot
2026-07-31,13,3,11:21:00,2026-07-30T15:02:37.86431+00:00,2026-07-30T15:02:37.86431+00:00,2026-08-05T02:25:08.197141+00:00,,6,SAFE-B,pre_close_creation_but_later_update_or_no_snapshot
2026-07-31,13,4,11:47:00,2026-07-30T15:02:37.86431+00:00,2026-07-30T15:02:37.86431+00:00,2026-08-05T02:25:08.197141+00:00,,6,SAFE-B,pre_close_creation_but_later_update_or_no_snapshot
2026-07-31,13,5,12:20:00,2026-07-30T15:02:37.86431+00:00,2026-07-30T15:02:37.86431+00:00,2026-08-05T02:25:08.197141+00:00,,6,SAFE-B,pre_close_creation_but_later_update_or_no_snapshot
2026-07-31,13,6,13:01:00,2026-07-30T15:02:37.86431+00:00,2026-07-30T15:02:37.86431+00:00,2026-08-05T02:25:08.197141+00:00,,6,SAFE-B,pre_close_creation_but_later_update_or_no_snapshot
2026-07-31,13,7,13:35:00,2026-07-30T15:02:37.86431+00:00,2026-07-30T15:02:37.86431+00:00,2026-08-05T02:25:08.971169+00:00,,6,SAFE-B,pre_close_creation_but_later_update_or_no_snapshot
2026-07-31,13,8,14:10:00,2026-07-30T15:02:37.86431+00:00,2026-07-30T15:02:37.86431+00:00,2026-08-05T02:25:08.971169+00:00,,6,SAFE-B,pre_close_creation_but_later_update_or_no_snapshot
2026-07-31,13,9,14:39:00,2026-07-30T15:02:37.86431+00:00,2026-07-30T15:02:37.86431+00:00,2026-08-05T02:25:08.197141+00:00,,6,SAFE-B,pre_close_creation_but_later_update_or_no_snapshot
2026-07-31,13,10,15:12:00,2026-07-30T15:02:37.86431+00:00,2026-07-30T15:02:37.86431+00:00,2026-08-05T02:25:15.668169+00:00,,6,SAFE-B,pre_close_creation_but_later_update_or_no_snapshot
2026-07-31,13,11,15:52:00,2026-07-30T15:02:37.86431+00:00,2026-07-30T15:02:37.86431+00:00,2026-08-05T02:25:08.197141+00:00,,6,SAFE-B,pre_close_creation_but_later_update_or_no_snapshot
2026-07-31,13,12,16:24:00,2026-07-30T15:02:37.86431+00:00,2026-07-30T15:02:38.306422+00:00,2026-08-05T02:25:08.197141+00:00,,6,SAFE-B,pre_close_creation_but_later_update_or_no_snapshot
2026-07-31,15,1,15:26:00,2026-07-30T15:02:38.306422+00:00,2026-07-30T15:02:38.306422+00:00,2026-08-05T02:25:18.594237+00:00,,6,SAFE-B,pre_close_creation_but_later_update_or_no_snapshot
2026-07-31,15,2,15:50:00,2026-07-30T15:02:38.306422+00:00,2026-07-30T15:02:38.306422+00:00,2026-08-05T02:25:18.594237+00:00,,6,SAFE-B,pre_close_creation_but_later_update_or_no_snapshot
2026-07-31,15,3,16:22:00,2026-07-30T15:02:38.306422+00:00,2026-07-30T15:02:38.306422+00:00,2026-08-05T02:25:17.180646+00:00,,6,SAFE-B,pre_close_creation_but_later_update_or_no_snapshot
2026-07-31,15,4,17:05:00,2026-07-30T15:02:38.306422+00:00,2026-07-30T15:02:38.306422+00:00,2026-08-05T02:25:17.180646+00:00,,6,SAFE-B,pre_close_creation_but_later_update_or_no_snapshot
2026-07-31,15,5,17:30:00,2026-07-30T15:02:38.306422+00:00,2026-07-30T15:02:38.306422+00:00,2026-08-05T02:25:17.180646+00:00,,6,SAFE-B,pre_close_creation_but_later_update_or_no_snapshot
2026-07-31,15,6,17:55:00,2026-07-30T15:02:38.306422+00:00,2026-07-30T15:02:38.306422+00:00,2026-08-05T02:25:17.180646+00:00,,6,SAFE-B,pre_close_creation_but_later_update_or_no_snapshot
2026-07-31,15,7,18:20:00,2026-07-30T15:02:38.306422+00:00,2026-07-30T15:02:38.306422+00:00,2026-08-05T02:25:17.180646+00:00,,6,SAFE-B,pre_close_creation_but_later_update_or_no_snapshot
2026-07-31,15,8,18:46:00,2026-07-30T15:02:38.306422+00:00,2026-07-30T15:02:38.306422+00:00,2026-08-05T02:25:18.594237+00:00,,6,SAFE-B,pre_close_creation_but_later_update_or_no_snapshot
2026-07-31,15,9,19:12:00,2026-07-30T15:02:38.306422+00:00,2026-07-30T15:02:38.306422+00:00,2026-08-05T02:25:18.594237+00:00,,6,SAFE-B,pre_close_creation_but_later_update_or_no_snapshot
2026-07-31,15,10,19:38:00,2026-07-30T15:02:38.306422+00:00,2026-07-30T15:02:38.306422+00:00,2026-08-05T02:25:17.180646+00:00,,6,SAFE-B,pre_close_creation_but_later_update_or_no_snapshot
2026-07-31,15,11,20:04:00,2026-07-30T15:02:38.306422+00:00,2026-07-30T15:02:38.306422+00:00,2026-08-05T02:25:18.594237+00:00,,6,SAFE-B,pre_close_creation_but_later_update_or_no_snapshot
2026-07-31,15,12,20:34:00,2026-07-30T15:02:38.306422+00:00,2026-07-30T15:02:38.306422+00:00,2026-08-05T02:25:18.594237+00:00,,6,SAFE-B,pre_close_creation_but_later_update_or_no_snapshot
2026-07-31,16,1,11:51:00,2026-07-30T15:02:38.306422+00:00,2026-07-30T15:02:38.306422+00:00,2026-08-05T02:25:17.885239+00:00,,6,SAFE-B,pre_close_creation_but_later_update_or_no_snapshot
2026-07-31,16,2,12:22:00,2026-07-30T15:02:38.306422+00:00,2026-07-30T15:02:38.306422+00:00,2026-08-05T02:25:17.885239+00:00,,6,SAFE-B,pre_close_creation_but_later_update_or_no_snapshot
2026-07-31,16,3,12:59:00,2026-07-30T15:02:38.306422+00:00,2026-07-30T15:02:38.306422+00:00,2026-08-05T02:25:18.594237+00:00,,6,SAFE-B,pre_close_creation_but_later_update_or_no_snapshot
2026-07-31,16,4,13:27:00,2026-07-30T15:02:38.306422+00:00,2026-07-30T15:02:38.306422+00:00,2026-08-05T02:25:19.213594+00:00,,6,SAFE-B,pre_close_creation_but_later_update_or_no_snapshot
2026-07-31,16,5,14:04:00,2026-07-30T15:02:38.306422+00:00,2026-07-30T15:02:38.306422+00:00,2026-08-05T02:25:18.594237+00:00,,6,SAFE-B,pre_close_creation_but_later_update_or_no_snapshot
2026-07-31,16,6,14:35:00,2026-07-30T15:02:38.306422+00:00,2026-07-30T15:02:38.306422+00:00,2026-08-05T02:25:17.885239+00:00,,6,SAFE-B,pre_close_creation_but_later_update_or_no_snapshot
2026-07-31,16,7,15:08:00,2026-07-30T15:02:38.306422+00:00,2026-07-30T15:02:38.306422+00:00,2026-08-05T02:25:19.213594+00:00,,6,SAFE-B,pre_close_creation_but_later_update_or_no_snapshot
2026-07-31,16,8,15:40:00,2026-07-30T15:02:38.306422+00:00,2026-07-30T15:02:38.306422+00:00,2026-08-05T02:25:19.213594+00:00,,6,SAFE-B,pre_close_creation_but_later_update_or_no_snapshot
2026-07-31,16,9,16:13:00,2026-07-30T15:02:38.306422+00:00,2026-07-30T15:02:38.306422+00:00,2026-08-05T02:25:17.885239+00:00,,6,SAFE-B,pre_close_creation_but_later_update_or_no_snapshot
2026-07-31,16,10,16:42:00,2026-07-30T15:02:38.306422+00:00,2026-07-30T15:02:38.306422+00:00,2026-08-05T02:25:18.594237+00:00,,6,SAFE-B,pre_close_creation_but_later_update_or_no_snapshot
2026-07-31,16,11,17:14:00,2026-07-30T15:02:38.306422+00:00,2026-07-30T15:02:38.306422+00:00,2026-08-05T02:25:18.594237+00:00,,6,SAFE-B,pre_close_creation_but_later_update_or_no_snapshot
2026-07-31,16,12,17:48:00,2026-07-30T15:02:38.306422+00:00,2026-07-30T15:02:38.306422+00:00,2026-08-05T02:25:17.885239+00:00,,6,SAFE-B,pre_close_creation_but_later_update_or_no_snapshot
2026-07-31,18,1,08:46:00,2026-07-30T15:02:38.306422+00:00,2026-07-30T15:02:38.306422+00:00,2026-08-05T02:25:08.971169+00:00,,6,SAFE-B,pre_close_creation_but_later_update_or_no_snapshot
2026-07-31,18,2,09:12:00,2026-07-30T15:02:38.306422+00:00,2026-07-30T15:02:38.306422+00:00,2026-08-05T02:25:08.971169+00:00,,6,SAFE-B,pre_close_creation_but_later_update_or_no_snapshot
2026-07-31,18,3,09:38:00,2026-07-30T15:02:38.306422+00:00,2026-07-30T15:02:38.306422+00:00,2026-08-05T02:25:09.674828+00:00,,6,SAFE-B,pre_close_creation_but_later_update_or_no_snapshot
2026-07-31,18,4,10:04:00,2026-07-30T15:02:38.306422+00:00,2026-07-30T15:02:38.306422+00:00,2026-08-05T02:25:08.971169+00:00,,6,SAFE-B,pre_close_creation_but_later_update_or_no_snapshot
2026-07-31,18,5,10:30:00,2026-07-30T15:02:38.306422+00:00,2026-07-30T15:02:38.306422+00:00,2026-08-05T02:25:08.971169+00:00,,6,SAFE-B,pre_close_creation_but_later_update_or_no_snapshot
2026-07-31,18,6,11:00:00,2026-07-30T15:02:38.306422+00:00,2026-07-30T15:02:38.306422+00:00,2026-08-05T02:25:09.674828+00:00,,6,SAFE-B,pre_close_creation_but_later_update_or_no_snapshot
2026-07-31,18,7,11:31:00,2026-07-30T15:02:38.306422+00:00,2026-07-30T15:02:38.306422+00:00,2026-08-05T02:25:08.197141+00:00,,6,SAFE-B,pre_close_creation_but_later_update_or_no_snapshot
2026-07-31,18,8,12:02:00,2026-07-30T15:02:38.306422+00:00,2026-07-30T15:02:38.306422+00:00,2026-08-05T02:25:09.674828+00:00,,6,SAFE-B,pre_close_creation_but_later_update_or_no_snapshot
2026-07-31,18,9,12:33:00,2026-07-30T15:02:38.306422+00:00,2026-07-30T15:02:38.306422+00:00,2026-08-05T02:25:08.197141+00:00,,6,SAFE-B,pre_close_creation_but_later_update_or_no_snapshot
2026-07-31,18,10,13:05:00,2026-07-30T15:02:38.306422+00:00,2026-07-30T15:02:38.306422+00:00,2026-08-05T02:25:09.674828+00:00,,6,SAFE-B,pre_close_creation_but_later_update_or_no_snapshot
2026-07-31,18,11,13:39:00,2026-07-30T15:02:38.306422+00:00,2026-07-30T15:02:38.306422+00:00,2026-08-05T02:25:09.674828+00:00,,6,SAFE-B,pre_close_creation_but_later_update_or_no_snapshot
2026-07-31,18,12,14:13:00,2026-07-30T15:02:38.306422+00:00,2026-07-30T15:02:38.306422+00:00,2026-08-05T02:25:08.971169+00:00,,6,SAFE-B,pre_close_creation_but_later_update_or_no_snapshot
2026-07-31,19,1,15:30:00,2026-07-30T15:02:38.306422+00:00,2026-07-30T15:02:38.306422+00:00,2026-08-05T02:25:12.049329+00:00,,6,SAFE-B,pre_close_creation_but_later_update_or_no_snapshot
2026-07-31,19,2,16:07:00,2026-07-30T15:02:38.306422+00:00,2026-07-30T15:02:38.306422+00:00,2026-08-05T02:25:12.049329+00:00,,6,SAFE-B,pre_close_creation_but_later_update_or_no_snapshot
2026-07-31,19,3,16:44:00,2026-07-30T15:02:38.306422+00:00,2026-07-30T15:02:38.306422+00:00,2026-08-05T02:25:12.049329+00:00,,6,SAFE-B,pre_close_creation_but_later_update_or_no_snapshot
2026-07-31,19,4,17:20:00,2026-07-30T15:02:38.306422+00:00,2026-07-30T15:02:38.306422+00:00,2026-08-05T02:25:12.049329+00:00,,6,SAFE-B,pre_close_creation_but_later_update_or_no_snapshot
2026-07-31,19,5,17:45:00,2026-07-30T15:02:38.306422+00:00,2026-07-30T15:02:38.306422+00:00,2026-08-05T02:25:12.049329+00:00,,6,SAFE-B,pre_close_creation_but_later_update_or_no_snapshot
2026-07-31,19,6,18:10:00,2026-07-30T15:02:38.736703+00:00,2026-07-30T15:02:38.736703+00:00,2026-08-05T02:25:12.904011+00:00,,6,SAFE-B,pre_close_creation_but_later_update_or_no_snapshot
2026-07-31,19,7,18:35:00,2026-07-30T15:02:38.736703+00:00,2026-07-30T15:02:38.736703+00:00,2026-08-05T02:25:12.904011+00:00,,6,SAFE-B,pre_close_creation_but_later_update_or_no_snapshot
2026-07-31,19,8,19:01:00,2026-07-30T15:02:38.736703+00:00,2026-07-30T15:02:38.736703+00:00,2026-08-05T02:25:12.049329+00:00,,6,SAFE-B,pre_close_creation_but_later_update_or_no_snapshot
2026-07-31,19,9,19:27:00,2026-07-30T15:02:38.736703+00:00,2026-07-30T15:02:38.736703+00:00,2026-08-05T02:25:12.049329+00:00,,6,SAFE-B,pre_close_creation_but_later_update_or_no_snapshot
2026-07-31,19,10,19:53:00,2026-07-30T15:02:38.736703+00:00,2026-07-30T15:02:38.736703+00:00,2026-08-05T02:25:15.032959+00:00,,6,SAFE-B,pre_close_creation_but_later_update_or_no_snapshot
2026-07-31,19,11,20:19:00,2026-07-30T15:02:38.736703+00:00,2026-07-30T15:02:38.736703+00:00,2026-08-05T02:25:12.049329+00:00,,6,SAFE-B,pre_close_creation_but_later_update_or_no_snapshot
2026-07-31,19,12,20:45:00,2026-07-30T15:02:38.736703+00:00,2026-07-30T15:02:38.736703+00:00,2026-08-05T02:25:12.904011+00:00,,6,SAFE-B,pre_close_creation_but_later_update_or_no_snapshot
2026-07-31,20,1,15:29:00,2026-07-30T15:02:38.736703+00:00,2026-07-30T15:02:38.736703+00:00,2026-08-05T02:25:12.049329+00:00,,6,SAFE-B,pre_close_creation_but_later_update_or_no_snapshot
2026-07-31,20,2,16:15:00,2026-07-30T15:02:38.736703+00:00,2026-07-30T15:02:38.736703+00:00,2026-08-05T02:25:12.904011+00:00,,6,SAFE-B,pre_close_creation_but_later_update_or_no_snapshot
2026-07-31,20,3,16:48:00,2026-07-30T15:02:38.736703+00:00,2026-07-30T15:02:38.736703+00:00,2026-08-05T02:25:12.049329+00:00,,6,SAFE-B,pre_close_creation_but_later_update_or_no_snapshot
2026-07-31,20,4,17:15:00,2026-07-30T15:02:38.736703+00:00,2026-07-30T15:02:38.736703+00:00,2026-08-05T02:25:12.049329+00:00,,6,SAFE-B,pre_close_creation_but_later_update_or_no_snapshot
2026-07-31,20,5,17:40:00,2026-07-30T15:02:38.736703+00:00,2026-07-30T15:02:38.736703+00:00,2026-08-05T02:25:12.049329+00:00,,6,SAFE-B,pre_close_creation_but_later_update_or_no_snapshot
2026-07-31,20,6,18:05:00,2026-07-30T15:02:38.736703+00:00,2026-07-30T15:02:38.736703+00:00,2026-08-05T02:25:12.049329+00:00,,6,SAFE-B,pre_close_creation_but_later_update_or_no_snapshot
2026-07-31,20,7,18:30:00,2026-07-30T15:02:38.736703+00:00,2026-07-30T15:02:38.736703+00:00,2026-08-05T02:25:12.049329+00:00,,6,SAFE-B,pre_close_creation_but_later_update_or_no_snapshot
2026-07-31,20,8,18:56:00,2026-07-30T15:02:38.736703+00:00,2026-07-30T15:02:38.736703+00:00,2026-08-05T02:25:12.049329+00:00,,6,SAFE-B,pre_close_creation_but_later_update_or_no_snapshot
2026-07-31,20,9,19:22:00,2026-07-30T15:02:38.736703+00:00,2026-07-30T15:02:38.736703+00:00,2026-08-05T02:25:12.904011+00:00,,6,SAFE-B,pre_close_creation_but_later_update_or_no_snapshot
2026-07-31,20,10,19:48:00,2026-07-30T15:02:38.736703+00:00,2026-07-30T15:02:38.736703+00:00,2026-08-05T02:25:12.049329+00:00,,6,SAFE-B,pre_close_creation_but_later_update_or_no_snapshot
2026-07-31,20,11,20:14:00,2026-07-30T15:02:38.736703+00:00,2026-07-30T15:02:38.736703+00:00,2026-08-05T02:25:12.049329+00:00,,6,SAFE-B,pre_close_creation_but_later_update_or_no_snapshot
2026-07-31,20,12,20:42:00,2026-07-30T15:02:38.736703+00:00,2026-07-30T15:02:38.736703+00:00,2026-08-05T02:25:12.049329+00:00,,6,SAFE-B,pre_close_creation_but_later_update_or_no_snapshot
2026-07-31,22,1,12:16:00,2026-07-30T15:02:38.736703+00:00,2026-07-30T15:02:38.736703+00:00,2026-08-05T02:25:12.049329+00:00,,6,SAFE-B,pre_close_creation_but_later_update_or_no_snapshot
2026-07-31,22,2,12:41:00,2026-07-30T15:02:38.736703+00:00,2026-07-30T15:02:38.736703+00:00,2026-08-05T02:25:12.049329+00:00,,6,SAFE-B,pre_close_creation_but_later_update_or_no_snapshot
2026-07-31,22,3,13:12:00,2026-07-30T15:02:38.736703+00:00,2026-07-30T15:02:38.736703+00:00,2026-08-05T02:25:12.049329+00:00,,6,SAFE-B,pre_close_creation_but_later_update_or_no_snapshot
2026-07-31,22,4,13:54:00,2026-07-30T15:02:38.736703+00:00,2026-07-30T15:02:38.736703+00:00,2026-08-05T02:25:15.032959+00:00,,6,SAFE-B,pre_close_creation_but_later_update_or_no_snapshot
2026-07-31,22,5,14:22:00,2026-07-30T15:02:38.736703+00:00,2026-07-30T15:02:38.736703+00:00,2026-08-05T02:25:15.032959+00:00,,6,SAFE-B,pre_close_creation_but_later_update_or_no_snapshot
2026-07-31,22,6,14:52:00,2026-07-30T15:02:38.736703+00:00,2026-07-30T15:02:38.736703+00:00,2026-08-05T02:25:12.904011+00:00,,6,SAFE-B,pre_close_creation_but_later_update_or_no_snapshot
2026-07-31,22,7,15:17:00,2026-07-30T15:02:38.736703+00:00,2026-07-30T15:02:38.736703+00:00,2026-08-05T02:25:12.049329+00:00,,6,SAFE-B,pre_close_creation_but_later_update_or_no_snapshot
2026-07-31,22,8,15:45:00,2026-07-30T15:02:38.736703+00:00,2026-07-30T15:02:38.736703+00:00,2026-08-05T02:25:12.049329+00:00,,6,SAFE-B,pre_close_creation_but_later_update_or_no_snapshot
2026-07-31,22,9,16:20:00,2026-07-30T15:02:38.736703+00:00,2026-07-30T15:02:38.736703+00:00,2026-08-05T02:25:15.032959+00:00,,6,SAFE-B,pre_close_creation_but_later_update_or_no_snapshot
2026-07-31,22,10,16:55:00,2026-07-30T15:02:38.736703+00:00,2026-07-30T15:02:38.736703+00:00,2026-08-05T02:25:15.032959+00:00,,6,SAFE-B,pre_close_creation_but_later_update_or_no_snapshot
2026-07-31,22,11,17:28:00,2026-07-30T15:02:38.736703+00:00,2026-07-30T15:02:38.736703+00:00,2026-08-05T02:25:12.904011+00:00,,6,SAFE-B,pre_close_creation_but_later_update_or_no_snapshot
2026-07-31,22,12,18:03:00,2026-07-30T15:02:38.736703+00:00,2026-07-30T15:02:38.736703+00:00,2026-08-05T02:25:12.049329+00:00,,6,SAFE-B,pre_close_creation_but_later_update_or_no_snapshot
2026-07-31,23,1,08:39:00,2026-07-30T15:02:38.736703+00:00,2026-07-30T15:02:38.736703+00:00,2026-08-05T02:25:12.904011+00:00,,6,SAFE-B,pre_close_creation_but_later_update_or_no_snapshot
2026-07-31,23,2,09:05:00,2026-07-30T15:02:38.736703+00:00,2026-07-30T15:02:38.736703+00:00,2026-08-05T02:25:12.904011+00:00,,6,SAFE-B,pre_close_creation_but_later_update_or_no_snapshot
2026-07-31,23,3,09:31:00,2026-07-30T15:02:38.736703+00:00,2026-07-30T15:02:38.736703+00:00,2026-08-05T02:25:10.863747+00:00,,6,SAFE-B,pre_close_creation_but_later_update_or_no_snapshot
2026-07-31,23,4,09:57:00,2026-07-30T15:02:38.736703+00:00,2026-07-30T15:02:38.736703+00:00,2026-08-05T02:25:12.904011+00:00,,6,SAFE-B,pre_close_creation_but_later_update_or_no_snapshot
2026-07-31,23,5,10:23:00,2026-07-30T15:02:38.736703+00:00,2026-07-30T15:02:38.736703+00:00,2026-08-05T02:25:12.904011+00:00,,6,SAFE-B,pre_close_creation_but_later_update_or_no_snapshot
2026-07-31,23,6,10:52:00,2026-07-30T15:02:38.736703+00:00,2026-07-30T15:02:38.736703+00:00,2026-08-05T02:25:12.904011+00:00,,6,SAFE-B,pre_close_creation_but_later_update_or_no_snapshot
2026-07-31,23,7,11:23:00,2026-07-30T15:02:38.736703+00:00,2026-07-30T15:02:38.736703+00:00,2026-08-05T02:25:12.904011+00:00,,6,SAFE-B,pre_close_creation_but_later_update_or_no_snapshot
2026-07-31,23,8,11:53:00,2026-07-30T15:02:38.736703+00:00,2026-07-30T15:02:38.736703+00:00,2026-08-05T02:25:10.863747+00:00,,6,SAFE-B,pre_close_creation_but_later_update_or_no_snapshot
2026-07-31,23,9,12:24:00,2026-07-30T15:02:38.736703+00:00,2026-07-30T15:02:38.736703+00:00,2026-08-05T02:25:12.904011+00:00,,6,SAFE-B,pre_close_creation_but_later_update_or_no_snapshot
2026-07-31,23,10,12:56:00,2026-07-30T15:02:38.736703+00:00,2026-07-30T15:02:38.736703+00:00,2026-08-05T02:25:10.863747+00:00,,6,SAFE-B,pre_close_creation_but_later_update_or_no_snapshot
2026-07-31,23,11,13:31:00,2026-07-30T15:02:38.736703+00:00,2026-07-30T15:02:38.979746+00:00,2026-08-05T02:25:12.904011+00:00,,6,SAFE-B,pre_close_creation_but_later_update_or_no_snapshot
2026-07-31,23,12,14:06:00,2026-07-30T15:02:38.979746+00:00,2026-07-30T15:02:38.979746+00:00,2026-08-05T02:25:10.863747+00:00,,6,SAFE-B,pre_close_creation_but_later_update_or_no_snapshot
2026-07-31,24,1,15:19:00,2026-07-30T15:02:38.979746+00:00,2026-07-30T15:02:38.979746+00:00,2026-08-05T02:25:12.049329+00:00,,6,SAFE-B,pre_close_creation_but_later_update_or_no_snapshot
2026-07-31,24,2,15:55:00,2026-07-30T15:02:38.979746+00:00,2026-07-30T15:02:38.979746+00:00,2026-08-05T02:25:12.049329+00:00,,6,SAFE-B,pre_close_creation_but_later_update_or_no_snapshot
2026-07-31,24,3,16:28:00,2026-07-30T15:02:38.979746+00:00,2026-07-30T15:02:38.979746+00:00,2026-08-05T02:25:12.049329+00:00,,6,SAFE-B,pre_close_creation_but_later_update_or_no_snapshot
2026-07-31,24,4,17:10:00,2026-07-30T15:02:38.979746+00:00,2026-07-30T15:02:38.979746+00:00,2026-08-05T02:25:12.904011+00:00,,6,SAFE-B,pre_close_creation_but_later_update_or_no_snapshot
2026-07-31,24,5,17:35:00,2026-07-30T15:02:38.979746+00:00,2026-07-30T15:02:38.979746+00:00,2026-08-05T02:25:15.032959+00:00,,6,SAFE-B,pre_close_creation_but_later_update_or_no_snapshot
2026-07-31,24,6,18:00:00,2026-07-30T15:02:38.979746+00:00,2026-07-30T15:02:38.979746+00:00,2026-08-05T02:25:12.049329+00:00,,6,SAFE-B,pre_close_creation_but_later_update_or_no_snapshot
2026-07-31,24,7,18:25:00,2026-07-30T15:02:38.979746+00:00,2026-07-30T15:02:38.979746+00:00,2026-08-05T02:25:16.350955+00:00,,6,SAFE-B,pre_close_creation_but_later_update_or_no_snapshot
2026-07-31,24,8,18:51:00,2026-07-30T15:02:38.979746+00:00,2026-07-30T15:02:38.979746+00:00,2026-08-05T02:25:12.049329+00:00,,6,SAFE-B,pre_close_creation_but_later_update_or_no_snapshot
2026-07-31,24,9,19:17:00,2026-07-30T15:02:38.979746+00:00,2026-07-30T15:02:38.979746+00:00,2026-08-05T02:25:12.049329+00:00,,6,SAFE-B,pre_close_creation_but_later_update_or_no_snapshot
2026-07-31,24,10,19:43:00,2026-07-30T15:02:38.979746+00:00,2026-07-30T15:02:38.979746+00:00,2026-08-05T02:25:15.032959+00:00,,6,SAFE-B,pre_close_creation_but_later_update_or_no_snapshot
2026-07-31,24,11,20:09:00,2026-07-30T15:02:38.979746+00:00,2026-07-30T15:02:38.979746+00:00,2026-08-05T02:25:12.049329+00:00,,6,SAFE-B,pre_close_creation_but_later_update_or_no_snapshot
2026-07-31,24,12,20:38:00,2026-07-30T15:02:38.979746+00:00,2026-07-30T15:02:38.979746+00:00,2026-08-05T02:25:12.049329+00:00,,6,SAFE-B,pre_close_creation_but_later_update_or_no_snapshot
